Z_i,A channel V  [Msun^{-1}],A channel I  [Msun^{-1}],A channel II  [Msun^{-1}],A channel III  [Msun^{-1}],A channel IV  [Msun^{-1}],A channel VI  [Msun^{-1}],A channel VII  [Msun^{-1}],A All  [Msun^{-1}],B channel V  [Msun^{-1}],B channel I  [Msun^{-1}],B channel II  [Msun^{-1}],B channel III  [Msun^{-1}],B channel IV  [Msun^{-1}],B channel VI  [Msun^{-1}],B channel VII  [Msun^{-1}],B All  [Msun^{-1}],C channel V  [Msun^{-1}],C channel I  [Msun^{-1}],C channel II  [Msun^{-1}],C channel III  [Msun^{-1}],C channel IV  [Msun^{-1}],C channel VI  [Msun^{-1}],C channel VII  [Msun^{-1}],C All  [Msun^{-1}],D channel V  [Msun^{-1}],D channel I  [Msun^{-1}],D channel II  [Msun^{-1}],D channel III  [Msun^{-1}],D channel IV  [Msun^{-1}],D channel VI  [Msun^{-1}],D channel VII  [Msun^{-1}],D All  [Msun^{-1}],E channel V  [Msun^{-1}],E channel I  [Msun^{-1}],E channel II  [Msun^{-1}],E channel III  [Msun^{-1}],E channel IV  [Msun^{-1}],E channel VI  [Msun^{-1}],E channel VII  [Msun^{-1}],E All  [Msun^{-1}],F channel V  [Msun^{-1}],F channel I  [Msun^{-1}],F channel II  [Msun^{-1}],F channel III  [Msun^{-1}],F channel IV  [Msun^{-1}],F channel VI  [Msun^{-1}],F channel VII  [Msun^{-1}],F All  [Msun^{-1}],G channel V  [Msun^{-1}],G channel I  [Msun^{-1}],G channel II  [Msun^{-1}],G channel III  [Msun^{-1}],G channel IV  [Msun^{-1}],G channel VI  [Msun^{-1}],G channel VII  [Msun^{-1}],G All  [Msun^{-1}],H channel V  [Msun^{-1}],H channel I  [Msun^{-1}],H channel II  [Msun^{-1}],H channel III  [Msun^{-1}],H channel IV  [Msun^{-1}],H channel VI  [Msun^{-1}],H channel VII  [Msun^{-1}],H All  [Msun^{-1}],I channel V  [Msun^{-1}],I channel I  [Msun^{-1}],I channel II  [Msun^{-1}],I channel III  [Msun^{-1}],I channel IV  [Msun^{-1}],I channel VI  [Msun^{-1}],I channel VII  [Msun^{-1}],I All  [Msun^{-1}],J channel V  [Msun^{-1}],J channel I  [Msun^{-1}],J channel II  [Msun^{-1}],J channel III  [Msun^{-1}],J channel IV  [Msun^{-1}],J channel VI  [Msun^{-1}],J channel VII  [Msun^{-1}],J All  [Msun^{-1}],K channel V  [Msun^{-1}],K channel I  [Msun^{-1}],K channel II  [Msun^{-1}],K channel III  [Msun^{-1}],K channel IV  [Msun^{-1}],K channel VI  [Msun^{-1}],K channel VII  [Msun^{-1}],K All  [Msun^{-1}],L channel V  [Msun^{-1}],L channel I  [Msun^{-1}],L channel II  [Msun^{-1}],L channel III  [Msun^{-1}],L channel IV  [Msun^{-1}],L channel VI  [Msun^{-1}],L channel VII  [Msun^{-1}],L All  [Msun^{-1}],M channel V  [Msun^{-1}],M channel I  [Msun^{-1}],M channel II  [Msun^{-1}],M channel III  [Msun^{-1}],M channel IV  [Msun^{-1}],M channel VI  [Msun^{-1}],M channel VII  [Msun^{-1}],M All  [Msun^{-1}],N channel V  [Msun^{-1}],N channel I  [Msun^{-1}],N channel II  [Msun^{-1}],N channel III  [Msun^{-1}],N channel IV  [Msun^{-1}],N channel VI  [Msun^{-1}],N channel VII  [Msun^{-1}],N All  [Msun^{-1}],O channel V  [Msun^{-1}],O channel I  [Msun^{-1}],O channel II  [Msun^{-1}],O channel III  [Msun^{-1}],O channel IV  [Msun^{-1}],O channel VI  [Msun^{-1}],O channel VII  [Msun^{-1}],O All  [Msun^{-1}],P channel V  [Msun^{-1}],P channel I  [Msun^{-1}],P channel II  [Msun^{-1}],P channel III  [Msun^{-1}],P channel IV  [Msun^{-1}],P channel VI  [Msun^{-1}],P channel VII  [Msun^{-1}],P All  [Msun^{-1}],Q channel V  [Msun^{-1}],Q channel I  [Msun^{-1}],Q channel II  [Msun^{-1}],Q channel III  [Msun^{-1}],Q channel IV  [Msun^{-1}],Q channel VI  [Msun^{-1}],Q channel VII  [Msun^{-1}],Q All  [Msun^{-1}],R channel V  [Msun^{-1}],R channel I  [Msun^{-1}],R channel II  [Msun^{-1}],R channel III  [Msun^{-1}],R channel IV  [Msun^{-1}],R channel VI  [Msun^{-1}],R channel VII  [Msun^{-1}],R All  [Msun^{-1}],S channel V  [Msun^{-1}],S channel I  [Msun^{-1}],S channel II  [Msun^{-1}],S channel III  [Msun^{-1}],S channel IV  [Msun^{-1}],S channel VI  [Msun^{-1}],S channel VII  [Msun^{-1}],S All  [Msun^{-1}],T channel V  [Msun^{-1}],T channel I  [Msun^{-1}],T channel II  [Msun^{-1}],T channel III  [Msun^{-1}],T channel IV  [Msun^{-1}],T channel VI  [Msun^{-1}],T channel VII  [Msun^{-1}],T All  [Msun^{-1}],U channel V  [Msun^{-1}],U channel I  [Msun^{-1}],U channel II  [Msun^{-1}],U channel III  [Msun^{-1}],U channel IV  [Msun^{-1}],U channel VI  [Msun^{-1}],U channel VII  [Msun^{-1}],U All  [Msun^{-1}],V channel V  [Msun^{-1}],V channel I  [Msun^{-1}],V channel II  [Msun^{-1}],V channel III  [Msun^{-1}],V channel IV  [Msun^{-1}],V channel VI  [Msun^{-1}],V channel VII  [Msun^{-1}],V All  [Msun^{-1}],W channel V  [Msun^{-1}],W channel I  [Msun^{-1}],W channel II  [Msun^{-1}],W channel III  [Msun^{-1}],W channel IV  [Msun^{-1}],W channel VI  [Msun^{-1}],W channel VII  [Msun^{-1}],W All  [Msun^{-1}],X channel V  [Msun^{-1}],X channel I  [Msun^{-1}],X channel II  [Msun^{-1}],X channel III  [Msun^{-1}],X channel IV  [Msun^{-1}],X channel VI  [Msun^{-1}],X channel VII  [Msun^{-1}],X All  [Msun^{-1}],Y channel V  [Msun^{-1}],Y channel I  [Msun^{-1}],Y channel II  [Msun^{-1}],Y channel III  [Msun^{-1}],Y channel IV  [Msun^{-1}],Y channel VI  [Msun^{-1}],Y channel VII  [Msun^{-1}],Y All  [Msun^{-1}],Z channel V  [Msun^{-1}],Z channel I  [Msun^{-1}],Z channel II  [Msun^{-1}],Z channel III  [Msun^{-1}],Z channel IV  [Msun^{-1}],Z channel VI  [Msun^{-1}],Z channel VII  [Msun^{-1}],Z All  [Msun^{-1}]
0_0001,7.827803717901946e-09,0.0,0.0,0.0,2.138300424322595e-07,0.0,0.0,2.2165784615016145e-07,2.15083327855762e-08,9.332629466406893e-08,0.0,0.0,0.0,0.0,0.0,1.1483462744964513e-07,7.569535496823729e-09,0.0,0.0,0.0,0.0,0.0,0.0,7.569535496823729e-09,2.4594775702174025e-08,0.0,0.0,0.0,1.409143449569368e-07,0.0,0.0,1.655091206591108e-07,0.0,0.0,0.0,0.0,0.0,0.0,0.0,0.0,3.965806177609524e-08,0.0,0.0,0.0,1.1065210366135757e-07,0.0,0.0,1.503101654374528e-07,0.0,0.0,0.0,0.0,0.0,0.0,0.0,0.0,0.0,0.0,0.0,0.0,0.0,0.0,0.0,0.0,1.2592602534326457e-08,3.838534007632637e-07,0.0,1.0222878056830454e-07,4.1697366124993305e-06,0.0,0.0,4.668411396365225e-06,9.058828779949145e-08,4.377594994402954e-06,0.0,5.8459513331396274e-06,1.537847639543124e-05,0.0,5.305827986142505e-08,2.5745669290634743e-05,7.827803717901946e-09,0.0,0.0,0.0,2.138300424322595e-07,0.0,0.0,2.2165784615016145e-07,0.0,0.0,0.0,0.0,1.780855093858353e-07,0.0,0.0,1.780855093858353e-07,8.313179255477393e-09,9.287629875667053e-09,0.0,0.0,1.3455511358022028e-07,0.0,0.0,1.521559227113647e-07,1.0337657707908538e-08,0.0,0.0,0.0,1.8998419596181505e-07,0.0,0.0,2.0032185366972365e-07,8.33618421856637e-09,0.0,0.0,0.0,2.04302330782956e-07,0.0,0.0,2.1263851500152245e-07,1.706483436317665e-07,0.0,0.0,0.0,1.903347074466432e-07,0.0,0.0,3.609830510784097e-07,2.5276299549595145e-06,0.0,0.0,0.0,1.699560301258608e-07,0.0,0.0,2.6975859850853755e-06,8.164124297200086e-09,0.0,0.0,0.0,1.5472848386299837e-07,0.0,0.0,1.6289260816019842e-07,7.734436415799224e-09,0.0,0.0,0.0,1.52929509011314e-07,0.0,0.0,1.606639454271132e-07,7.98140013130815e-09,0.0,0.0,0.0,1.5479578945532344e-07,0.0,0.0,1.627771895866316e-07,0.0,0.0,0.0,0.0,0.0,0.0,0.0,0.0,0.0,0.0,0.0,0.0,0.0,0.0,0.0,0.0,0.0,0.0,0.0,0.0,0.0,0.0,0.0,0.0,0.0,0.0,0.0,0.0,0.0,0.0,0.0,0.0,0.0,0.0,0.0,0.0,0.0,0.0,0.0,0.0,0.0,0.0,0.0,0.0,0.0,0.0,0.0,0.0
0_00011,0.0,3.3432636754120675e-08,0.0,0.0,1.6973607803965729e-07,0.0,0.0,2.03168714793778e-07,0.0,1.5625746697293136e-07,0.0,0.0,0.0,0.0,0.0,1.5625746697293136e-07,5.730558769642255e-09,8.987292789058131e-09,0.0,0.0,0.0,0.0,0.0,1.4717851558700385e-08,0.0,0.0,0.0,0.0,2.0320785560547345e-07,0.0,0.0,2.0320785560547345e-07,0.0,0.0,0.0,0.0,0.0,0.0,0.0,0.0,0.0,8.319769295761096e-08,0.0,0.0,4.156951356974482e-08,0.0,0.0,1.247672065273558e-07,0.0,0.0,0.0,0.0,0.0,0.0,0.0,0.0,0.0,0.0,0.0,0.0,0.0,0.0,0.0,0.0,1.1706234193761309e-08,6.847178894016065e-07,0.0,1.5881873784236398e-07,4.464033727292508e-06,0.0,0.0,5.31927658873024e-06,9.123708432581916e-08,4.479967473402687e-06,0.0,4.940815856305244e-06,1.4402534275124429e-05,0.0,4.418448440403418e-08,2.3958739173562213e-05,0.0,3.3432636754120675e-08,0.0,0.0,1.6973607803965729e-07,0.0,0.0,2.03168714793778e-07,0.0,3.7830179384747044e-08,0.0,0.0,1.3566012156943177e-07,0.0,0.0,1.7349030095417889e-07,0.0,0.0,0.0,0.0,2.236177566350397e-07,0.0,0.0,2.236177566350397e-07,7.112421739509135e-09,3.33955907930655e-08,8.229212667756507e-09,0.0,2.156653863041292e-07,0.0,0.0,2.644026115044603e-07,2.25223034481213e-08,1.0253419892357222e-08,0.0,0.0,1.6646822898241254e-07,0.0,0.0,1.992439523228911e-07,1.2535356044653792e-07,2.14104225149005e-08,0.0,0.0,2.084360423100576e-07,0.0,0.0,3.55200025271496e-07,2.718164980263967e-06,6.758146290451678e-08,0.0,0.0,1.773716688352588e-07,0.0,0.0,2.9631181120037423e-06,1.2108774600932572e-08,5.210113222144464e-08,0.0,0.0,2.1219242076514618e-07,0.0,0.0,2.764023275875233e-07,0.0,4.164436326430588e-08,0.0,0.0,1.5160737796819858e-07,0.0,0.0,1.9325174123250448e-07,0.0,0.0,0.0,0.0,1.863914499959542e-07,0.0,0.0,1.863914499959542e-07,0.0,0.0,0.0,0.0,0.0,0.0,0.0,0.0,0.0,0.0,0.0,0.0,0.0,0.0,0.0,0.0,0.0,0.0,0.0,0.0,0.0,0.0,0.0,0.0,0.0,0.0,0.0,0.0,0.0,0.0,0.0,0.0,0.0,0.0,0.0,0.0,0.0,0.0,0.0,0.0,0.0,0.0,0.0,0.0,0.0,0.0,0.0,0.0
0_00012,0.0,3.6168836479119904e-08,0.0,0.0,1.970131165726975e-07,0.0,0.0,2.331819530518175e-07,2.22291274364956e-08,2.271990425995997e-07,0.0,0.0,0.0,0.0,0.0,2.494281700360952e-07,8.752596544792496e-09,5.109080553608143e-08,0.0,0.0,0.0,0.0,0.0,5.98434020808739e-08,4.200543484495475e-09,0.0,0.0,0.0,1.890715995591443e-07,0.0,0.0,1.9327214304363977e-07,0.0,0.0,0.0,0.0,0.0,0.0,0.0,0.0,0.0,8.405194607755704e-08,0.0,0.0,1.2608038685565696e-07,0.0,0.0,2.1013233293321405e-07,0.0,0.0,0.0,0.0,0.0,0.0,0.0,0.0,0.0,0.0,0.0,0.0,0.0,0.0,0.0,0.0,4.057467775020484e-08,7.5016532171336e-07,0.0,9.323572856401617e-08,4.770872908160943e-06,0.0,0.0,5.654848636188524e-06,7.395674075642496e-08,4.43509465554497e-06,0.0,4.119869143014283e-06,1.3800148271660796e-05,0.0,4.148477955614676e-08,2.2470553590532624e-05,0.0,3.6168836479119904e-08,0.0,0.0,1.970131165726975e-07,0.0,0.0,2.331819530518175e-07,0.0,8.14049998524345e-08,0.0,0.0,2.001235121735083e-07,0.0,0.0,2.815285120259428e-07,0.0,4.1953948212194455e-08,0.0,0.0,2.2288827762023882e-07,0.0,0.0,2.648422258324331e-07,0.0,5.5316130872188686e-08,0.0,0.0,1.8812803678295602e-07,0.0,0.0,2.434441676551446e-07,0.0,8.059469414299159e-08,0.0,0.0,2.140094375027369e-07,0.0,0.0,2.9460413164572853e-07,1.769494764557251e-07,6.30127273136504e-08,0.0,0.0,2.342280525447409e-07,0.0,0.0,4.741902563141163e-07,2.914830649189665e-06,1.9185570187369209e-07,0.0,0.0,2.03918903287944e-07,0.0,0.0,3.310605254351301e-06,0.0,7.916940521922851e-08,0.0,0.0,1.701968469381713e-07,0.0,0.0,2.493662521573998e-07,0.0,4.45883711818664e-08,0.0,0.0,2.4564689181938905e-07,0.0,0.0,2.902352630012555e-07,0.0,6.990283914775801e-08,0.0,0.0,1.997581068995447e-07,0.0,0.0,2.6966094604730265e-07,0.0,0.0,0.0,0.0,0.0,0.0,0.0,0.0,0.0,0.0,0.0,0.0,0.0,0.0,0.0,0.0,0.0,0.0,0.0,0.0,0.0,0.0,0.0,0.0,0.0,0.0,0.0,0.0,0.0,0.0,0.0,0.0,0.0,0.0,0.0,0.0,0.0,0.0,0.0,0.0,0.0,0.0,0.0,0.0,0.0,0.0,0.0,0.0
0_00014,0.0,7.208439697838051e-08,0.0,0.0,1.7850094295218194e-07,0.0,0.0,2.505853399305624e-07,4.5751045308323416e-08,3.365080876732707e-07,0.0,0.0,0.0,0.0,0.0,3.822591329815941e-07,5.026014149072449e-08,5.528335970033207e-08,0.0,0.0,0.0,0.0,0.0,1.055435011910566e-07,6.059928652792541e-09,0.0,0.0,0.0,2.523016549831766e-07,0.0,0.0,2.583615836359692e-07,0.0,0.0,0.0,0.0,0.0,0.0,0.0,0.0,0.0,1.3250033292312977e-07,0.0,0.0,1.766793376407497e-07,0.0,0.0,3.0917967056387946e-07,0.0,0.0,0.0,0.0,0.0,0.0,0.0,0.0,0.0,0.0,0.0,0.0,0.0,0.0,0.0,0.0,3.695262601852752e-08,9.79438022513408e-07,0.0,1.3457098713553104e-07,5.1697385017013175e-06,0.0,0.0,6.320700137368784e-06,7.40374117641687e-08,4.517807826878746e-06,0.0,3.394789097847239e-06,1.2661353468016215e-05,0.0,1.154810589265e-08,2.065953591039902e-05,0.0,7.208439697838051e-08,0.0,0.0,1.7850094295218194e-07,0.0,0.0,2.505853399305624e-07,0.0,5.1578080825872456e-08,0.0,0.0,1.368549705709714e-07,0.0,0.0,1.8843305139684386e-07,9.536677819377905e-09,5.307497463830517e-08,0.0,0.0,2.314210210932916e-07,0.0,0.0,2.940326735509746e-07,0.0,6.140003320290597e-08,6.5819886690203675e-09,0.0,2.265385189565001e-07,0.0,0.0,2.945205408284264e-07,1.403035156978982e-08,4.71263814684348e-08,0.0,0.0,2.1309302234670217e-07,0.0,0.0,2.742497553849268e-07,2.569812589551498e-07,1.5608237084926596e-07,0.0,0.0,2.6359860702974524e-07,0.0,0.0,6.766622368341609e-07,2.9665919769545856e-06,3.920453324214421e-07,0.0,0.0,2.823952744161312e-07,0.0,0.0,3.6410325837921584e-06,0.0,1.0460410527582037e-07,0.0,0.0,2.1840414670142266e-07,0.0,0.0,3.2300825197724297e-07,0.0,6.527136889849263e-08,0.0,0.0,2.129632931713668e-07,0.0,0.0,2.7823466206985935e-07,0.0,8.442090504131146e-08,0.0,0.0,2.161724611790053e-07,0.0,0.0,3.0059336622031676e-07,0.0,0.0,0.0,0.0,0.0,0.0,0.0,0.0,0.0,0.0,0.0,0.0,0.0,0.0,0.0,0.0,0.0,0.0,0.0,0.0,0.0,0.0,0.0,0.0,0.0,0.0,0.0,0.0,0.0,0.0,0.0,0.0,0.0,0.0,0.0,0.0,0.0,0.0,0.0,0.0,0.0,0.0,0.0,0.0,0.0,0.0,0.0,0.0
0_00016,1.534328339248831e-08,1.292963632556943e-07,0.0,0.0,2.799704184455707e-07,0.0,0.0,4.246100650937533e-07,4.6828364563189465e-08,3.359272098800327e-07,0.0,0.0,0.0,0.0,0.0,3.827555744432221e-07,7.639466562441582e-08,8.361830062424666e-08,0.0,0.0,0.0,0.0,0.0,1.600129662486624e-07,1.2226084228582689e-08,2.4620051282748642e-08,0.0,0.0,2.460491184759493e-07,0.0,0.0,2.828952539872806e-07,0.0,0.0,0.0,0.0,0.0,0.0,0.0,0.0,4.238360014476626e-08,1.271498150367727e-07,0.0,0.0,2.543104179530608e-07,0.0,0.0,4.238438331345998e-07,0.0,0.0,0.0,0.0,0.0,0.0,0.0,0.0,0.0,0.0,0.0,0.0,0.0,0.0,0.0,0.0,7.84478167330697e-08,1.3426416675248385e-06,0.0,1.434463672654113e-07,5.171944061249367e-06,0.0,0.0,6.736479912772686e-06,6.720947487826206e-08,4.2260631038120265e-06,0.0,2.7730632349844187e-06,1.1848740330164662e-05,0.0,1.9967965736887373e-08,1.8935044109576256e-05,1.534328339248831e-08,1.292963632556943e-07,0.0,0.0,2.799704184455707e-07,0.0,0.0,4.246100650937533e-07,9.798676759353354e-09,1.683730325380959e-07,0.0,0.0,1.615652615340881e-07,0.0,0.0,3.397369708315373e-07,0.0,1.7089570611783845e-07,0.0,0.0,2.0707536368497645e-07,0.0,0.0,3.779710698028149e-07,1.5343551469541608e-08,1.2929843220452505e-07,5.1708951498784955e-09,0.0,2.933226949311582e-07,0.0,0.0,4.431355737551033e-07,9.835600179727904e-09,9.4885120068737e-08,0.0,0.0,1.849612269774241e-07,0.0,0.0,2.896819472258891e-07,2.771856969723122e-07,1.7101529518379226e-07,0.0,0.0,2.955539760358908e-07,0.0,0.0,7.43754968191995e-07,3.0601413280914344e-06,6.289275234107368e-07,0.0,0.0,2.628789206161867e-07,0.0,0.0,3.951947772118358e-06,1.6873588078781393e-08,1.0060361059006889e-07,0.0,0.0,2.296625757365414e-07,0.0,0.0,3.471397744053917e-07,9.566722995138405e-09,1.3623353625225246e-07,0.0,0.0,1.916970136409767e-07,0.0,0.0,3.374972728883676e-07,9.641053626923816e-09,4.309618961135344e-08,0.0,0.0,2.223148564554221e-07,0.0,0.0,2.750520996936993e-07,0.0,0.0,0.0,0.0,0.0,0.0,0.0,0.0,0.0,0.0,0.0,0.0,0.0,0.0,0.0,0.0,0.0,0.0,0.0,0.0,0.0,0.0,0.0,0.0,0.0,0.0,0.0,0.0,0.0,0.0,0.0,0.0,0.0,0.0,0.0,0.0,0.0,0.0,0.0,0.0,0.0,0.0,0.0,0.0,0.0,0.0,0.0,0.0
0_00017,9.272818429780656e-09,6.90075431378391e-08,0.0,0.0,2.131723770908336e-07,0.0,0.0,2.914527386584534e-07,2.890286089759129e-08,4.246766359998221e-07,0.0,0.0,0.0,0.0,0.0,4.535794968974133e-07,9.869930758985477e-08,9.350959612154825e-08,0.0,0.0,0.0,0.0,0.0,1.9220890371140306e-07,3.884450294857648e-08,0.0,0.0,0.0,2.4311570250592933e-07,0.0,0.0,2.819602054545059e-07,0.0,0.0,0.0,0.0,0.0,0.0,0.0,0.0,4.402269587328185e-08,4.401830994479643e-08,0.0,0.0,5.4223356399035735e-08,0.0,0.0,1.42264362217114e-07,0.0,0.0,0.0,0.0,0.0,0.0,0.0,0.0,0.0,0.0,0.0,0.0,0.0,0.0,0.0,0.0,5.6166772044246416e-08,1.1075539729645756e-06,0.0,4.053565748962687e-08,5.317405027187996e-06,0.0,0.0,6.521661429686444e-06,7.782130017623311e-08,4.080712764509817e-06,0.0,2.4924883703463253e-06,1.1659118740242177e-05,0.0,2.991335673534113e-08,1.8340054532009893e-05,9.272818429780656e-09,6.90075431378391e-08,0.0,0.0,2.131723770908336e-07,0.0,0.0,2.914527386584534e-07,2.2732710946430298e-08,9.886871955765398e-08,0.0,0.0,1.4346714104886065e-07,0.0,0.0,2.650685715529449e-07,8.169498889019533e-09,1.4739563733164578e-07,0.0,0.0,1.7364712138222537e-07,0.0,0.0,3.292122576028907e-07,9.270830423331808e-09,6.899196228003094e-08,8.336728787588891e-09,0.0,2.2727557809545305e-07,0.0,0.0,3.138750995864047e-07,9.502629252478418e-09,3.5088520634937846e-08,0.0,0.0,1.5658464760352578e-07,0.0,0.0,2.011757974909421e-07,6.589934428696795e-08,2.315753828982533e-07,0.0,0.0,2.3078955897178386e-07,0.0,0.0,5.282642861570051e-07,3.1789929658933624e-06,7.527180820423312e-07,0.0,0.0,2.2901796891521442e-07,0.0,0.0,4.160729016850907e-06,1.0164240417795413e-08,7.687378732825e-08,0.0,0.0,1.338533766770058e-07,0.0,0.0,2.208914044230512e-07,9.185371299398665e-09,1.0362687737953733e-07,0.0,0.0,1.917324898351049e-07,0.0,0.0,3.045447385140409e-07,9.417028274433576e-09,0.0,0.0,0.0,1.2891273483655136e-07,0.0,0.0,1.3832976311098494e-07,0.0,0.0,0.0,0.0,0.0,0.0,0.0,0.0,0.0,0.0,0.0,0.0,0.0,0.0,0.0,0.0,0.0,0.0,0.0,0.0,0.0,0.0,0.0,0.0,0.0,0.0,0.0,0.0,0.0,0.0,0.0,0.0,0.0,0.0,0.0,0.0,0.0,0.0,0.0,0.0,0.0,0.0,0.0,0.0,0.0,0.0,0.0,0.0
0_00019,1.5381302450550186e-08,2.403103299046548e-07,0.0,0.0,2.418416337596739e-07,0.0,0.0,4.975332661148788e-07,2.425016320655181e-08,4.741743207428121e-07,0.0,0.0,0.0,0.0,0.0,4.984244839493639e-07,9.187474491008577e-08,2.0906622709603e-07,0.0,0.0,0.0,0.0,0.0,3.0094097200611576e-07,8.656115325337638e-09,0.0,0.0,0.0,1.973501500841005e-07,0.0,0.0,2.060062654094381e-07,0.0,0.0,0.0,0.0,0.0,0.0,0.0,0.0,0.0,2.606235450044092e-07,0.0,0.0,5.011377555765047e-08,0.0,0.0,3.107373205620596e-07,0.0,1.854170164497965e-08,0.0,0.0,0.0,0.0,0.0,1.854170164497965e-08,0.0,0.0,0.0,0.0,0.0,0.0,0.0,0.0,8.73768477339928e-08,1.3530616425784282e-06,0.0,8.940366627521248e-08,5.4812793152109256e-06,0.0,0.0,7.011121471798558e-06,7.391761065482287e-08,3.936591812730311e-06,0.0,2.0706960092171803e-06,1.0835814780461288e-05,0.0,3.709221523422496e-08,1.6954112428297826e-05,1.5381302450550186e-08,2.403103299046548e-07,0.0,0.0,2.418416337596739e-07,0.0,0.0,4.975332661148788e-07,0.0,1.906245055199389e-07,0.0,0.0,1.39657661922403e-07,0.0,0.0,3.302821674423418e-07,2.6054492864967164e-08,2.3624492752502218e-07,0.0,0.0,2.3229689808082413e-07,0.0,0.0,4.945963184708135e-07,3.890711313576353e-08,2.401858859254272e-07,2.1610778804628727e-08,0.0,2.5534407851690655e-07,0.0,0.0,5.560478563827259e-07,0.0,2.5571475356871564e-07,0.0,0.0,2.014777675378587e-07,0.0,0.0,4.571925211065745e-07,1.463573394792027e-07,3.706487835700339e-07,0.0,0.0,2.798291160567309e-07,0.0,0.0,7.968352391059675e-07,2.9523030891088177e-06,8.906733070871668e-07,0.0,0.0,2.628538752072597e-07,0.0,0.0,4.105830271403244e-06,0.0,1.632667610200089e-07,0.0,0.0,2.339352169249178e-07,0.0,0.0,3.9720197794492667e-07,0.0,2.196914827630538e-07,0.0,0.0,1.7381531084193628e-07,0.0,0.0,3.9350679360499e-07,0.0,2.517673285147677e-07,0.0,0.0,2.4210621672599085e-07,0.0,0.0,4.938735452407586e-07,0.0,0.0,0.0,0.0,0.0,0.0,0.0,0.0,0.0,0.0,0.0,0.0,0.0,0.0,0.0,0.0,0.0,0.0,0.0,0.0,0.0,0.0,0.0,0.0,0.0,0.0,0.0,0.0,0.0,0.0,0.0,0.0,0.0,0.0,0.0,0.0,0.0,0.0,0.0,0.0,0.0,0.0,0.0,0.0,0.0,0.0,0.0,0.0
0_00022,0.0,3.940136416478195e-07,0.0,0.0,2.459679829914968e-07,0.0,0.0,6.399816246393163e-07,2.553357865606197e-08,8.852052451859754e-07,0.0,0.0,0.0,0.0,0.0,9.107388238420372e-07,5.954139860775688e-08,3.463624950767919e-07,0.0,0.0,0.0,0.0,0.0,4.059038936845488e-07,3.074060464384995e-08,1.97929606397116e-08,0.0,0.0,2.8187960049017644e-07,0.0,0.0,3.324131657737381e-07,0.0,0.0,0.0,0.0,0.0,0.0,0.0,0.0,8.60334489357791e-08,7.31625380204086e-07,0.0,0.0,3.012537521624421e-07,0.0,0.0,1.1189125813023071e-06,0.0,7.433669065170716e-08,0.0,0.0,0.0,0.0,0.0,7.433669065170716e-08,7.468126452884811e-09,1.751980751380057e-07,0.0,0.0,8.391019719269983e-09,0.0,0.0,1.9105722131016049e-07,9.901655284155024e-08,1.9481173415734343e-06,0.0,1.2912531258870328e-07,6.1516830668721e-06,0.0,0.0,8.32794227387579e-06,8.085270596636986e-08,3.79890928202473e-06,0.0,1.6548299228438046e-06,9.978580561560838e-06,0.0,3.5058635993844684e-08,1.5548231108389588e-05,0.0,3.940136416478195e-07,0.0,0.0,2.459679829914968e-07,0.0,0.0,6.399816246393163e-07,7.620258194162448e-09,3.926324760207321e-07,0.0,0.0,2.026239123374751e-07,0.0,0.0,6.028766465523696e-07,6.51336151048602e-09,2.211676592073469e-07,0.0,0.0,2.4851264873466054e-07,0.0,0.0,4.761936694524936e-07,7.273682766443135e-09,3.8759050167913123e-07,2.5454380989891105e-08,0.0,2.781281798283046e-07,0.0,0.0,6.984467452637701e-07,0.0,5.018918822858927e-07,0.0,0.0,2.769824528214288e-07,0.0,0.0,7.788743351073213e-07,1.1586486958380961e-07,5.464064073072719e-07,0.0,0.0,3.875035071623849e-07,0.0,0.0,1.0497747840534663e-06,2.9128737587968577e-06,1.5194842441640248e-06,0.0,0.0,3.843564290949816e-07,0.0,0.0,4.816714432055865e-06,0.0,4.212875941042689e-07,0.0,0.0,2.850584509014529e-07,0.0,0.0,7.063460450057218e-07,0.0,4.529876349966961e-07,0.0,0.0,2.73757474296572e-07,0.0,0.0,7.267451092932679e-07,7.368166913263232e-09,3.2476304996201725e-07,0.0,0.0,2.471642698997109e-07,0.0,0.0,5.792954867749915e-07,0.0,0.0,0.0,0.0,0.0,0.0,0.0,0.0,0.0,0.0,0.0,0.0,0.0,0.0,0.0,0.0,0.0,0.0,0.0,0.0,0.0,0.0,0.0,0.0,0.0,0.0,0.0,0.0,0.0,0.0,0.0,0.0,0.0,0.0,0.0,0.0,0.0,0.0,0.0,0.0,0.0,0.0,0.0,0.0,0.0,0.0,0.0,0.0
0_00024,2.1075571745264525e-08,6.268213004183474e-07,0.0,0.0,2.905407296808145e-07,0.0,0.0,9.384376018444264e-07,6.579829381424366e-08,1.3474332459159147e-06,0.0,0.0,0.0,0.0,0.0,1.4132315397301583e-06,1.1178347101463448e-07,3.964541304504837e-07,0.0,0.0,0.0,0.0,0.0,5.082376014651183e-07,1.303719397504013e-07,8.921616691338358e-08,0.0,0.0,3.662850424574697e-07,0.0,0.0,5.858731491212545e-07,0.0,1.0070915654610389e-08,0.0,0.0,2.035309955104426e-08,0.0,0.0,3.0424015205654646e-08,8.794737997759092e-08,8.026829285245647e-07,0.0,0.0,1.522333628346506e-07,0.0,0.0,1.0428636713368066e-06,0.0,3.129649843861732e-07,0.0,0.0,0.0,0.0,0.0,3.129649843861732e-07,0.0,3.765338474829123e-07,0.0,0.0,0.0,0.0,0.0,3.765338474829123e-07,8.91534091310693e-08,2.238268870852343e-06,0.0,1.4925438878334517e-07,6.638679605292576e-06,0.0,0.0,9.115356274059337e-06,1.0812081048322097e-07,3.7241966630802057e-06,0.0,1.35328775884935e-06,9.261512855560323e-06,0.0,7.937522071598588e-09,1.4455055610044704e-05,2.1075571745264525e-08,6.268213004183474e-07,0.0,0.0,2.905407296808145e-07,0.0,0.0,9.384376018444264e-07,2.552313012230269e-08,5.876547592552333e-07,0.0,0.0,2.850307638503588e-07,0.0,0.0,8.982086532278948e-07,0.0,5.817141697553213e-07,0.0,0.0,3.714985788250968e-07,0.0,0.0,9.532127485804182e-07,2.8860463148065568e-08,6.261336639724099e-07,1.7287153368972962e-08,0.0,3.3177981992484865e-07,0.0,0.0,1.0040611004142971e-06,1.7106819680436182e-08,5.937725990288317e-07,0.0,0.0,3.2099908965350705e-07,0.0,0.0,9.31878508362775e-07,1.0251149997882036e-07,7.521711781387688e-07,0.0,0.0,4.680131030967681e-07,0.0,0.0,1.3226957812143573e-06,2.858476731537678e-06,2.010635987444173e-06,0.0,0.0,4.247879144582459e-07,0.0,0.0,5.2939006334400975e-06,1.860121569865673e-08,6.111812494673002e-07,0.0,0.0,3.5447652232423454e-07,0.0,0.0,9.842589874901916e-07,6.12937745145826e-08,5.72046045886499e-07,0.0,0.0,2.805296503512459e-07,0.0,0.0,9.138694707523272e-07,3.4877402253337176e-08,6.204201841393701e-07,0.0,0.0,3.291476668331347e-07,0.0,0.0,9.844452532258418e-07,0.0,0.0,0.0,0.0,0.0,0.0,0.0,0.0,0.0,0.0,0.0,0.0,0.0,0.0,0.0,0.0,0.0,0.0,0.0,0.0,0.0,0.0,0.0,0.0,0.0,0.0,0.0,0.0,0.0,0.0,0.0,0.0,0.0,0.0,0.0,0.0,0.0,0.0,0.0,0.0,0.0,0.0,0.0,0.0,0.0,0.0,0.0,0.0
0_00027,1.8015450258392057e-08,9.9917849144155e-07,0.0,0.0,3.538467582833401e-07,0.0,0.0,1.371040699983282e-06,2.7937688737757546e-08,1.8760194256089165e-06,0.0,0.0,0.0,0.0,0.0,1.903957114346674e-06,5.661758180186132e-08,5.480374000689421e-07,0.0,0.0,0.0,0.0,0.0,6.046549818708034e-07,6.248032707046608e-08,8.331030492044922e-08,0.0,0.0,4.372303510556674e-07,0.0,0.0,5.830209830465826e-07,0.0,0.0,0.0,0.0,0.0,0.0,0.0,0.0,0.0,1.1241827099372011e-06,0.0,0.0,2.914438245275258e-07,0.0,0.0,1.4156265344647267e-06,0.0,8.451795157091419e-07,0.0,0.0,0.0,0.0,0.0,8.451795157091419e-07,0.0,5.692385189159913e-07,0.0,0.0,0.0,0.0,0.0,5.692385189159913e-07,4.0488037458099975e-08,2.852903131844421e-06,0.0,2.088220440385032e-07,7.59539928034774e-06,0.0,0.0,1.0697612493688762e-05,1.0897246158549105e-07,3.920499086472325e-06,0.0,1.317491577623494e-06,8.779974961937442e-06,0.0,2.4312007042845883e-08,1.4151250094661596e-05,1.8015450258392057e-08,9.9917849144155e-07,0.0,0.0,3.538467582833401e-07,0.0,0.0,1.371040699983282e-06,2.6420533607052614e-08,1.01016353829441e-06,0.0,0.0,3.718932246643504e-07,0.0,0.0,1.4084772965658129e-06,3.4163628706087136e-08,9.699861086241185e-07,0.0,0.0,3.4005413563672525e-07,0.0,0.0,1.3442038729669307e-06,1.5243169621248636e-08,9.774298841184228e-07,0.0,0.0,4.193522736203694e-07,0.0,0.0,1.412025327360041e-06,2.7215797569009985e-08,8.982038322247896e-07,0.0,0.0,4.60025342347713e-07,0.0,0.0,1.3854449721415127e-06,1.9632095269829985e-07,1.2669653444982885e-06,0.0,0.0,5.72012806656502e-07,0.0,0.0,2.0352991038530906e-06,2.904972567768088e-06,2.428467121425153e-06,0.0,0.0,4.840004766871856e-07,0.0,0.0,5.817440165880427e-06,4.158731861363012e-08,8.07995366878453e-07,0.0,0.0,4.413596429326172e-07,0.0,0.0,1.2909423284247002e-06,3.621123168384167e-08,9.549622730948673e-07,0.0,0.0,4.478205559038358e-07,0.0,0.0,1.4389940606825448e-06,4.728292397782896e-08,9.332081627502322e-07,0.0,0.0,4.251544497148746e-07,0.0,0.0,1.4056455364429355e-06,0.0,0.0,0.0,0.0,0.0,0.0,0.0,0.0,0.0,0.0,0.0,0.0,0.0,0.0,0.0,0.0,0.0,0.0,0.0,0.0,0.0,0.0,0.0,0.0,0.0,0.0,0.0,0.0,0.0,0.0,0.0,0.0,0.0,0.0,0.0,0.0,0.0,0.0,0.0,0.0,0.0,0.0,0.0,0.0,0.0,0.0,0.0,0.0
0_0003,9.137638964797673e-09,1.0484504516840186e-06,0.0,0.0,6.179716065840294e-07,0.0,0.0,1.6755596972328457e-06,2.9071589381349574e-08,1.8633997614543164e-06,0.0,0.0,0.0,0.0,0.0,1.892471350835666e-06,4.4553209615727763e-08,8.748916411088475e-07,0.0,0.0,0.0,0.0,0.0,9.194448507245752e-07,5.7770517834489153e-08,3.576630157666208e-07,0.0,0.0,6.3972609042962e-07,0.0,0.0,1.05515962403073e-06,0.0,9.619364259769864e-09,0.0,0.0,0.0,0.0,0.0,9.619364259769864e-09,4.243586495808615e-08,1.4493153521645891e-06,0.0,0.0,3.578675046437647e-07,0.0,0.0,1.84961872176644e-06,0.0,1.3044076243446402e-06,0.0,0.0,0.0,0.0,0.0,1.3044076243446402e-06,2.8648630672885936e-08,5.281288381820511e-07,0.0,0.0,2.2157521613302912e-08,0.0,3.540463019564809e-09,5.824754534878047e-07,2.9025296515199424e-08,3.158847557517197e-06,0.0,3.528125415782106e-07,8.217581956130391e-06,0.0,0.0,1.1758267351740998e-05,1.0079719876503361e-07,3.831116742387664e-06,0.0,1.154821415214063e-06,8.30000421678465e-06,0.0,1.8813163429325323e-08,1.3405552736580736e-05,9.137638964797673e-09,1.0484504516840186e-06,0.0,0.0,6.179716065840294e-07,0.0,0.0,1.6755596972328457e-06,3.933634974599714e-08,1.0423371246070653e-06,0.0,0.0,5.084414415404589e-07,0.0,0.0,1.5901149158935211e-06,2.9357024928248763e-08,1.00756033754051e-06,0.0,0.0,5.516552828860349e-07,0.0,0.0,1.5885726453547938e-06,9.137582940226624e-09,1.04847085383281e-06,1.0376909296627972e-08,0.0,6.612837968331697e-07,0.0,0.0,1.7292691429028344e-06,9.192339416506981e-09,1.1071873783926435e-06,0.0,0.0,6.000834914050679e-07,0.0,0.0,1.7164632092142191e-06,8.680456310791454e-08,1.3202046690080131e-06,0.0,0.0,7.727286621507949e-07,0.0,0.0,2.1797378942667223e-06,2.375110962806711e-06,2.910830721446385e-06,0.0,0.0,7.307697961350079e-07,0.0,0.0,6.016711480388103e-06,1.503424269287556e-08,1.3061237985037402e-06,0.0,0.0,6.401893970790129e-07,0.0,0.0,1.961347438275629e-06,6.485340242794907e-08,1.1960495174453394e-06,0.0,0.0,5.695478325552447e-07,0.0,0.0,1.8304507524285328e-06,1.363517832362348e-08,1.1084002056146495e-06,0.0,0.0,6.812102838343963e-07,0.0,0.0,1.8032456677726689e-06,0.0,0.0,0.0,0.0,0.0,0.0,0.0,0.0,0.0,0.0,0.0,0.0,0.0,0.0,0.0,0.0,0.0,0.0,0.0,0.0,0.0,0.0,0.0,0.0,0.0,0.0,0.0,0.0,0.0,0.0,0.0,0.0,0.0,0.0,0.0,0.0,0.0,0.0,0.0,0.0,0.0,0.0,0.0,0.0,0.0,0.0,0.0,0.0
0_00034,0.0,1.1246232584303614e-06,0.0,0.0,7.075452246770286e-07,0.0,0.0,1.8321684831073893e-06,3.2651256681904544e-08,1.928915030624033e-06,0.0,0.0,0.0,0.0,0.0,1.961566287305937e-06,5.853206964260109e-08,8.164358520469779e-07,0.0,0.0,0.0,0.0,0.0,8.74967921689579e-07,9.223015523233493e-09,3.174046431063643e-07,0.0,0.0,8.200831624731357e-07,0.0,0.0,1.1467108211027334e-06,0.0,1.0042425894005396e-08,0.0,0.0,3.9561378587967805e-09,0.0,0.0,1.3998563752802178e-08,0.0,1.888041858488051e-06,0.0,0.0,2.321455032506247e-07,0.0,0.0,2.1201873617386752e-06,0.0,1.992835621949901e-06,0.0,0.0,0.0,0.0,0.0,1.992835621949901e-06,2.1193274818800162e-08,7.324920517779723e-07,0.0,0.0,9.972664882820589e-09,0.0,0.0,7.636579914795929e-07,3.0964783654120664e-08,3.0083739521939577e-06,0.0,4.1930138642843043e-07,8.84561410246564e-06,0.0,0.0,1.230425422474215e-05,1.0585256301912725e-07,3.781777813793771e-06,0.0,9.948099464069505e-07,7.744942419302511e-06,0.0,5.520793485470254e-09,1.263290353600783e-05,0.0,1.1246232584303614e-06,0.0,0.0,7.075452246770286e-07,0.0,0.0,1.8321684831073893e-06,1.5712913335303073e-08,1.159183333403348e-06,0.0,0.0,6.336488246889861e-07,0.0,0.0,1.8085450714276367e-06,2.907297274141713e-09,1.2349022771629005e-06,0.0,0.0,7.372537487839495e-07,0.0,0.0,1.975063323220992e-06,0.0,1.1246917633338475e-06,0.0,0.0,7.644582618546851e-07,0.0,0.0,1.8891500251885323e-06,0.0,1.2091171898451678e-06,0.0,0.0,7.607532181046997e-07,0.0,0.0,1.969870407949868e-06,9.551255166825417e-08,1.4781856672530035e-06,0.0,0.0,1.1154004160356889e-06,0.0,0.0,2.689098634956946e-06,2.1716509983859504e-06,3.028052309229303e-06,0.0,0.0,9.447642122747814e-07,0.0,0.0,6.144467519890035e-06,0.0,1.2396612502767015e-06,0.0,0.0,7.523831038849388e-07,0.0,0.0,1.99204435416164e-06,0.0,1.195597285185252e-06,0.0,0.0,7.27231543494819e-07,0.0,0.0,1.9228288286800705e-06,0.0,1.334371267387788e-06,0.0,0.0,7.134893565554658e-07,0.0,0.0,2.0478606239432537e-06,0.0,0.0,0.0,0.0,0.0,0.0,0.0,0.0,0.0,0.0,0.0,0.0,0.0,0.0,0.0,0.0,0.0,0.0,0.0,0.0,0.0,0.0,0.0,0.0,0.0,0.0,0.0,0.0,0.0,0.0,0.0,0.0,0.0,0.0,0.0,0.0,0.0,0.0,0.0,0.0,0.0,0.0,0.0,0.0,0.0,0.0,0.0,0.0
0_00037,8.491996095915883e-09,1.31803551621654e-06,0.0,0.0,8.278009687222479e-07,0.0,0.0,2.1543284810347035e-06,0.0,1.70934674951372e-06,0.0,0.0,0.0,0.0,0.0,1.70934674951372e-06,1.9780273297048052e-08,1.002513555147343e-06,0.0,0.0,0.0,0.0,0.0,1.022293828444391e-06,7.769492605556961e-09,4.154654054890432e-07,0.0,0.0,8.337686858271434e-07,0.0,0.0,1.2570035839217435e-06,0.0,4.1692685051665017e-08,0.0,0.0,0.0,0.0,0.0,4.1692685051665017e-08,4.167963331312524e-08,2.471856045658656e-06,0.0,0.0,2.478817737479296e-07,0.0,0.0,2.761417452719711e-06,0.0,2.3824425357886686e-06,0.0,0.0,0.0,0.0,0.0,2.3824425357886686e-06,2.824800638816959e-08,8.215197145722485e-07,0.0,0.0,5.184925905074192e-08,0.0,0.0,9.016169800111598e-07,2.653069363855843e-08,3.438312225918167e-06,0.0,4.208174691126685e-07,9.26431448999717e-06,0.0,0.0,1.3149974878666563e-05,9.782993932941849e-08,3.5075712711273524e-06,0.0,9.778714367785416e-07,7.388549343772271e-06,0.0,3.3623615614281294e-08,1.2005445606621864e-05,1.2444807464703252e-08,1.31803551621654e-06,0.0,0.0,8.278009687222479e-07,0.0,0.0,2.158281292403491e-06,0.0,1.2008806102844256e-06,0.0,0.0,6.283097007497133e-07,0.0,0.0,1.8291903110341387e-06,0.0,1.2065691599443374e-06,0.0,0.0,8.067095036742625e-07,0.0,0.0,2.0132786636186e-06,8.478022725978466e-09,1.3653584671652696e-06,1.897929442436328e-08,0.0,1.0102642483618868e-06,0.0,0.0,2.4030800326774984e-06,3.748021377068215e-08,1.3854100999724682e-06,0.0,0.0,8.725790138622407e-07,0.0,0.0,2.2954693276053902e-06,8.605098490990827e-08,1.6168178484288728e-06,0.0,0.0,1.0917040352883133e-06,0.0,0.0,2.7945728686270942e-06,1.755188877966166e-06,3.1552453228846795e-06,0.0,0.0,1.116535691374753e-06,0.0,0.0,6.0269698922255984e-06,0.0,1.254126982060345e-06,0.0,0.0,7.332853088736128e-07,0.0,0.0,1.9874122909339573e-06,8.409615473453118e-09,1.1235232257860269e-06,0.0,0.0,9.241745746227544e-07,0.0,0.0,2.056107415882234e-06,8.341508534365316e-09,1.3394816805762444e-06,0.0,0.0,9.602307318833574e-07,0.0,0.0,2.308053920993967e-06,0.0,0.0,0.0,0.0,0.0,0.0,0.0,0.0,0.0,0.0,0.0,0.0,0.0,0.0,0.0,0.0,0.0,0.0,0.0,0.0,0.0,0.0,0.0,0.0,0.0,0.0,0.0,0.0,0.0,0.0,0.0,0.0,0.0,0.0,0.0,0.0,0.0,0.0,0.0,0.0,0.0,0.0,0.0,0.0,0.0,0.0,0.0,0.0
0_00042,0.0,1.0663509626724464e-06,0.0,0.0,1.041106724594614e-06,0.0,0.0,2.1074576872670603e-06,4.337273996575125e-08,1.6259317089996526e-06,0.0,0.0,0.0,0.0,0.0,1.669304448965404e-06,5.2471641119138185e-08,1.1551931540970491e-06,0.0,0.0,0.0,0.0,0.0,1.2076647952161874e-06,2.8380662298499684e-08,6.230056081523118e-07,0.0,0.0,1.0412677140343549e-06,0.0,0.0,1.6926539844851666e-06,0.0,0.0,0.0,0.0,1.2478915479438664e-08,0.0,0.0,1.2478915479438664e-08,0.0,2.5950251171436747e-06,0.0,0.0,2.444041358668357e-07,0.0,0.0,2.8394292530105104e-06,0.0,3.0702747940819715e-06,0.0,0.0,5.813147236490936e-09,0.0,0.0,3.0760879413184622e-06,0.0,7.051870193888475e-07,0.0,0.0,3.1741912817414064e-08,0.0,0.0,7.369289322062614e-07,1.5224828596519787e-08,3.2611709413163924e-06,0.0,5.509876737970848e-07,9.771637544870883e-06,0.0,0.0,1.3599020988580882e-05,6.470195605842868e-08,3.649860598484101e-06,0.0,8.310005429813514e-07,7.072996269462066e-06,0.0,0.0,1.1618559366985947e-05,0.0,1.0663509626724464e-06,0.0,0.0,1.041106724594614e-06,0.0,0.0,2.1074576872670603e-06,0.0,1.0565098111359726e-06,0.0,0.0,8.027510578921438e-07,0.0,0.0,1.8592608690281164e-06,5.2876404712994635e-09,1.1079256744992177e-06,0.0,0.0,8.631867379199836e-07,0.0,0.0,1.976400052890501e-06,0.0,1.05927356925209e-06,0.0,0.0,1.082556020608613e-06,0.0,0.0,2.141829589860704e-06,0.0,1.1150645491302057e-06,0.0,0.0,1.022762444171993e-06,0.0,0.0,2.137826993302198e-06,2.5303679488173122e-08,1.3344511815019044e-06,0.0,0.0,1.3759551805349003e-06,0.0,0.0,2.7357100415249785e-06,1.444000698589864e-06,3.081754059984731e-06,0.0,0.0,1.2721391067986782e-06,0.0,0.0,5.797893865373273e-06,0.0,1.057078114467911e-06,0.0,0.0,9.095374374905808e-07,0.0,0.0,1.966615551958492e-06,4.863719294720592e-09,1.203008355112007e-06,0.0,0.0,1.047188982502212e-06,0.0,0.0,2.25506105690894e-06,0.0,1.2682512432369787e-06,0.0,0.0,1.0598620336075929e-06,0.0,0.0,2.3281132768445716e-06,0.0,0.0,0.0,0.0,0.0,0.0,0.0,0.0,0.0,0.0,0.0,0.0,0.0,0.0,0.0,0.0,0.0,0.0,0.0,0.0,0.0,0.0,0.0,0.0,0.0,0.0,0.0,0.0,0.0,0.0,0.0,0.0,0.0,0.0,0.0,0.0,0.0,0.0,0.0,0.0,0.0,0.0,0.0,0.0,0.0,0.0,0.0,0.0
0_00047,4.763244800243258e-09,1.0370077624249623e-06,0.0,0.0,1.0959031933603583e-06,0.0,0.0,2.137674200585564e-06,5.5396045852031626e-08,1.5115536153024658e-06,0.0,0.0,0.0,0.0,0.0,1.5669496611544976e-06,1.1767606167595249e-07,1.1244173574527537e-06,0.0,0.0,0.0,0.0,0.0,1.242093419128706e-06,1.0972955724957845e-07,5.219837037572088e-07,0.0,0.0,1.2089359669822605e-06,0.0,0.0,1.8406492279890475e-06,0.0,4.0719321855044015e-08,0.0,0.0,2.3934048679574017e-08,0.0,0.0,6.465337053461802e-08,4.3698915183580543e-08,2.349288972783044e-06,0.0,0.0,2.9993920989376694e-07,0.0,0.0,2.6929270978603915e-06,0.0,3.516229932076262e-06,0.0,0.0,0.0,0.0,0.0,3.516229932076262e-06,1.1457392950978068e-08,7.827376578672293e-07,0.0,0.0,1.0626089828885336e-07,0.0,0.0,9.00455949107061e-07,8.098604366563085e-08,2.9557208365371177e-06,0.0,6.036912201680563e-07,1.0247359764386203e-05,0.0,0.0,1.3887757864757012e-05,7.13762206557372e-08,3.6391785059229136e-06,0.0,7.648316381948885e-07,6.598904220859152e-06,0.0,1.0435856782464708e-08,1.1084726442415154e-05,8.829311155181393e-09,1.0370077624249623e-06,0.0,0.0,1.0959031933603583e-06,0.0,0.0,2.141740266940502e-06,2.4753499519047533e-08,8.457891092086016e-07,0.0,0.0,8.888988459704044e-07,0.0,0.0,1.759441454698053e-06,9.351883069041578e-09,8.282959458918811e-07,0.0,0.0,9.378277208457388e-07,0.0,0.0,1.7754755498066616e-06,4.7625817927341225e-09,9.602004884856809e-07,2.7246159540906312e-08,0.0,1.1977527759760927e-06,0.0,0.0,2.1899620057954143e-06,1.969271393819948e-08,1.1060984676324271e-06,0.0,0.0,1.1044959958101965e-06,0.0,0.0,2.230287177380823e-06,1.0403005980649653e-07,1.2641793101031464e-06,0.0,0.0,1.5141896241209706e-06,0.0,0.0,2.8823989940306136e-06,1.3566620457754457e-06,2.5507607688638683e-06,0.0,0.0,1.42861906162064e-06,0.0,0.0,5.336041876259954e-06,2.1099553868207772e-08,1.0151345590067624e-06,0.0,0.0,1.162136872741799e-06,0.0,0.0,2.198370985616769e-06,2.3555994459113745e-08,1.0833618440358606e-06,0.0,0.0,1.153121945210543e-06,0.0,0.0,2.260039783705517e-06,4.057383870628746e-08,1.0104301267198424e-06,0.0,0.0,1.140874228008455e-06,0.0,0.0,2.1918781934345848e-06,0.0,0.0,0.0,0.0,0.0,0.0,0.0,0.0,0.0,0.0,0.0,0.0,0.0,0.0,0.0,0.0,0.0,0.0,0.0,0.0,0.0,0.0,0.0,0.0,0.0,0.0,0.0,0.0,0.0,0.0,0.0,0.0,0.0,0.0,0.0,0.0,0.0,0.0,0.0,0.0,0.0,0.0,0.0,0.0,0.0,0.0,0.0,0.0
0_00052,4.34089023389687e-09,9.662146710952829e-07,0.0,0.0,1.2247408442868209e-06,0.0,0.0,2.1952964056160004e-06,9.370097160565085e-08,1.4263398098746967e-06,0.0,0.0,0.0,0.0,0.0,1.5200407814803476e-06,0.0,1.0720357769871744e-06,0.0,0.0,0.0,0.0,0.0,1.0720357769871744e-06,0.0,6.026331067477602e-07,0.0,0.0,1.1475380778942489e-06,0.0,0.0,1.750171184642009e-06,0.0,1.0137280439090236e-08,0.0,0.0,0.0,0.0,0.0,1.0137280439090236e-08,0.0,2.3544864460631093e-06,0.0,0.0,5.72058751254569e-07,0.0,0.0,2.9265451973176782e-06,5.7770512631880615e-09,3.86960376371067e-06,0.0,0.0,0.0,0.0,0.0,3.875380814973857e-06,0.0,7.857149171339385e-07,0.0,0.0,1.3726344871912013e-07,0.0,0.0,9.229783658530588e-07,6.851160035256467e-08,2.9321791904865685e-06,0.0,6.315930973399149e-07,1.0460881023544095e-05,0.0,0.0,1.4093164911723145e-05,7.441088182709381e-08,3.5729815866996063e-06,0.0,7.754168985214499e-07,6.277086061670034e-06,0.0,1.6607256360265125e-08,1.0716502685078447e-05,7.160872016932528e-09,9.662146710952829e-07,0.0,0.0,1.2247408442868209e-06,0.0,0.0,2.1981163873990364e-06,0.0,9.36425844619562e-07,0.0,0.0,8.999136198139859e-07,0.0,0.0,1.836339464433548e-06,2.807503362369036e-08,9.235045251232995e-07,0.0,0.0,9.91439673939334e-07,0.0,0.0,1.943019232686324e-06,0.0,9.83063004711405e-07,4.5533697289737415e-08,0.0,1.2168178759514531e-06,0.0,0.0,2.245414577952596e-06,4.356341954629032e-09,9.903595958494916e-07,0.0,0.0,1.2022017317638316e-06,0.0,0.0,2.196917669567952e-06,7.211526501922406e-08,1.166650435783125e-06,0.0,0.0,1.7262778508122413e-06,0.0,0.0,2.9650435516145903e-06,1.344633495792825e-06,2.1839983796940346e-06,0.0,0.0,1.639745594342117e-06,0.0,0.0,5.1683774698289774e-06,0.0,8.504901031728852e-07,0.0,3.361446633220777e-09,1.1407414301174526e-06,0.0,0.0,1.994592979923559e-06,0.0,8.628240917306706e-07,0.0,0.0,1.160535878663872e-06,0.0,6.3885570411806115e-09,2.029748527435724e-06,0.0,8.123356695867767e-07,0.0,0.0,1.22129975370458e-06,0.0,0.0,2.0336354232913575e-06,0.0,0.0,0.0,0.0,0.0,0.0,0.0,0.0,0.0,0.0,0.0,0.0,0.0,0.0,0.0,0.0,0.0,0.0,0.0,0.0,0.0,0.0,0.0,0.0,0.0,0.0,0.0,0.0,0.0,0.0,0.0,0.0,0.0,0.0,0.0,0.0,0.0,0.0,0.0,0.0,0.0,0.0,0.0,0.0,0.0,0.0,0.0,0.0
0_00058,4.706424743832945e-08,7.702346885431555e-07,0.0,0.0,1.2268213528261523e-06,0.0,0.0,2.0441202888076374e-06,1.225998078137103e-07,1.1369893168314646e-06,0.0,0.0,0.0,0.0,0.0,1.2595891246451747e-06,7.001768610192772e-08,1.2572602232171937e-06,0.0,0.0,0.0,0.0,0.0,1.3272779093191214e-06,1.0377446391935333e-07,3.470713685000513e-07,0.0,0.0,1.236387845069178e-06,0.0,0.0,1.6872336774885828e-06,0.0,8.561132410468682e-08,0.0,0.0,5.225255634290474e-09,0.0,0.0,9.083657973897733e-08,0.0,1.974992267673703e-06,0.0,0.0,2.6111566780377577e-07,0.0,0.0,2.236107935477478e-06,0.0,4.153670586850682e-06,0.0,0.0,0.0,0.0,0.0,4.153670586850682e-06,0.0,7.564923218187509e-07,0.0,0.0,1.0271575967211052e-07,0.0,0.0,8.592080814908615e-07,6.361117067887599e-08,2.7783261154526456e-06,0.0,6.681771964834906e-07,1.093015567096948e-05,0.0,0.0,1.4440270153584493e-05,6.409089411179858e-08,3.606888904386718e-06,0.0,4.991823581277678e-07,6.004183424644175e-06,0.0,1.6071791132320492e-08,1.019041737240278e-05,4.706424743832945e-08,7.702346885431555e-07,0.0,0.0,1.2268213528261523e-06,0.0,0.0,2.0441202888076374e-06,4.716148916820144e-08,6.352900589110366e-07,0.0,0.0,9.530866469320652e-07,0.0,0.0,1.635538195011303e-06,3.618598620539208e-08,6.757192753504372e-07,0.0,0.0,1.0316471489372614e-06,0.0,0.0,1.7435524104930908e-06,3.0461900295131736e-08,6.983201286469887e-07,2.3331873200028507e-08,0.0,1.3489471788910138e-06,0.0,0.0,2.101061081033163e-06,5.2368765954291954e-08,6.768912824936381e-07,0.0,0.0,1.2103719899470631e-06,0.0,0.0,1.939632038394993e-06,1.5480694346784006e-07,9.858722895114024e-07,0.0,0.0,1.748061858975298e-06,0.0,0.0,2.88874109195454e-06,1.2362873555483207e-06,1.948766555068015e-06,0.0,0.0,1.7131422755943229e-06,0.0,0.0,4.898196186210658e-06,5.520218473328524e-08,7.296755757569797e-07,0.0,0.0,1.2043070407312814e-06,0.0,0.0,1.9891848012215467e-06,4.8676093689150246e-08,8.881139201900063e-07,0.0,0.0,1.225148147579486e-06,0.0,0.0,2.1619381614586423e-06,2.3754186713783344e-08,6.640868562251869e-07,0.0,0.0,1.2699635627216643e-06,0.0,0.0,1.957804605660635e-06,0.0,0.0,0.0,0.0,0.0,0.0,0.0,0.0,0.0,0.0,0.0,0.0,0.0,0.0,0.0,0.0,0.0,0.0,0.0,0.0,0.0,0.0,0.0,0.0,0.0,0.0,0.0,0.0,0.0,0.0,0.0,0.0,0.0,0.0,0.0,0.0,0.0,0.0,0.0,0.0,0.0,0.0,0.0,0.0,0.0,0.0,0.0,0.0
0_00065,5.1237701582482574e-08,8.009171707552216e-07,0.0,0.0,1.2879639118731256e-06,0.0,0.0,2.14011878421083e-06,9.756281724705357e-08,1.1719205268713357e-06,0.0,0.0,0.0,0.0,0.0,1.2694833441183892e-06,7.247566170585416e-08,1.099777049200935e-06,0.0,0.0,0.0,0.0,0.0,1.172252710906789e-06,1.249774426029661e-07,5.808993075392655e-07,0.0,0.0,1.2565428472979492e-06,0.0,0.0,1.962419597440181e-06,0.0,7.048009143356978e-08,0.0,0.0,0.0,0.0,0.0,7.048009143356978e-08,0.0,1.860836927036287e-06,0.0,0.0,3.473889288520106e-07,0.0,0.0,2.208225855888297e-06,0.0,4.354691417062774e-06,0.0,0.0,1.853042901950056e-08,0.0,0.0,4.373221846082274e-06,0.0,5.800637964940709e-07,0.0,0.0,5.1751267476859486e-08,0.0,0.0,6.318150639709304e-07,6.499334553057197e-08,2.6912358704897537e-06,0.0,5.560493863858959e-07,1.08785451059128e-05,0.0,0.0,1.419082370831902e-05,6.818089941277473e-08,3.411005323212156e-06,0.0,5.240981617589975e-07,5.69012541965307e-06,0.0,9.868102439013744e-09,9.703277906476011e-06,5.1237701582482574e-08,8.009171707552216e-07,0.0,0.0,1.2894668921938952e-06,0.0,0.0,2.1416217645316e-06,7.512780022830243e-08,6.138574181691033e-07,0.0,0.0,1.0185333244804452e-06,0.0,0.0,1.7075185428778513e-06,3.8191303953090354e-08,5.849050746827701e-07,0.0,0.0,1.0365111032110746e-06,0.0,0.0,1.6596074818469348e-06,4.40380336085978e-08,6.965684228746174e-07,0.0,0.0,1.386023385977809e-06,0.0,0.0,2.126629842461024e-06,3.561489380950204e-08,6.880996458114801e-07,0.0,0.0,1.2769218485243154e-06,0.0,0.0,2.0006363881452977e-06,1.24426982164575e-07,9.319128906538812e-07,0.0,0.0,1.812991685590818e-06,0.0,0.0,2.869331558409274e-06,1.2109624639610089e-06,1.907958058834021e-06,0.0,0.0,1.830839250640856e-06,0.0,0.0,4.949759773435886e-06,5.628556238784447e-08,6.910118787664481e-07,0.0,0.0,1.2403863894255965e-06,0.0,0.0,1.9876838305798894e-06,3.0127677033935663e-08,6.786333687697772e-07,0.0,0.0,1.225834571112846e-06,0.0,0.0,1.934595616916559e-06,4.0957337233421785e-08,7.736450095080233e-07,0.0,0.0,1.3212747608452513e-06,0.0,0.0,2.1358771075866963e-06,0.0,0.0,0.0,0.0,0.0,0.0,0.0,0.0,0.0,0.0,0.0,0.0,0.0,0.0,0.0,0.0,0.0,0.0,0.0,0.0,0.0,0.0,0.0,0.0,0.0,0.0,0.0,0.0,0.0,0.0,0.0,0.0,0.0,0.0,0.0,0.0,0.0,0.0,0.0,0.0,0.0,0.0,0.0,0.0,0.0,0.0,0.0,0.0
0_00073,0.0,8.164830562006553e-07,0.0,0.0,1.3507755384344504e-06,0.0,0.0,2.1672585946351056e-06,8.45583177681565e-08,1.0412394729640937e-06,0.0,0.0,0.0,0.0,0.0,1.12579779073225e-06,6.357811069656701e-08,1.031797087819926e-06,0.0,0.0,0.0,0.0,0.0,1.0953751985164931e-06,6.640115404431261e-08,3.3145987626715e-07,0.0,1.3213646649225152e-09,1.1782561971291884e-06,0.0,0.0,1.5774385921055735e-06,0.0,8.211193229074569e-08,0.0,0.0,0.0,0.0,0.0,8.211193229074569e-08,0.0,1.7579591829974494e-06,0.0,0.0,4.049008696950149e-07,0.0,0.0,2.1628600526924647e-06,0.0,4.399772363932272e-06,0.0,0.0,0.0,0.0,0.0,4.399772363932272e-06,2.2289377213043963e-08,7.195064018662134e-07,0.0,0.0,4.298583046596667e-08,0.0,0.0,7.847816095452239e-07,6.920565452836878e-08,2.768149548514985e-06,0.0,4.704948516553998e-07,1.0653018652533283e-05,0.0,0.0,1.3960868707232038e-05,5.710500542345831e-08,3.4701770929297383e-06,0.0,5.265635031388762e-07,5.5098666515405474e-06,0.0,1.520382386287253e-08,9.578916076895494e-06,7.378968424583469e-09,8.164830562006553e-07,0.0,0.0,1.3507755384344504e-06,0.0,0.0,2.174637563059689e-06,0.0,4.662114664539431e-07,0.0,0.0,9.494599471258824e-07,0.0,0.0,1.4156714135798254e-06,3.4057132373406925e-08,6.584882574818751e-07,0.0,0.0,1.1406818015535768e-06,0.0,0.0,1.8332271914088591e-06,0.0,7.190344616596205e-07,1.647255847551419e-08,0.0,1.3606162869454302e-06,0.0,0.0,2.096123307080565e-06,0.0,8.069083904393838e-07,0.0,0.0,1.2956678192796068e-06,0.0,0.0,2.1025762097189908e-06,9.275118136970308e-08,6.866782401521123e-07,0.0,0.0,1.800282923386624e-06,0.0,0.0,2.57971234490844e-06,1.2151879463448533e-06,1.7757043099080029e-06,0.0,0.0,1.6717699249363945e-06,0.0,0.0,4.66266218118925e-06,0.0,6.321819061665163e-07,0.0,0.0,1.2995480431612657e-06,0.0,0.0,1.931729949327782e-06,8.371729347823181e-09,6.804283597479696e-07,0.0,0.0,1.291823514398831e-06,0.0,0.0,1.9806236034946235e-06,0.0,6.999990994201017e-07,0.0,0.0,1.285126159318748e-06,0.0,0.0,1.98512525873885e-06,0.0,0.0,0.0,0.0,0.0,0.0,0.0,0.0,0.0,0.0,0.0,0.0,0.0,0.0,0.0,0.0,0.0,0.0,0.0,0.0,0.0,0.0,0.0,0.0,0.0,0.0,0.0,0.0,0.0,0.0,0.0,0.0,0.0,0.0,0.0,0.0,0.0,0.0,0.0,0.0,0.0,0.0,0.0,0.0,0.0,0.0,0.0,0.0
0_00081,4.152449905977948e-08,6.244624022579818e-07,0.0,0.0,1.212595108185956e-06,0.0,0.0,1.878582009503717e-06,3.7779968154244006e-08,1.0313893923944552e-06,0.0,0.0,0.0,0.0,0.0,1.0691693605486994e-06,9.888613748456753e-08,1.1740024826384843e-06,0.0,0.0,0.0,0.0,0.0,1.272888620123052e-06,9.476333800212545e-08,3.658376259738402e-07,0.0,0.0,1.2035942894393036e-06,0.0,0.0,1.6641952534152693e-06,0.0,6.887909310740736e-08,0.0,0.0,0.0,0.0,0.0,6.887909310740736e-08,0.0,1.921174950415091e-06,0.0,0.0,3.5883176625316025e-07,0.0,0.0,2.280006716668252e-06,0.0,4.18081409146468e-06,0.0,0.0,0.0,0.0,0.0,4.18081409146468e-06,6.729319231340173e-09,7.760055407063768e-07,0.0,0.0,2.3434896334981772e-08,0.0,0.0,8.061697562726988e-07,8.739374651939192e-08,2.4302387136665507e-06,0.0,5.227544237246002e-07,1.072847759722394e-05,0.0,0.0,1.3768864481134483e-05,7.778133633308623e-08,3.195354827015468e-06,0.0,4.554339580360004e-07,5.349316314913527e-06,0.0,5.279630056676904e-09,9.08316606635476e-06,4.644409435433066e-08,6.244624022579818e-07,0.0,0.0,1.212595108185956e-06,0.0,0.0,1.8835016047982688e-06,4.254305520479149e-08,4.3903975092166114e-07,0.0,0.0,9.350826194735404e-07,0.0,0.0,1.416665425599993e-06,4.840832865184807e-08,4.620113182502888e-07,0.0,0.0,9.972590440611374e-07,0.0,0.0,1.5076786909632742e-06,4.150508020692247e-08,6.302026448473361e-07,6.172085136327934e-09,0.0,1.2942128243649674e-06,0.0,0.0,1.972092634555554e-06,2.8988932207421578e-08,5.207919984108052e-07,0.0,0.0,1.229453895063335e-06,0.0,0.0,1.779234825681562e-06,1.65723875322466e-07,6.367449390208956e-07,0.0,0.0,1.662867512842967e-06,0.0,0.0,2.4653363271863283e-06,1.2623356532388692e-06,1.7899765121367293e-06,0.0,0.0,1.6173119751360853e-06,0.0,0.0,4.669624140511684e-06,1.0128410163251092e-08,6.661238542563622e-07,0.0,0.0,1.2191624433917783e-06,0.0,0.0,1.895414707811392e-06,2.1266356811962763e-08,5.754934789604794e-07,0.0,0.0,1.21494814117794e-06,0.0,0.0,1.811707976950382e-06,3.5610097036181496e-08,6.553516679946365e-07,0.0,0.0,1.3619831460850505e-06,0.0,0.0,2.052944911115868e-06,0.0,0.0,0.0,0.0,0.0,0.0,0.0,0.0,0.0,0.0,0.0,0.0,0.0,0.0,0.0,0.0,0.0,0.0,0.0,0.0,0.0,0.0,0.0,0.0,0.0,0.0,0.0,0.0,0.0,0.0,0.0,0.0,0.0,0.0,0.0,0.0,0.0,0.0,0.0,0.0,0.0,0.0,0.0,0.0,0.0,0.0,0.0,0.0
0_0009,0.0,7.649270817653698e-07,0.0,0.0,1.0786141628441103e-06,0.0,0.0,1.84354124460948e-06,8.990590469232351e-08,1.1342508354712565e-06,0.0,0.0,0.0,0.0,0.0,1.22415674016358e-06,1.1651620581581285e-07,1.0731719341371272e-06,0.0,0.0,0.0,0.0,0.0,1.18968813995294e-06,0.0,4.849062896406848e-07,0.0,0.0,1.057876793192506e-06,0.0,0.0,1.5427830828331906e-06,0.0,0.0,0.0,0.0,6.8606688614663434e-09,0.0,0.0,6.8606688614663434e-09,0.0,2.351009420289089e-06,0.0,0.0,3.0542662167514135e-07,0.0,0.0,2.6564360419642304e-06,0.0,3.8812694039248775e-06,0.0,0.0,0.0,0.0,0.0,3.8812694039248775e-06,0.0,8.918361625835068e-07,0.0,0.0,3.164808722232642e-08,0.0,0.0,9.234842498058332e-07,4.6645613478884296e-08,2.447630080607157e-06,0.0,5.314085077548601e-07,1.0391814874371304e-05,0.0,0.0,1.3417499076212208e-05,7.358584317310498e-08,3.283881069771792e-06,0.0,3.747925055770323e-07,5.2196968452923006e-06,0.0,1.1735656188055746e-08,8.963691920002287e-06,0.0,7.649270817653698e-07,0.0,0.0,1.0786141628441103e-06,0.0,0.0,1.84354124460948e-06,0.0,5.475785274255396e-07,0.0,0.0,8.518555129699831e-07,0.0,0.0,1.3994340403955228e-06,3.550339324355681e-08,5.381699320885122e-07,0.0,0.0,8.590671783754007e-07,0.0,0.0,1.4327405037074696e-06,0.0,8.862183663351002e-07,7.383472221731776e-09,4.068728879952926e-09,1.237208489009036e-06,0.0,0.0,2.13487905644582e-06,0.0,7.180741732341631e-07,0.0,0.0,1.113951565749888e-06,0.0,0.0,1.8320257389840509e-06,8.897621546892125e-08,8.672851636275856e-07,0.0,0.0,1.4518376380915884e-06,0.0,0.0,2.408099017188095e-06,1.5018355209981109e-06,2.416059132651876e-06,0.0,0.0,1.391891656378086e-06,0.0,0.0,5.309786310028073e-06,3.9224728947581e-09,6.54391755084157e-07,0.0,0.0,1.0680774233462806e-06,0.0,0.0,1.7263916513251954e-06,2.905956498554099e-09,7.782127256830177e-07,0.0,0.0,1.0347332339025314e-06,0.0,0.0,1.8158519160841035e-06,0.0,8.123650518524242e-07,0.0,0.0,1.068536375025533e-06,0.0,0.0,1.8809014268779572e-06,0.0,0.0,0.0,0.0,0.0,0.0,0.0,0.0,0.0,0.0,0.0,0.0,0.0,0.0,0.0,0.0,0.0,0.0,0.0,0.0,0.0,0.0,0.0,0.0,0.0,0.0,0.0,0.0,0.0,0.0,0.0,0.0,0.0,0.0,0.0,0.0,0.0,0.0,0.0,0.0,0.0,0.0,0.0,0.0,0.0,0.0,0.0,0.0
0_00101,4.1180029282854015e-08,8.004260389988708e-07,0.0,0.0,9.30794321574336e-07,0.0,0.0,1.772400389856061e-06,8.288661335308828e-08,9.88234590969695e-07,0.0,0.0,0.0,0.0,0.0,1.0711212043227831e-06,4.82231058904387e-08,1.0901364239777537e-06,0.0,0.0,0.0,0.0,0.0,1.1383595298681925e-06,4.9159094847490564e-08,3.955385876912628e-07,0.0,0.0,8.868185094493435e-07,0.0,0.0,1.331516191988097e-06,0.0,0.0,0.0,0.0,9.223654184141708e-09,0.0,0.0,9.223654184141708e-09,0.0,1.8690822148642496e-06,0.0,0.0,3.805492156661353e-07,0.0,0.0,2.249631430530385e-06,0.0,3.508624790256012e-06,0.0,0.0,0.0,0.0,0.0,3.508624790256012e-06,0.0,1.0545069015006648e-06,0.0,0.0,2.462697180352004e-08,0.0,0.0,1.079133873304185e-06,3.3602750208953856e-08,2.476956236949788e-06,0.0,3.947056856174569e-07,1.0211270475952678e-05,0.0,0.0,1.311653514872888e-05,8.710236421531918e-08,3.1657332988834582e-06,0.0,3.412969056347019e-07,5.031452833126069e-06,0.0,2.1519379018576773e-08,8.647104780878124e-06,4.869122732303693e-08,8.004260389988708e-07,0.0,0.0,9.30794321574336e-07,0.0,0.0,1.779911587896244e-06,3.0149467410518284e-08,5.637263057622906e-07,0.0,0.0,7.333849116338112e-07,0.0,0.0,1.3272606848066202e-06,0.0,7.623676273706572e-07,0.0,0.0,7.949859979796627e-07,0.0,0.0,1.5573536253503198e-06,4.26649853306951e-08,7.672777885527806e-07,2.8817447950789093e-08,0.0,1.0674508972675356e-06,0.0,0.0,1.9062111191018005e-06,2.8492489894710776e-08,7.915372417914253e-07,0.0,0.0,9.765920808704976e-07,0.0,0.0,1.7966218125566334e-06,1.092750623955622e-07,1.0121016415662355e-06,0.0,0.0,1.2812164443051024e-06,0.0,0.0,2.4025931482668995e-06,1.4719985760026997e-06,2.373860746904529e-06,0.0,0.0,1.220646083492658e-06,0.0,0.0,5.066505406399887e-06,2.2038560257193973e-08,7.271647130427779e-07,0.0,0.0,9.366052963227088e-07,0.0,0.0,1.6858085696226805e-06,3.0928554536627535e-08,8.038693871088396e-07,0.0,0.0,9.481856178557016e-07,0.0,0.0,1.782983559501169e-06,4.90914850355185e-08,9.65935358489404e-07,0.0,0.0,1.069124615424233e-06,0.0,0.0,2.0841514589491557e-06,0.0,0.0,0.0,0.0,0.0,0.0,0.0,0.0,0.0,0.0,0.0,0.0,0.0,0.0,0.0,0.0,0.0,0.0,0.0,0.0,0.0,0.0,0.0,0.0,0.0,0.0,0.0,0.0,0.0,0.0,0.0,0.0,0.0,0.0,0.0,0.0,0.0,0.0,0.0,0.0,0.0,0.0,0.0,0.0,0.0,0.0,0.0,0.0
0_00113,4.3851188822738534e-08,3.342984294787352e-07,0.0,0.0,1.6124365053159644e-06,0.0,0.0,1.990586123617438e-06,7.272948297385693e-08,5.388295204513776e-07,0.0,0.0,0.0,0.0,0.0,6.115590034252345e-07,4.65995439524723e-08,8.590230272611659e-07,0.0,0.0,0.0,0.0,0.0,9.056225712136384e-07,1.0255465820090885e-07,4.707120004936758e-07,0.0,0.0,1.6686063935625696e-06,0.0,0.0,2.2418730522571543e-06,0.0,8.894332823433606e-08,0.0,0.0,1.0109950530212324e-08,0.0,0.0,9.905327876454837e-08,0.0,1.4314244556235885e-06,0.0,0.0,5.046321645550441e-07,0.0,0.0,1.9360566201786326e-06,0.0,5.129118605327421e-06,0.0,0.0,1.2760966580417378e-08,0.0,0.0,5.1418795719078384e-06,6.013745078634299e-08,4.139758128339664e-07,0.0,0.0,6.297332046354005e-08,0.0,0.0,5.370865840838496e-07,1.0360252930380544e-07,2.496623012829408e-06,0.0,5.628322800995722e-07,1.1046561842564376e-05,0.0,0.0,1.4209619664797164e-05,8.438494409238377e-08,3.4254009902437675e-06,0.0,3.637205521377142e-07,4.8990341742863e-06,0.0,1.42237643967623e-08,8.786764425156926e-06,4.7290117382032376e-08,3.342984294787352e-07,0.0,0.0,1.6124365053159644e-06,0.0,0.0,1.994025052176732e-06,5.28654934712152e-08,3.261209387973148e-07,0.0,0.0,1.2692372037283075e-06,0.0,0.0,1.6482236359968375e-06,3.3376165556494635e-08,3.3779513229573297e-07,0.0,0.0,1.3987752177401828e-06,0.0,0.0,1.7699465155924109e-06,5.8152336662770384e-08,3.1832812021914656e-07,1.8607258169320512e-08,3.5812596125027736e-08,1.7165922407790812e-06,0.0,0.0,2.1474925519553464e-06,5.7459533040550054e-08,3.24293409905627e-07,0.0,0.0,1.6281910851857703e-06,0.0,0.0,2.0099440281319475e-06,1.04676999871718e-07,3.964279878570856e-07,0.0,0.0,2.33540947390073e-06,0.0,0.0,2.836514461629533e-06,5.404935592658934e-07,1.0136143355191227e-06,0.0,0.0,2.170970485341631e-06,0.0,0.0,3.725078380126648e-06,2.6400108491563054e-08,3.571547370023361e-07,0.0,0.0,1.629117891292556e-06,0.0,0.0,2.012672736786455e-06,7.826482311833017e-08,3.65067767614304e-07,0.0,0.0,1.583162796697851e-06,0.0,0.0,2.026495387430485e-06,5.2000160835496895e-08,3.308688654495584e-07,0.0,0.0,1.6946051734540402e-06,0.0,0.0,2.0774741997390952e-06,0.0,0.0,0.0,0.0,0.0,0.0,0.0,0.0,0.0,0.0,0.0,0.0,0.0,0.0,0.0,0.0,0.0,0.0,0.0,0.0,0.0,0.0,0.0,0.0,0.0,0.0,0.0,0.0,0.0,0.0,0.0,0.0,0.0,0.0,0.0,0.0,0.0,0.0,0.0,0.0,0.0,0.0,0.0,0.0,0.0,0.0,0.0,0.0
0_00126,7.337699405299087e-08,2.4901522433874004e-07,0.0,0.0,1.880083637322736e-06,0.0,0.0,2.2024758557144662e-06,8.5983856573124e-08,3.80594005459858e-07,0.0,0.0,0.0,0.0,0.0,4.665778620329821e-07,1.104190440898134e-07,8.400536266114222e-07,0.0,0.0,0.0,0.0,0.0,9.504726707012354e-07,1.01996005148342e-07,3.3214284986497937e-07,0.0,0.0,1.997572466886744e-06,0.0,0.0,2.431711321900065e-06,0.0,5.4633183252288544e-08,0.0,0.0,9.160640045426783e-09,0.0,0.0,6.379382329771531e-08,0.0,1.0899950095010318e-06,0.0,0.0,5.247303748565332e-07,0.0,0.0,1.6147253843575643e-06,0.0,6.02908199707973e-06,0.0,0.0,9.738011405464881e-08,0.0,0.0,6.126462111134378e-06,9.745079063084185e-08,3.854079658060737e-07,0.0,0.0,1.265447824885809e-07,0.0,0.0,6.094035389254965e-07,7.178252596809386e-08,2.305661229182036e-06,0.0,7.735893414690107e-07,1.1303237985055313e-05,0.0,0.0,1.4454271081674453e-05,5.4062651814471694e-08,3.4265069724183085e-06,0.0,3.8847744200700505e-07,4.912727204549803e-06,0.0,1.954883233156762e-08,8.801323103121155e-06,8.337562558722476e-08,2.4901522433874004e-07,0.0,0.0,1.880083637322736e-06,0.0,0.0,2.2124744872487e-06,7.019215652341552e-08,1.7511534546340206e-07,0.0,0.0,1.581172598855264e-06,0.0,0.0,1.8264801008420816e-06,6.649150270108192e-08,1.637711575715664e-07,0.0,0.0,1.589673162808066e-06,0.0,0.0,1.8199358230807144e-06,8.135150612576117e-08,2.328197367923306e-07,2.2777583084114508e-08,2.2996991634489092e-08,2.1517723977051672e-06,0.0,0.0,2.511718215341863e-06,6.881280823349113e-08,2.3267110637108322e-07,0.0,0.0,1.881209341011837e-06,0.0,0.0,2.182693255616412e-06,1.7837704218104281e-07,4.054239389080509e-07,0.0,0.0,2.830285456069343e-06,0.0,0.0,3.414086437158437e-06,4.056766624749167e-07,6.022647119813984e-07,0.0,0.0,2.70092911207874e-06,0.0,0.0,3.708870486535055e-06,6.32039187607926e-08,3.492926834036808e-07,0.0,0.0,1.94727500095988e-06,0.0,0.0,2.3597716031243528e-06,7.669094791250727e-08,2.214286054375957e-07,0.0,0.0,1.8803909448674469e-06,0.0,0.0,2.178510498217549e-06,6.427263017944609e-08,2.147395227905915e-07,0.0,0.0,2.124482755730736e-06,0.0,0.0,2.4034949087007725e-06,0.0,0.0,0.0,0.0,0.0,0.0,0.0,0.0,0.0,0.0,0.0,0.0,0.0,0.0,0.0,0.0,0.0,0.0,0.0,0.0,0.0,0.0,0.0,0.0,0.0,0.0,0.0,0.0,0.0,0.0,0.0,0.0,0.0,0.0,0.0,0.0,0.0,0.0,0.0,0.0,0.0,0.0,0.0,0.0,0.0,0.0,0.0,0.0
0_0014,7.774460051346408e-08,2.926956301457862e-07,0.0,0.0,2.2721357675471274e-06,0.0,0.0,2.6425759982063773e-06,1.0108891378752536e-07,4.206538814448041e-07,0.0,0.0,0.0,0.0,0.0,5.217427952323293e-07,3.9565556562018804e-08,7.525272289269619e-07,0.0,0.0,0.0,0.0,0.0,7.920927854889807e-07,6.516063740657346e-08,4.964585270531464e-07,0.0,0.0,2.304207278377564e-06,0.0,0.0,2.865826442837284e-06,0.0,1.387689621569801e-07,0.0,0.0,0.0,0.0,0.0,1.387689621569801e-07,0.0,9.11173490344843e-07,0.0,0.0,3.982783590814768e-07,0.0,0.0,1.3094518494263196e-06,3.4448018136823847e-09,6.3704984837530215e-06,0.0,0.0,1.214200579052977e-07,0.0,0.0,6.495363343472002e-06,1.408888639450041e-07,3.192691622482699e-07,0.0,0.0,1.1558093554677469e-07,0.0,0.0,5.757389617400486e-07,8.38453431616593e-08,2.2001333213837914e-06,0.0,9.04302987515074e-07,1.1466880713495558e-05,0.0,0.0,1.4655162365556084e-05,5.1074407204219047e-08,3.512896412389343e-06,0.0,5.211798937327856e-07,4.836166945133946e-06,0.0,1.8288401960337325e-08,8.939606060420632e-06,7.774460051346408e-08,2.926956301457862e-07,0.0,0.0,2.2721357675471274e-06,0.0,0.0,2.6425759982063773e-06,1.0958638199314072e-07,1.3796810268667368e-07,0.0,0.0,1.85756348850538e-06,0.0,0.0,2.105117973185193e-06,8.59312523633861e-08,2.2446135388756906e-07,0.0,0.0,1.9152277700557395e-06,0.0,0.0,2.225620376306695e-06,1.0773347874398737e-07,2.8187679969344773e-07,2.5628240001114093e-08,5.2528000695378586e-08,2.503372785059737e-06,0.0,0.0,2.971139304193665e-06,9.110065923089772e-08,2.996115044945196e-07,0.0,0.0,2.352185267829574e-06,0.0,0.0,2.742897431554992e-06,1.3947395661368706e-07,3.4366344100462134e-07,0.0,0.0,3.221774781400671e-06,0.0,0.0,3.70491217901898e-06,3.962969678947687e-07,4.820191417303076e-07,0.0,0.0,3.1772464960950163e-06,0.0,0.0,4.055562605720092e-06,9.557399124015418e-08,2.727377968343544e-07,0.0,0.0,2.3179737584963867e-06,0.0,0.0,2.686285546570895e-06,4.9087468605460175e-08,2.8906359711996617e-07,0.0,0.0,2.221183702994619e-06,0.0,0.0,2.559334768720045e-06,6.463331275597202e-08,2.53118682238664e-07,0.0,0.0,2.5003866810559576e-06,0.0,0.0,2.818138676050593e-06,0.0,0.0,0.0,0.0,0.0,0.0,0.0,0.0,0.0,0.0,0.0,0.0,0.0,0.0,0.0,0.0,0.0,0.0,0.0,0.0,0.0,0.0,0.0,0.0,0.0,0.0,0.0,0.0,0.0,0.0,0.0,0.0,0.0,0.0,0.0,0.0,0.0,0.0,0.0,0.0,0.0,0.0,0.0,0.0,0.0,0.0,0.0,0.0
0_00157,8.17420898075246e-08,2.217112256554413e-07,0.0,0.0,2.5913445814557545e-06,0.0,0.0,2.89479789691872e-06,1.4087266951879064e-07,2.545209686100082e-07,0.0,0.0,0.0,0.0,0.0,3.9539363812879883e-07,4.61987284500582e-08,7.961596795837285e-07,0.0,0.0,0.0,0.0,0.0,8.423584080337866e-07,3.685055460541409e-08,3.243184395026687e-07,0.0,0.0,2.5758020483715245e-06,0.0,0.0,2.936971042479608e-06,0.0,3.719001804339686e-08,0.0,0.0,2.0823502380188533e-08,0.0,0.0,5.8013520423585386e-08,0.0,9.81122013759919e-07,0.0,0.0,3.895830445546497e-07,0.0,0.0,1.370705058314568e-06,0.0,6.475049524101664e-06,0.0,0.0,1.9664389168848185e-07,0.0,0.0,6.671693415790146e-06,1.5030923163516588e-07,3.717362203103356e-07,0.0,0.0,1.060399288241976e-07,0.0,0.0,6.280853807696989e-07,1.1028837689514161e-07,2.134921269874883e-06,0.0,9.712151771196654e-07,1.1291517149406315e-05,0.0,0.0,1.4507941973296004e-05,6.125772353962483e-08,3.7320404536012313e-06,0.0,6.018063211223891e-07,4.695492444643104e-06,0.0,1.5092248289845288e-08,9.105689191196197e-06,8.923115014009324e-08,2.217112256554413e-07,0.0,0.0,2.5920613041975204e-06,0.0,0.0,2.903003679993055e-06,5.001211956330979e-08,1.9506769432312442e-07,0.0,0.0,1.991423402910313e-06,0.0,0.0,2.2365032167967475e-06,2.3299633376345816e-09,2.2534786164177745e-07,0.0,0.0,2.125877913241859e-06,0.0,0.0,2.353555738221271e-06,7.05008281012224e-08,1.983597056944057e-07,2.6148261040024577e-08,4.772705795111326e-08,2.804587556323121e-06,0.0,0.0,3.147323409109888e-06,8.173608622424995e-08,2.216961728784452e-07,0.0,0.0,2.591115545559976e-06,0.0,0.0,2.8945478046626705e-06,8.417767499606308e-08,2.031506549621156e-07,0.0,0.0,3.682281286730009e-06,0.0,0.0,3.969609616688188e-06,2.607308204444564e-07,4.358485489815282e-07,0.0,0.0,3.581840870390296e-06,0.0,0.0,4.27842023981628e-06,9.19471903409907e-08,2.689374764015659e-07,0.0,0.0,2.6134544291326414e-06,0.0,0.0,2.974339095875198e-06,8.189054387242269e-08,2.244353412691091e-07,0.0,0.0,2.4817477040183185e-06,0.0,0.0,2.78807358915985e-06,3.99894593710555e-08,1.300370336087306e-07,0.0,0.0,2.911559789330851e-06,0.0,0.0,3.0815862823106365e-06,0.0,0.0,0.0,0.0,0.0,0.0,0.0,0.0,0.0,0.0,0.0,0.0,0.0,0.0,0.0,0.0,0.0,0.0,0.0,0.0,0.0,0.0,0.0,0.0,0.0,0.0,0.0,0.0,0.0,0.0,0.0,0.0,0.0,0.0,0.0,0.0,0.0,0.0,0.0,0.0,0.0,0.0,0.0,0.0,0.0,0.0,0.0,0.0
0_00175,1.050438481988776e-07,1.3843873965989374e-07,0.0,0.0,2.7088729133486865e-06,0.0,0.0,2.952355501207458e-06,2.0680933893072893e-07,4.118218378846915e-07,0.0,0.0,0.0,0.0,0.0,6.186311768154203e-07,9.935152875280217e-08,7.124928449477772e-07,0.0,0.0,0.0,0.0,0.0,8.118443737005796e-07,1.1332062085144298e-08,4.674067233016295e-07,0.0,0.0,2.621934350003584e-06,0.0,0.0,3.100673135390357e-06,0.0,5.2951728875441866e-08,0.0,0.0,8.179773915067327e-09,0.0,0.0,6.113150279050918e-08,3.8072658983527744e-08,1.0303220997818198e-06,0.0,0.0,3.742047546067012e-07,0.0,0.0,1.442599513372049e-06,0.0,6.335970485759785e-06,0.0,0.0,2.369575526362228e-07,0.0,0.0,6.572928038396008e-06,1.619784150836719e-07,3.88100819309649e-07,0.0,0.0,1.025205537156997e-07,0.0,0.0,6.525997881090205e-07,1.14216337774012e-07,1.8891644281491743e-06,0.0,1.0122735237100214e-06,1.1228873052916022e-05,0.0,0.0,1.424452734254923e-05,4.081371674402429e-08,3.56418235404786e-06,0.0,6.53824828807705e-07,4.832052012214952e-06,0.0,2.0025593404752827e-08,9.110898505219292e-06,1.1123068030872833e-07,1.754065433527373e-07,0.0,0.0,2.7088729133486865e-06,0.0,0.0,2.9955101370101523e-06,2.6175152420936266e-08,1.0287783722526246e-07,0.0,0.0,2.1752851035526094e-06,0.0,0.0,2.3043380931988085e-06,4.9429784375711334e-08,2.631053065341492e-07,0.0,0.0,2.237686561805184e-06,0.0,0.0,2.550221652715045e-06,3.130187622861648e-08,1.327946933309567e-07,2.3170880268210323e-08,5.078805746790786e-08,2.8698528833718662e-06,0.0,0.0,3.1079083906675578e-06,3.879200134856809e-08,1.4116199936817581e-07,0.0,0.0,2.70053114066361e-06,0.0,0.0,2.880485141380354e-06,7.243714539879138e-08,2.0556122327174885e-07,0.0,0.0,3.838906213449023e-06,0.0,0.0,4.116904582119563e-06,1.4591271652245277e-07,2.610532081342756e-07,0.0,0.0,3.8378443291696845e-06,0.0,0.0,4.244810253826412e-06,4.0833882995320414e-08,6.876206552811227e-08,0.0,0.0,2.7012362743640867e-06,0.0,0.0,2.8108322228875195e-06,3.3660337363314814e-08,1.4220240036296104e-07,0.0,0.0,2.5401937878229995e-06,0.0,0.0,2.716056525549276e-06,5.7501630768447774e-08,9.684721845829664e-08,0.0,0.0,3.083970639651629e-06,0.0,0.0,3.238319488878373e-06,0.0,0.0,0.0,0.0,0.0,0.0,0.0,0.0,0.0,0.0,0.0,0.0,0.0,0.0,0.0,0.0,0.0,0.0,0.0,0.0,0.0,0.0,0.0,0.0,0.0,0.0,0.0,0.0,0.0,0.0,0.0,0.0,0.0,0.0,0.0,0.0,0.0,0.0,0.0,0.0,0.0,0.0,0.0,0.0,0.0,0.0,0.0,0.0
0_00195,8.797256517906518e-09,1.371446017400594e-07,0.0,0.0,2.6910399417158988e-06,0.0,0.0,2.836981799973865e-06,3.717096513165518e-07,2.478778414566588e-07,0.0,0.0,0.0,0.0,0.0,6.195874927732105e-07,1.2691794742872297e-07,5.554638154068772e-07,0.0,0.0,0.0,0.0,0.0,6.823817628356002e-07,7.999609583659495e-09,3.368317929913433e-07,0.0,0.0,2.485189498594483e-06,0.0,0.0,2.8300209011694853e-06,0.0,3.633967753534648e-08,0.0,0.0,9.574689730891788e-09,0.0,0.0,4.5914367266238256e-08,0.0,5.166807062372746e-07,0.0,0.0,3.817184691259294e-07,0.0,0.0,8.983991753632039e-07,0.0,6.270710275265603e-06,0.0,0.0,2.677778838183104e-07,0.0,0.0,6.538488159083913e-06,1.2293038506877158e-07,4.98797578331207e-07,0.0,0.0,2.123679868205894e-07,0.0,0.0,8.340959502205681e-07,1.24970579804194e-07,1.8500786822467992e-06,0.0,9.5813085006809e-07,1.0743030896936014e-05,0.0,0.0,1.36762110090551e-05,6.103622594515582e-08,3.761575032258946e-06,0.0,6.61737164489863e-07,4.488055822106422e-06,0.0,2.6592846971045263e-08,8.998997091771432e-06,1.3760325234981253e-08,1.7516619931201113e-07,0.0,0.0,2.6910399417158988e-06,0.0,0.0,2.879966466262892e-06,0.0,1.875275183274395e-07,0.0,0.0,2.167985140713542e-06,0.0,0.0,2.3555126590409807e-06,3.92379494508239e-08,1.3846244148718246e-07,0.0,0.0,2.2931753608517923e-06,0.0,0.0,2.4708757517897987e-06,4.39049237514063e-08,1.1928698965835272e-07,1.645009786185819e-08,5.229826844611849e-08,2.816847794078795e-06,0.0,0.0,3.048788073796532e-06,7.92911624747773e-09,1.371089713845927e-07,0.0,0.0,2.6969448681925307e-06,0.0,0.0,2.8419829558246007e-06,1.392549668518716e-08,1.294302951673395e-07,0.0,1.3789119013131467e-09,3.997753886873068e-06,0.0,0.0,4.142488590626907e-06,1.7910624326359813e-07,3.206689487169959e-07,0.0,0.0,3.7982510586314057e-06,0.0,0.0,4.298026250611999e-06,1.1491257595028484e-08,5.741398287768914e-08,0.0,0.0,2.63945767909148e-06,0.0,0.0,2.7083629195641973e-06,4.7770200183722705e-09,1.1420372171274041e-07,0.0,1.278971887981251e-09,2.637981226789542e-06,0.0,0.0,2.7582409404086366e-06,4.5395171152993775e-09,8.631867949869654e-08,0.0,0.0,2.9863064625448574e-06,0.0,0.0,3.0771646591588536e-06,0.0,0.0,0.0,0.0,0.0,0.0,0.0,0.0,0.0,0.0,0.0,0.0,0.0,0.0,0.0,0.0,0.0,0.0,0.0,0.0,0.0,0.0,0.0,0.0,0.0,0.0,0.0,0.0,0.0,0.0,0.0,0.0,0.0,0.0,0.0,0.0,0.0,0.0,0.0,0.0,0.0,0.0,0.0,0.0,0.0,0.0,0.0,0.0
0_00218,5.083665807912303e-08,4.9222217083444566e-08,0.0,0.0,2.443288987047162e-06,0.0,0.0,2.5433478622097296e-06,3.3748257248789324e-07,2.21154925482532e-07,0.0,0.0,0.0,0.0,0.0,5.586374979704251e-07,1.4645352998199598e-07,3.669794843031346e-07,0.0,0.0,0.0,0.0,0.0,5.134330142851306e-07,6.389957932719528e-08,4.459840695971528e-07,0.0,0.0,2.2551736468585428e-06,0.0,0.0,2.765057295782892e-06,0.0,0.0,0.0,0.0,1.4683447906555218e-08,0.0,0.0,1.4683447906555218e-08,3.6012900872311085e-08,3.241159601108523e-07,0.0,0.0,5.464958024542389e-07,0.0,0.0,9.06624663437402e-07,0.0,5.9029098382719655e-06,0.0,0.0,4.506068892473597e-07,0.0,0.0,6.353516727519326e-06,1.617156234444711e-07,4.475524187916844e-07,0.0,0.0,1.7731272795107253e-07,0.0,0.0,7.865807701872281e-07,7.35015275250738e-08,1.784121062335033e-06,0.0,1.0008488094697178e-06,9.799974710816048e-06,0.0,0.0,1.2658446110145874e-05,6.361509000233098e-08,3.855660439392987e-06,0.0,7.256439546932906e-07,4.469601062681084e-06,0.0,2.0676545773479946e-08,9.135197092543173e-06,5.452128861498888e-08,4.9222217083444566e-08,0.0,0.0,2.443288987047162e-06,0.0,0.0,2.547032492745596e-06,8.445174902353176e-08,0.0,0.0,0.0,1.988355907899176e-06,0.0,0.0,2.0728076569227083e-06,2.058384522773488e-08,6.533284466681799e-08,0.0,0.0,2.179455534907585e-06,0.0,0.0,2.2653722248021385e-06,3.0543215442640674e-08,2.625556587296205e-08,1.6151110628518477e-08,2.3587524913412163e-08,2.628559007842197e-06,0.0,0.0,2.7250964246997302e-06,3.209351490606009e-08,4.189915905219602e-08,0.0,0.0,2.422158649000419e-06,0.0,0.0,2.496151322958675e-06,3.935225251826376e-08,1.663887980193617e-07,0.0,8.31101401425681e-10,3.6631852103030665e-06,0.0,0.0,3.8697573622421175e-06,8.479950613590883e-08,8.35282811708828e-08,0.0,0.0,3.5846232516339865e-06,0.0,0.0,3.752951038940778e-06,8.535884845768502e-08,0.0,0.0,1.0458617757761743e-09,2.469800564263778e-06,0.0,0.0,2.556205274497239e-06,3.531977591594452e-08,1.546419192706961e-07,0.0,8.05796975645749e-10,2.3428218374688422e-06,0.0,0.0,2.5335893296311297e-06,4.0684780855461255e-08,9.496708157552337e-08,0.0,0.0,2.8509582012751114e-06,0.0,0.0,2.986610063706096e-06,0.0,0.0,0.0,0.0,0.0,0.0,0.0,0.0,0.0,0.0,0.0,0.0,0.0,0.0,0.0,0.0,0.0,0.0,0.0,0.0,0.0,0.0,0.0,0.0,0.0,0.0,0.0,0.0,0.0,0.0,0.0,0.0,0.0,0.0,0.0,0.0,0.0,0.0,0.0,0.0,0.0,0.0,0.0,0.0,0.0,0.0,0.0,0.0
0_00243,6.762410839111574e-09,7.189184535105267e-08,0.0,0.0,2.2948124040409787e-06,0.0,0.0,2.3734666602311434e-06,3.888988118493979e-07,1.825347341998281e-07,0.0,0.0,0.0,0.0,0.0,5.71433546049226e-07,1.1587564732646001e-07,2.9463708367425575e-07,0.0,0.0,0.0,0.0,0.0,4.105127310007158e-07,2.493648847760241e-08,3.820393843111406e-07,0.0,0.0,1.9780285968756435e-06,0.0,0.0,2.385004469664387e-06,0.0,7.146112233409925e-08,0.0,0.0,5.695785075238849e-09,0.0,0.0,7.715690740933812e-08,6.766932339701758e-08,6.278164975607691e-07,0.0,0.0,3.984485429512108e-07,0.0,0.0,1.0939343639089973e-06,3.241465123066491e-09,5.867842839949295e-06,0.0,0.0,6.861222106055664e-07,0.0,0.0,6.557206515677928e-06,1.2860013727098158e-07,5.095923477831993e-07,0.0,0.0,2.3686057869864466e-07,0.0,0.0,8.750530637528256e-07,5.5761174894595774e-08,1.728474591227011e-06,0.0,8.861303074459506e-07,8.929789150863294e-06,0.0,0.0,1.1600155224430852e-05,7.047672983456786e-08,4.04445160487579e-06,0.0,8.367126934803693e-07,4.40561195956746e-06,0.0,1.2645113418558996e-08,9.369898101176748e-06,9.839627756298284e-09,7.189184535105267e-08,0.0,0.0,2.2948124040409787e-06,0.0,0.0,2.37654387714833e-06,2.2670312685199107e-09,9.353787539689822e-08,0.0,0.0,1.7695369760824307e-06,0.0,0.0,1.8653418827478488e-06,4.358793455458427e-08,7.409585795183738e-08,0.0,1.6281098030956e-09,1.97613493820184e-06,0.0,0.0,2.0954468405113567e-06,4.231396877148232e-09,6.458348973489283e-08,1.3641473913266457e-08,5.5872111626777175e-08,2.3964945324007896e-06,0.0,0.0,2.534823004552874e-06,6.7626585349737996e-09,7.18936364952779e-08,0.0,0.0,2.294898500280648e-06,0.0,0.0,2.3735547953109e-06,4.024701179957544e-08,4.9725331242834294e-08,0.0,1.508847058955887e-09,3.374777011256938e-06,0.0,0.0,3.4662582013583035e-06,9.144931497479794e-08,5.879052350280537e-08,0.0,9.023942993777692e-10,3.352527563994145e-06,0.0,0.0,3.5036697967711262e-06,4.4888417124663295e-09,9.47507984273109e-08,0.0,0.0,2.308054799250477e-06,0.0,0.0,2.407294439390254e-06,2.101611823171476e-08,1.3707408419240492e-07,0.0,0.0,2.17320666695125e-06,0.0,0.0,2.33129686937537e-06,5.651748067796963e-09,9.37198573727544e-08,0.0,0.0,2.705257605654504e-06,0.0,0.0,2.804629211095055e-06,0.0,0.0,0.0,0.0,0.0,0.0,0.0,0.0,0.0,0.0,0.0,0.0,0.0,0.0,0.0,0.0,0.0,0.0,0.0,0.0,0.0,0.0,0.0,0.0,0.0,0.0,0.0,0.0,0.0,0.0,0.0,0.0,0.0,0.0,0.0,0.0,0.0,0.0,0.0,0.0,0.0,0.0,0.0,0.0,0.0,0.0,0.0,0.0
0_00272,4.197243587812825e-08,1.0953383746659133e-07,0.0,0.0,2.1485047637991822e-06,0.0,0.0,2.3000110371439025e-06,4.305514740529142e-07,1.2690830677439888e-07,0.0,0.0,0.0,0.0,0.0,5.574597808273129e-07,1.8608058650455346e-07,2.9328594872942017e-07,0.0,0.0,0.0,0.0,0.0,4.793665352339736e-07,1.471814854876009e-09,5.002819485653359e-07,0.0,0.0,1.6798758211299135e-06,0.0,0.0,2.1816295845501256e-06,0.0,6.148574643579627e-08,0.0,0.0,1.557335888267344e-08,0.0,0.0,7.705910531846972e-08,0.0,1.1180113477825863e-06,0.0,0.0,3.9125884195391734e-07,0.0,0.0,1.5092701897365037e-06,8.570337528137632e-09,5.678075105908934e-06,0.0,0.0,8.000741965233505e-07,0.0,0.0,6.486719639960423e-06,5.8656690864440144e-08,6.086067810062384e-07,0.0,0.0,2.041832821151969e-07,0.0,0.0,8.714467539858755e-07,2.1454270981143907e-08,1.7085170587358733e-06,0.0,8.581763976749888e-07,8.299076399268674e-06,0.0,0.0,1.088722412666068e-05,7.791502215507808e-08,4.064546695900633e-06,0.0,8.260579897100578e-07,4.333010237223155e-06,0.0,2.2046878588818004e-08,9.323576823577742e-06,4.419236290791144e-08,3.079488411316979e-07,0.0,0.0,2.1485047637991822e-06,0.0,0.0,2.500645967838792e-06,2.8896665141503642e-09,2.2908576954294e-08,0.0,0.0,1.7226248802432588e-06,0.0,0.0,1.7484231237117031e-06,0.0,1.1463370902930325e-07,0.0,0.0,1.8170814170227271e-06,0.0,0.0,1.9317151260520304e-06,5.7531628726222255e-08,9.62162661546076e-08,6.481222229504203e-09,0.0,2.281315390050172e-06,0.0,0.0,2.4415445071605064e-06,4.197280153368272e-08,1.0953420260755117e-07,0.0,0.0,2.148529381276476e-06,0.0,0.0,2.3000363854177102e-06,4.125889244423931e-09,6.600768122222563e-08,0.0,7.98511760526924e-10,3.0965671275556333e-06,0.0,0.0,3.16749920978281e-06,1.071689240007637e-07,0.0,0.0,0.0,3.1252533415421028e-06,0.0,0.0,3.2324222655428663e-06,0.0,5.298729448769794e-08,0.0,0.0,2.0928576722140686e-06,0.0,0.0,2.1458449667017665e-06,2.2368760359569933e-08,7.85726447589646e-08,0.0,1.2035382053377866e-09,2.0249027433345206e-06,0.0,0.0,2.1270476866583933e-06,3.2779525409168315e-08,1.8175105740746617e-08,0.0,0.0,2.4763134137998136e-06,0.0,0.0,2.5272680449497294e-06,0.0,0.0,0.0,0.0,0.0,0.0,0.0,0.0,0.0,0.0,0.0,0.0,0.0,0.0,0.0,0.0,0.0,0.0,0.0,0.0,0.0,0.0,0.0,0.0,0.0,0.0,0.0,0.0,0.0,0.0,0.0,0.0,0.0,0.0,0.0,0.0,0.0,0.0,0.0,0.0,0.0,0.0,0.0,0.0,0.0,0.0,0.0,0.0
0_00303,4.2577198278906034e-08,8.196966453375995e-08,0.0,0.0,1.8372548594816388e-06,0.0,0.0,1.961801722294305e-06,5.036201156570878e-07,1.4271862535080834e-07,0.0,0.0,0.0,0.0,0.0,6.463387410078961e-07,2.191092427796319e-07,1.6798307727178245e-07,0.0,0.0,0.0,0.0,0.0,3.870923200514144e-07,5.0374225742700624e-08,5.400458600712082e-07,0.0,0.0,1.4729761004003351e-06,0.0,0.0,2.063396186214244e-06,0.0,8.748264472876738e-08,0.0,0.0,4.161660605217018e-09,0.0,0.0,9.16443053339844e-08,0.0,1.2007221806794985e-06,0.0,0.0,5.524905401578714e-07,0.0,6.487183627677564e-08,1.818084557114145e-06,1.906733241679496e-09,5.393384057213827e-06,0.0,0.0,6.06760874043355e-07,0.0,0.0,6.002051664498861e-06,9.689476231340397e-08,5.964957098563377e-07,0.0,0.0,2.4739578490044786e-07,0.0,0.0,9.407862570701896e-07,2.7603414915104183e-08,1.7287815844879257e-06,0.0,6.943742600813459e-07,7.853840823846552e-06,0.0,0.0,1.030460008333093e-05,7.78351705868201e-08,4.158604764017267e-06,0.0,7.804484684120476e-07,4.175940944709113e-06,0.0,1.8078373430481243e-08,9.210907721155726e-06,4.463186654089836e-08,3.830655547599997e-07,0.0,0.0,1.8372548594816388e-06,0.0,3.819916917289426e-08,2.303151449955432e-06,6.897484860703467e-08,9.460820944123084e-08,0.0,0.0,1.4432645448844728e-06,0.0,0.0,1.6068476029327382e-06,3.9576932135577367e-08,8.411675921846177e-08,0.0,0.0,1.6126500913599589e-06,0.0,0.0,1.736343782713998e-06,5.313846093797445e-08,7.619129274341478e-08,8.253435493133307e-09,3.6840064339819466e-08,1.9457760761855948e-06,0.0,0.0,2.1201993296999364e-06,4.2577925318174425e-08,8.197092777220567e-08,0.0,0.0,1.8372891188693464e-06,0.0,0.0,1.9618379719597267e-06,7.020909402782552e-08,9.839609650704998e-08,0.0,1.2229923099356682e-09,2.6889506837893834e-06,0.0,0.0,2.8587788666341946e-06,1.4950925976429334e-07,2.74895626735349e-08,0.0,0.0,2.636473630958228e-06,0.0,0.0,2.813472453396056e-06,7.763583649280138e-08,1.5920672322887286e-07,0.0,0.0,1.8339638270123829e-06,0.0,0.0,2.0708063867340568e-06,5.5636519943438246e-08,1.1401457305392893e-07,0.0,0.0,1.79754255264026e-06,0.0,0.0,1.967193645637627e-06,3.2208060080723615e-08,9.13872148243994e-08,0.0,0.0,2.164808833927388e-06,0.0,0.0,2.2884041088325106e-06,0.0,0.0,0.0,0.0,0.0,0.0,0.0,0.0,0.0,0.0,0.0,0.0,0.0,0.0,0.0,0.0,0.0,0.0,0.0,0.0,0.0,0.0,0.0,0.0,0.0,0.0,0.0,0.0,0.0,0.0,0.0,0.0,0.0,0.0,0.0,0.0,0.0,0.0,0.0,0.0,0.0,0.0,0.0,0.0,0.0,0.0,0.0,0.0
0_00339,3.3409380411380953e-08,6.34299080546904e-08,0.0,0.0,1.7619279050640578e-06,0.0,0.0,1.8587671935301287e-06,4.798288406167136e-07,1.6280999241353457e-07,0.0,0.0,0.0,0.0,0.0,6.426388330302482e-07,1.7496346791863198e-07,1.8049991849042226e-07,0.0,0.0,0.0,0.0,0.0,3.554633864090542e-07,1.180667259037746e-09,5.648702936641321e-07,0.0,0.0,1.2806659490235055e-06,0.0,0.0,1.8467169099466748e-06,0.0,8.639233225644012e-08,0.0,0.0,1.883911021791826e-09,0.0,0.0,8.827624327823196e-08,0.0,1.5315062512634624e-06,0.0,0.0,4.256911156908553e-07,0.0,2.96599574352168e-08,1.986857324389534e-06,0.0,4.673695589405226e-06,0.0,0.0,1.793724293837247e-07,0.0,0.0,4.853068018788952e-06,3.864091727642902e-08,6.608997690639479e-07,0.0,0.0,1.6227077812485358e-07,0.0,0.0,8.618114644652305e-07,3.816045419521566e-09,1.7277127489980749e-06,0.0,5.064260516531402e-07,7.267253475089073e-06,0.0,0.0,9.50520832115981e-06,9.396832846178224e-08,4.315706552825374e-06,0.0,7.90608238636859e-07,4.211881951903186e-06,0.0,2.263718514988312e-08,9.434802256977086e-06,3.602360122036595e-08,3.428927058301931e-07,0.0,0.0,1.7619279050640578e-06,0.0,3.495549086041847e-08,2.175799702975035e-06,4.18035018097353e-08,3.357955973204696e-08,0.0,0.0,1.3469090795168855e-06,0.0,0.0,1.422292141058668e-06,7.06025185509293e-08,1.2911383966533294e-07,0.0,0.0,1.5390991783149582e-06,0.0,0.0,1.7388155365312203e-06,4.2472099946579766e-08,6.455778088696836e-08,2.512421586607342e-09,2.6569123866169444e-08,1.8337005660692569e-06,0.0,0.0,1.969811992355581e-06,3.3409584758697435e-08,6.343041271291828e-08,0.0,0.0,1.7619453979953226e-06,0.0,0.0,1.8587853954669377e-06,6.558431826857059e-08,3.0861134373235265e-08,0.0,0.0,2.535359414094613e-06,0.0,0.0,2.63180486673642e-06,1.765435856545861e-07,1.4173421990685289e-08,0.0,0.0,2.492438163262197e-06,0.0,0.0,2.6831551709074685e-06,3.5102740497003044e-08,1.28561159137579e-07,0.0,0.0,1.687965276333522e-06,0.0,0.0,1.851629175968104e-06,2.64456924971866e-08,6.87276922281594e-08,0.0,0.0,1.6631444804678152e-06,0.0,0.0,1.7583178651931617e-06,3.044833961502722e-08,1.0788657179991343e-07,0.0,7.895397696787862e-10,1.9879369928145937e-06,0.0,0.0,2.127061443999213e-06,0.0,0.0,0.0,0.0,0.0,0.0,0.0,0.0,0.0,0.0,0.0,0.0,0.0,0.0,0.0,0.0,0.0,0.0,0.0,0.0,0.0,0.0,0.0,0.0,0.0,0.0,0.0,0.0,0.0,0.0,0.0,0.0,0.0,0.0,0.0,0.0,0.0,0.0,0.0,0.0,0.0,0.0,0.0,0.0,0.0,0.0,0.0,0.0
0_00378,5.461463713160001e-09,1.1625483963729352e-07,0.0,0.0,1.989229267379432e-06,0.0,0.0,2.110945570729885e-06,4.875444702778685e-07,6.592341256917889e-08,0.0,0.0,0.0,0.0,0.0,5.534678828470473e-07,1.7706321373688672e-07,6.316429543795561e-08,0.0,0.0,0.0,0.0,0.0,2.402275091748424e-07,2.694838651945917e-08,3.1200767256971253e-07,0.0,0.0,1.5382143867783403e-06,0.0,0.0,1.877170445867512e-06,0.0,1.993498375540536e-08,0.0,0.0,2.413537721863184e-08,0.0,0.0,4.4070360974037206e-08,2.7320918462233864e-08,1.907161835376241e-06,0.0,0.0,1.8806147200366146e-07,0.0,0.0,2.122544225842137e-06,4.461197287720418e-09,3.82655970730744e-06,0.0,0.0,0.0,0.0,0.0,3.83102090459516e-06,5.209890490184222e-09,7.547799617774619e-07,0.0,0.0,4.99651841576798e-08,0.0,0.0,8.099550364253258e-07,6.623554190809669e-08,1.5631346252985118e-06,0.0,4.794175748821207e-07,6.5437039565849305e-06,0.0,0.0,8.65249169867366e-06,8.408075954464877e-08,4.215761810833903e-06,0.0,6.927664313218233e-07,4.037829108095632e-06,0.0,1.945095369333097e-08,9.049889063489335e-06,7.79169744445584e-09,3.160325234964853e-07,0.0,0.0,1.989229267379432e-06,0.0,0.0,2.313053488320372e-06,0.0,2.9963909204545225e-08,0.0,0.0,1.6171066817661404e-06,0.0,0.0,1.647070590970686e-06,0.0,8.337795598016632e-09,0.0,0.0,1.8675853659506832e-06,0.0,0.0,1.8759231615487e-06,5.461149491045478e-09,9.820944272637885e-08,1.525967841317828e-08,1.6245879643840887e-08,2.007183818551024e-06,0.0,0.0,2.142359968825468e-06,5.462383329325838e-09,1.1626535337391901e-07,0.0,0.0,1.9896256423746554e-06,0.0,0.0,2.1113533790779e-06,5.7017300091246985e-08,1.968619593927497e-08,0.0,0.0,3.1076956616680927e-06,0.0,0.0,3.184399157698615e-06,6.253658686692719e-07,1.1000603254079217e-08,0.0,0.0,3.022803797319168e-06,0.0,0.0,3.659170269242519e-06,8.243297661193373e-09,0.0,0.0,0.0,2.026975511685607e-06,0.0,0.0,2.0352188093468007e-06,1.1758428322089234e-08,5.1919802412170514e-08,0.0,0.0,2.035486092674625e-06,0.0,0.0,2.099164323408885e-06,2.035920955040494e-08,6.170939514534671e-08,0.0,0.0,2.2744860414675987e-06,0.0,0.0,2.3565546461633503e-06,0.0,0.0,0.0,0.0,0.0,0.0,0.0,0.0,0.0,0.0,0.0,0.0,0.0,0.0,0.0,0.0,0.0,0.0,0.0,0.0,0.0,0.0,0.0,0.0,0.0,0.0,0.0,0.0,0.0,0.0,0.0,0.0,0.0,0.0,0.0,0.0,0.0,0.0,0.0,0.0,0.0,0.0,0.0,0.0,0.0,0.0,0.0,0.0
0_00422,3.262670343860397e-09,1.9903401266669386e-07,0.0,0.0,9.580570379733182e-07,0.0,0.0,1.1603537209838724e-06,3.820625266779241e-07,5.033116957123436e-07,0.0,0.0,0.0,0.0,0.0,8.853742223902678e-07,6.119866991530451e-08,7.588816550240281e-08,0.0,0.0,0.0,0.0,0.0,1.370868354177073e-07,2.7085260462132957e-09,4.544206616662609e-07,0.0,0.0,6.165744887727975e-07,0.0,0.0,1.0737036764852715e-06,0.0,6.595936991077833e-08,0.0,0.0,1.0391087827517061e-08,0.0,0.0,7.635045773829539e-08,2.4089915489978e-08,2.060408496698216e-06,0.0,0.0,2.19387383287762e-07,0.0,4.8194267362326215e-08,2.3520800628382816e-06,6.247030875539234e-09,2.7613354651230124e-06,0.0,0.0,0.0,0.0,0.0,2.767582495998551e-06,3.639451224711001e-09,9.738377529692025e-07,0.0,0.0,1.525767115736918e-07,0.0,0.0,1.1300539157676052e-06,1.2756261842794589e-08,1.469223420838759e-06,0.0,2.364098540467433e-07,6.26328597935075e-06,0.0,0.0,7.981675516079045e-06,8.441736240959593e-08,4.439080852310714e-06,0.0,5.276794249622532e-07,3.899453019687916e-06,0.0,2.6302836483930786e-08,8.97693349585441e-06,3.262670343860397e-09,7.633237161626168e-07,0.0,0.0,9.580570379733182e-07,0.0,2.9895027834836834e-08,1.7545384523146323e-06,0.0,1.0722291133397877e-07,0.0,0.0,7.050340148914678e-07,0.0,0.0,8.122569262254466e-07,5.556170187506223e-09,2.48018899633166e-07,0.0,0.0,8.180008757478953e-07,0.0,0.0,1.0715759455685676e-06,3.650566641145368e-09,1.656378513630114e-07,1.3066980818575741e-08,4.89982695764033e-09,1.023236993551563e-06,0.0,0.0,1.2104922193319356e-06,3.262839775914388e-09,1.990425398251589e-07,0.0,0.0,9.581095297479643e-07,0.0,0.0,1.1604149093490376e-06,3.191340244978175e-08,2.759496905945068e-07,0.0,0.0,1.1801638431753737e-06,0.0,0.0,1.4880269362196622e-06,1.1044684865717153e-06,6.850576543693124e-07,0.0,0.0,1.0846968077032755e-06,0.0,0.0,2.8742229486443034e-06,8.149577838035913e-09,1.7587049797037085e-07,0.0,0.0,1.038377520394487e-06,0.0,0.0,1.2223975962028935e-06,4.732920964525557e-09,2.293851245838701e-07,0.0,0.0,9.15428499983616e-07,0.0,0.0,1.1495465455320116e-06,6.250017776276405e-09,2.506353444008252e-07,0.0,0.0,1.212874451649905e-06,0.0,0.0,1.4697598138270062e-06,0.0,0.0,0.0,0.0,0.0,0.0,0.0,0.0,0.0,0.0,0.0,0.0,0.0,0.0,0.0,0.0,0.0,0.0,0.0,0.0,0.0,0.0,0.0,0.0,0.0,0.0,0.0,0.0,0.0,0.0,0.0,0.0,0.0,0.0,0.0,0.0,0.0,0.0,0.0,0.0,0.0,0.0,0.0,0.0,0.0,0.0,0.0,0.0
0_00471,2.1502729977011228e-09,5.211686594469376e-07,0.0,0.0,1.740895072088723e-07,0.0,0.0,6.97408439653511e-07,2.632112998959004e-07,1.6843131836941077e-06,0.0,0.0,0.0,0.0,0.0,1.947524483590008e-06,1.6953110639511485e-08,2.8465536632052053e-07,0.0,0.0,0.0,0.0,0.0,3.016084769600321e-07,0.0,3.5414443368269205e-07,0.0,0.0,8.633833354499564e-08,0.0,0.0,4.404827672276877e-07,0.0,9.303508376623716e-09,0.0,0.0,9.982056852595096e-09,0.0,0.0,1.928556522921881e-08,0.0,2.3871927763032465e-06,0.0,0.0,1.3669520149759065e-07,0.0,2.241038772420229e-08,2.54629836552504e-06,0.0,1.3457143952038706e-06,0.0,0.0,0.0,0.0,0.0,1.3457143952038706e-06,0.0,1.111827865612135e-06,0.0,0.0,2.8917549311153194e-09,0.0,0.0,1.1147196205432506e-06,4.029436137297013e-09,1.720836808430863e-06,0.0,6.330789333362417e-08,5.542933011738333e-06,0.0,0.0,7.331107149640117e-06,8.582893424194733e-08,4.735502220503615e-06,0.0,2.556945780604067e-07,3.789763071856808e-06,0.0,7.55795037137219e-08,8.942368308376497e-06,5.598058134212371e-09,1.3876352862695089e-06,0.0,0.0,1.740895072088723e-07,0.0,2.7178704570148266e-08,1.594501556182742e-06,8.843621071931872e-09,3.285409446974184e-07,0.0,0.0,1.324177076211845e-07,0.0,0.0,4.698022733905348e-07,7.978979504395181e-09,5.897968574502995e-07,0.0,0.0,9.731521605879749e-08,0.0,0.0,6.950910530134921e-07,3.1545024284728e-09,5.127274332825709e-07,6.551979379251754e-09,0.0,1.970649653481714e-07,0.0,0.0,7.194988804384668e-07,2.150181856088148e-09,5.211489481425977e-07,0.0,0.0,1.7408202602873408e-07,0.0,0.0,6.973811560274199e-07,9.831846671142409e-08,7.377799638556095e-07,0.0,0.0,1.563168187977152e-07,0.0,0.0,9.924152493647489e-07,1.5092455881042256e-06,2.091550906809324e-06,0.0,0.0,8.252407347773912e-08,0.0,0.0,3.6833205683912886e-06,0.0,5.275087280333726e-07,0.0,0.0,1.9655243106876346e-07,0.0,0.0,7.240611591021361e-07,0.0,4.11346647115839e-07,0.0,0.0,1.734126130218483e-07,0.0,0.0,5.847592601376872e-07,1.1515375774439541e-09,8.298631299529594e-07,0.0,0.0,3.087926070363787e-07,0.0,0.0,1.139807274566782e-06,0.0,0.0,0.0,0.0,0.0,0.0,0.0,0.0,0.0,0.0,0.0,0.0,0.0,0.0,0.0,0.0,0.0,0.0,0.0,0.0,0.0,0.0,0.0,0.0,0.0,0.0,0.0,0.0,0.0,0.0,0.0,0.0,0.0,0.0,0.0,0.0,0.0,0.0,0.0,0.0,0.0,0.0,0.0,0.0,0.0,0.0,0.0,0.0
0_00526,0.0,7.25390029407244e-07,0.0,0.0,4.669425476257706e-08,0.0,0.0,7.72084284169821e-07,1.1234657599978789e-07,2.4256511921524984e-06,0.0,0.0,0.0,0.0,0.0,2.537997768152286e-06,3.2218689254915957e-09,8.070144944417421e-07,0.0,0.0,0.0,0.0,0.0,8.102363633672336e-07,0.0,3.379102706617899e-07,0.0,0.0,3.068704623387805e-09,0.0,0.0,3.409789752851777e-07,0.0,4.264471271138828e-08,0.0,0.0,0.0,0.0,0.0,4.264471271138828e-08,0.0,2.378230235963497e-06,0.0,0.0,4.190316897765118e-08,0.0,2.101080439509708e-08,2.4411442093362454e-06,0.0,4.130517553288223e-07,0.0,0.0,0.0,0.0,0.0,4.130517553288223e-07,0.0,1.055510690056326e-06,0.0,0.0,0.0,0.0,0.0,1.055510690056326e-06,1.070604408576042e-08,1.7603055319510765e-06,0.0,5.5705361462457855e-09,3.768647920130443e-06,0.0,0.0,5.545230032313525e-06,6.945817477357884e-08,5.080557936249033e-06,0.0,2.298124093193849e-07,3.801753490730872e-06,0.0,4.320472602967135e-08,9.22478673710254e-06,0.0,1.4864759572660372e-06,0.0,0.0,4.669425476257706e-08,0.0,2.6275792554987253e-08,1.5594460045836011e-06,0.0,6.660074626596673e-07,0.0,0.0,3.4285800568137075e-08,0.0,0.0,7.002932632278043e-07,0.0,7.093914212945273e-07,0.0,0.0,5.811268353111638e-09,0.0,0.0,7.152026896476389e-07,0.0,7.387430957197263e-07,1.5232843739088734e-08,0.0,6.517346449955405e-08,0.0,0.0,8.191494039583693e-07,0.0,7.25386687131449e-07,0.0,0.0,4.6694044856925454e-08,0.0,0.0,7.720807319883743e-07,2.2849230603267763e-08,1.130629607207532e-06,0.0,0.0,2.0420837351686623e-08,0.0,0.0,1.1738996751624862e-06,8.736226760891073e-07,3.0494737809080608e-06,0.0,0.0,2.103388404575478e-09,0.0,0.0,3.925199845401743e-06,0.0,7.717468298979616e-07,0.0,0.0,2.4986964503358053e-08,0.0,0.0,7.967337944013198e-07,0.0,6.369599959171347e-07,0.0,0.0,1.2600650320318028e-08,0.0,0.0,6.495606462374527e-07,0.0,1.1864955421559558e-06,0.0,0.0,1.1243737912714805e-07,0.0,0.0,1.2989329212831039e-06,0.0,0.0,0.0,0.0,0.0,0.0,0.0,0.0,0.0,0.0,0.0,0.0,0.0,0.0,0.0,0.0,0.0,0.0,0.0,0.0,0.0,0.0,0.0,0.0,0.0,0.0,0.0,0.0,0.0,0.0,0.0,0.0,0.0,0.0,0.0,0.0,0.0,0.0,0.0,0.0,0.0,0.0,0.0,0.0,0.0,0.0,0.0,0.0
0_00587,5.614092197856654e-10,5.473223602671812e-07,0.0,0.0,1.859893816543888e-07,0.0,0.0,7.338731511413556e-07,2.2629556996094334e-07,1.8691408705501217e-06,0.0,0.0,0.0,0.0,0.0,2.095436440511065e-06,2.219900313651567e-08,3.539005383691129e-07,0.0,0.0,0.0,0.0,0.0,3.760995415056285e-07,0.0,4.0482320508500497e-07,0.0,0.0,5.381305639506458e-08,0.0,0.0,4.586362614800695e-07,0.0,5.5727748106249543e-08,0.0,0.0,7.786773471637336e-09,0.0,0.0,6.351452157788687e-08,2.6084784843440722e-08,2.5606724568441377e-06,0.0,0.0,9.267166642567961e-08,0.0,6.089843274760909e-08,2.740327340860868e-06,0.0,1.1964009863975025e-06,0.0,0.0,0.0,0.0,0.0,1.1964009863975025e-06,0.0,1.1702473280507032e-06,0.0,0.0,6.488186005688166e-09,0.0,0.0,1.1767355140563916e-06,2.4057616587723468e-08,1.544407519300228e-06,0.0,7.782374941171403e-08,4.608248726736206e-06,0.0,0.0,6.25453761203587e-06,6.624523886325569e-08,5.467715476366186e-06,0.0,2.421086210383233e-07,3.391349832119965e-06,0.0,3.8715897809111015e-08,9.206135066196842e-06,4.410516340410927e-09,1.5078332909131043e-06,0.0,0.0,1.859893816543888e-07,0.0,2.599334585143361e-08,1.7242265347593378e-06,1.919318723716097e-09,4.059336906933254e-07,0.0,0.0,1.5684783642452308e-07,0.0,0.0,5.647008458415646e-07,0.0,4.5788168371092e-07,0.0,0.0,9.127729379006738e-08,0.0,0.0,5.491589775009874e-07,0.0,5.110137683733234e-07,2.0121649010741778e-08,0.0,2.1416851275842842e-07,0.0,0.0,7.453039301424934e-07,5.61382318668246e-10,5.472985768993955e-07,0.0,0.0,1.859805725348425e-07,0.0,0.0,7.338405317529062e-07,1.0793171487141885e-07,6.730410637878438e-07,0.0,0.0,1.660121485127133e-07,0.0,0.0,9.46984927171976e-07,1.3462137010157762e-06,2.1620785397445693e-06,0.0,0.0,7.249613159943218e-08,0.0,0.0,3.580788372359777e-06,1.176901105922538e-09,5.318897298812602e-07,0.0,0.0,1.70467775315579e-07,0.0,0.0,7.035344063027617e-07,0.0,4.378483757119559e-07,0.0,0.0,1.794703988768856e-07,0.0,0.0,6.173187745888414e-07,0.0,7.493262256912196e-07,0.0,0.0,3.170949384846773e-07,0.0,0.0,1.066421164175897e-06,0.0,0.0,0.0,0.0,0.0,0.0,0.0,0.0,0.0,0.0,0.0,0.0,0.0,0.0,0.0,0.0,0.0,0.0,0.0,0.0,0.0,0.0,0.0,0.0,0.0,0.0,0.0,0.0,0.0,0.0,0.0,0.0,0.0,0.0,0.0,0.0,0.0,0.0,0.0,0.0,0.0,0.0,0.0,0.0,0.0,0.0,0.0,0.0
0_00655,0.0,3.037155414592196e-07,0.0,0.0,4.647764769569077e-07,0.0,0.0,7.684920184161272e-07,2.3917617553242135e-07,1.2527404874327043e-06,0.0,0.0,0.0,0.0,0.0,1.4919166629651256e-06,1.1150377094068809e-08,6.654609442522146e-08,0.0,0.0,0.0,0.0,0.0,7.769647151929026e-08,1.9044297869293557e-09,3.283358774921061e-07,0.0,0.0,1.0833103274384869e-07,0.0,0.0,4.385713400228842e-07,0.0,6.152018590621832e-08,0.0,0.0,1.2409479454770976e-08,0.0,0.0,7.392966536098931e-08,3.8072372478726105e-08,2.603403721328081e-06,0.0,0.0,2.598467485885492e-07,0.0,3.807237248298212e-08,2.939395214878338e-06,0.0,1.8270237186614024e-06,0.0,0.0,0.0,0.0,0.0,1.8270237186614024e-06,0.0,1.1574245954755257e-06,0.0,0.0,7.34290937832361e-08,0.0,0.0,1.2308536892587616e-06,2.4271908772939927e-09,1.332809023004286e-06,0.0,1.675789004736838e-07,4.971001839264969e-06,0.0,0.0,6.473816953620233e-06,4.92897875018176e-08,5.239962535246157e-06,0.0,3.1689227089113695e-07,2.9904005745260493e-06,0.0,2.0935528207113e-08,8.617480696372275e-06,2.744368916455573e-09,1.2493780593661552e-06,0.0,0.0,4.647764769569077e-07,0.0,4.895304472482869e-08,1.7658519499643468e-06,4.906220561376176e-09,2.651410274409837e-07,0.0,0.0,3.0304739999725804e-07,0.0,0.0,5.730946479996179e-07,0.0,3.144427179281968e-07,0.0,0.0,3.710926165892522e-07,0.0,0.0,6.85535334517449e-07,0.0,3.246115148369388e-07,2.247340538373583e-09,0.0,4.357013660946288e-07,0.0,0.0,7.625602214699411e-07,0.0,3.037045248371843e-07,0.0,0.0,4.647565131659299e-07,0.0,0.0,7.684610380031142e-07,5.732477216901439e-08,4.118756371265273e-07,0.0,0.0,5.026276107438088e-07,0.0,0.0,9.718280200393506e-07,1.1807160756782133e-06,1.4347531881517585e-06,0.0,0.0,3.9482872219463813e-07,0.0,0.0,3.010297986024609e-06,0.0,3.175590073572915e-07,0.0,0.0,4.606276334120836e-07,0.0,0.0,7.781866407693751e-07,1.8202011360946583e-09,2.844723722549317e-07,0.0,0.0,4.179676641807314e-07,0.0,0.0,7.042602375717577e-07,9.566203377036278e-09,5.297165409275224e-07,0.0,0.0,5.505399449054995e-07,0.0,0.0,1.0898226892100582e-06,0.0,0.0,0.0,0.0,0.0,0.0,0.0,0.0,0.0,0.0,0.0,0.0,0.0,0.0,0.0,0.0,0.0,0.0,0.0,0.0,0.0,0.0,0.0,0.0,0.0,0.0,0.0,0.0,0.0,0.0,0.0,0.0,0.0,0.0,0.0,0.0,0.0,0.0,0.0,0.0,0.0,0.0,0.0,0.0,0.0,0.0,0.0,0.0
0_00732,1.3005001036800515e-09,1.811144004137116e-07,0.0,3.5791222221692017e-10,6.874073197724133e-07,0.0,0.0,8.701801325120218e-07,3.143577891474089e-07,5.896921334256457e-07,0.0,0.0,0.0,0.0,0.0,9.040499225730546e-07,6.059831269109286e-08,5.9303225198712944e-08,0.0,0.0,0.0,0.0,0.0,1.1990153788980578e-07,5.673291621826031e-09,4.776956684332626e-07,0.0,0.0,1.037717749045992e-07,0.0,0.0,5.871407349596878e-07,0.0,5.192704921284058e-08,0.0,0.0,0.0,0.0,0.0,5.192704921284058e-08,7.733575167479811e-09,2.7598226738349227e-06,0.0,0.0,2.751896582102787e-07,0.0,2.204900059640156e-07,3.2632359131766967e-06,1.774933602242861e-09,2.191140788948783e-06,0.0,0.0,0.0,0.0,0.0,2.192915722551026e-06,0.0,1.1421764257100497e-06,0.0,0.0,1.837692724865006e-07,0.0,0.0,1.3259456981965498e-06,1.3091089045400914e-08,1.135058827728178e-06,0.0,1.770421205375873e-07,4.742125167969958e-06,0.0,0.0,6.067317205281125e-06,3.6055796250690574e-08,5.517149668884042e-06,0.0,3.2618345081523977e-07,2.606727233564014e-06,0.0,1.2337118118748806e-08,8.498453267632734e-06,5.259483919723841e-08,1.374666212684715e-06,0.0,3.5791222221692017e-10,6.874073197724133e-07,0.0,2.1544835430806165e-07,2.3304746381846456e-06,0.0,1.167593767409194e-07,0.0,0.0,4.968132210341677e-07,0.0,0.0,6.13572597775087e-07,3.5785184069908315e-10,1.4509104567429814e-07,0.0,0.0,6.489280376081604e-07,0.0,0.0,7.943769351231576e-07,1.290624110847225e-09,2.013785607838563e-07,2.903485514799804e-09,3.5532713182146845e-10,6.748623301240414e-07,0.0,0.0,8.807903276653661e-07,1.3004419750313323e-09,1.8110847772937744e-07,0.0,3.578960150756645e-10,6.873761828398102e-07,0.0,0.0,8.701429985592946e-07,6.277721631985835e-08,2.784199818702727e-07,0.0,0.0,7.872800541891259e-07,0.0,0.0,1.1284772523792568e-06,1.0094091265911643e-06,1.0748912836677604e-06,0.0,0.0,6.601791124327527e-07,0.0,0.0,2.7444795226916767e-06,0.0,1.8251774162661706e-07,0.0,0.0,7.041049383313204e-07,0.0,0.0,8.866226799579376e-07,7.12175665774948e-10,1.9476517539161018e-07,0.0,0.0,5.900288704898618e-07,0.0,0.0,7.855062215472469e-07,0.0,2.315679216505323e-07,0.0,2.388384594949637e-09,7.544475769681543e-07,0.0,0.0,9.884038832136363e-07,0.0,0.0,0.0,0.0,0.0,0.0,0.0,0.0,0.0,0.0,0.0,0.0,0.0,0.0,0.0,0.0,0.0,0.0,0.0,0.0,0.0,0.0,0.0,0.0,0.0,0.0,0.0,0.0,0.0,0.0,0.0,0.0,0.0,0.0,0.0,0.0,0.0,0.0,0.0,0.0,0.0,0.0,0.0,0.0,0.0,0.0,0.0,0.0
0_00817,8.39424532563068e-10,7.908163977938153e-08,0.0,0.0,7.866541285234824e-07,0.0,0.0,8.66575192835427e-07,3.239742095116329e-07,2.190369952026585e-07,0.0,0.0,0.0,0.0,0.0,5.430112047142914e-07,4.648707472209834e-08,6.307016886871938e-08,0.0,0.0,0.0,0.0,0.0,1.0955724359081772e-07,0.0,4.4181676289778004e-07,0.0,0.0,2.1343588876027297e-07,0.0,0.0,6.552526516580529e-07,0.0,4.290487871100363e-08,0.0,0.0,0.0,0.0,0.0,4.290487871100363e-08,0.0,2.8707737287859764e-06,0.0,0.0,1.9278260013161094e-07,0.0,8.762847564070747e-08,3.151184804558295e-06,5.824255118148873e-09,2.391297260535456e-06,0.0,0.0,0.0,0.0,0.0,2.397121515653605e-06,0.0,1.204503768190561e-06,0.0,0.0,9.460226219635909e-08,0.0,0.0,1.2991060303869198e-06,3.423514186899051e-09,1.036932119129929e-06,0.0,1.5116553044962632e-07,4.094311531505296e-06,0.0,0.0,5.285832695271751e-06,2.3393973139094413e-08,5.870393784858316e-06,0.0,2.248100782186544e-07,2.2556156313065384e-06,0.0,3.45669334420044e-09,8.377670160866802e-06,8.39424532563068e-10,1.145783820842568e-06,0.0,0.0,7.866541285234824e-07,0.0,2.2713643241540947e-08,1.9559910171401542e-06,0.0,5.9305965951194495e-08,0.0,0.0,6.312466312879108e-07,0.0,0.0,6.905525972391053e-07,7.721202164616464e-09,1.125816664720988e-07,0.0,0.0,7.896324794714255e-07,0.0,0.0,9.099353481081408e-07,0.0,6.777870943941187e-08,1.2854493431702396e-08,5.81902835574191e-09,8.475826279545303e-07,0.0,0.0,9.340348591813866e-07,8.395253540353575e-10,7.908912685771842e-08,0.0,0.0,7.867504263649928e-07,0.0,0.0,8.666790785767466e-07,5.1191232274881024e-08,6.992316386986381e-08,0.0,0.0,1.1153751065460083e-06,0.0,0.0,1.2364895026907534e-06,7.636591621882517e-07,9.729668414861407e-07,0.0,0.0,1.1202408950769348e-06,0.0,0.0,2.8568668987513272e-06,7.65323149497319e-09,7.094709408096824e-08,0.0,0.0,8.105900252792872e-07,0.0,0.0,8.891903508552286e-07,0.0,1.4530165540230844e-07,0.0,0.0,7.165124532137525e-07,0.0,0.0,8.618141086160609e-07,1.0372374290501298e-08,9.88801423633488e-08,0.0,0.0,8.659550677100351e-07,0.0,0.0,9.752075843638851e-07,0.0,0.0,0.0,0.0,0.0,0.0,0.0,0.0,0.0,0.0,0.0,0.0,0.0,0.0,0.0,0.0,0.0,0.0,0.0,0.0,0.0,0.0,0.0,0.0,0.0,0.0,0.0,0.0,0.0,0.0,0.0,0.0,0.0,0.0,0.0,0.0,0.0,0.0,0.0,0.0,0.0,0.0,0.0,0.0,0.0,0.0,0.0,0.0
0_00912,7.474727619687034e-09,7.767707922791119e-08,0.0,0.0,8.644491234215602e-07,0.0,0.0,9.496009302691582e-07,2.900608838584391e-07,1.6313690529776854e-07,0.0,0.0,0.0,0.0,0.0,4.531977891562077e-07,4.190610357205708e-08,4.051944772723325e-08,0.0,0.0,0.0,0.0,0.0,8.242555129929034e-08,1.4520717571442202e-08,3.885927330359841e-07,0.0,0.0,4.321478743374473e-07,0.0,0.0,8.352613249448736e-07,0.0,3.4783159133444034e-08,0.0,0.0,0.0,0.0,0.0,3.4783159133444034e-08,3.3946684032737795e-08,3.2597079264431376e-06,0.0,0.0,2.328819266859624e-07,0.0,8.486671057897634e-08,3.6114032477408153e-06,4.345833215677256e-09,2.502712336484821e-06,0.0,0.0,2.6896195921320904e-08,0.0,0.0,2.5339543656218185e-06,4.477486574786281e-09,1.3458978691485288e-06,0.0,0.0,6.567120844014952e-08,0.0,0.0,1.4160465641634644e-06,3.0009673179132833e-09,1.0106472983320085e-06,0.0,4.240499224146168e-08,3.5615144218068355e-06,0.0,0.0,4.617567679698218e-06,1.4173726871520182e-08,5.677658064189105e-06,0.0,1.7140825987858816e-07,1.852122922054544e-06,0.0,2.655974578805739e-09,7.718018947572564e-06,3.7355660114622144e-08,1.1899893712112402e-06,0.0,0.0,8.644491234215602e-07,0.0,1.137985877711652e-07,2.205592742518588e-06,4.720968791563875e-09,9.004374421527054e-08,0.0,0.0,6.596897032009773e-07,0.0,0.0,7.544544162078118e-07,1.3093059436492104e-08,9.052745521565185e-08,0.0,0.0,8.578987854516163e-07,0.0,0.0,9.615193001037604e-07,7.486396335021238e-09,1.0009170149329062e-07,1.3220660847578894e-08,0.0,8.469356319759997e-07,0.0,0.0,9.677343906518906e-07,7.474907127752711e-09,7.767891680241586e-08,0.0,0.0,8.644736677320462e-07,0.0,0.0,9.496274916622148e-07,3.211261408470349e-09,1.60156397650212e-07,0.0,0.0,1.2863646322723214e-06,0.0,0.0,1.449732291331004e-06,3.363106771298524e-07,7.347153975103127e-07,0.0,0.0,1.3037437918879038e-06,0.0,0.0,2.374769866528069e-06,6.211540878536091e-09,8.29066292570035e-08,0.0,0.0,8.290563473146281e-07,0.0,0.0,9.181745174501676e-07,1.4371044000162884e-08,1.0980535732821993e-07,0.0,0.0,7.910353173618829e-07,0.0,0.0,9.152117186902656e-07,8.349549671569912e-09,6.897970375179474e-08,0.0,0.0,7.416194793401818e-07,0.0,0.0,8.189487327635464e-07,0.0,0.0,0.0,0.0,0.0,0.0,0.0,0.0,0.0,0.0,0.0,0.0,0.0,0.0,0.0,0.0,0.0,0.0,0.0,0.0,0.0,0.0,0.0,0.0,0.0,0.0,0.0,0.0,0.0,0.0,0.0,0.0,0.0,0.0,0.0,0.0,0.0,0.0,0.0,0.0,0.0,0.0,0.0,0.0,0.0,0.0,0.0,0.0
0_01018,2.214220433386768e-09,5.271624079067804e-08,0.0,0.0,6.239784578023907e-07,0.0,0.0,6.789089190264555e-07,2.0821061735598505e-07,1.5390129343625786e-07,0.0,0.0,0.0,0.0,0.0,3.621119107922429e-07,1.1490891178055013e-08,5.859215401389378e-08,0.0,0.0,0.0,0.0,0.0,7.00830451919488e-08,2.343833476738729e-09,2.931756050413885e-07,0.0,0.0,2.805452678530669e-07,0.0,0.0,5.760647063711941e-07,0.0,1.4996314402566505e-08,0.0,0.0,0.0,0.0,0.0,1.4996314402566505e-08,3.1089750834942083e-08,3.0977502826331496e-06,0.0,0.0,1.4059642267542001e-07,0.0,1.2497459834272977e-07,3.394411054486241e-06,1.8222233205960583e-09,2.254144640260275e-06,0.0,0.0,0.0,0.0,0.0,2.255966863580872e-06,0.0,1.4560597120731274e-06,0.0,0.0,4.39127005956648e-08,0.0,0.0,1.499972412668792e-06,1.5793940056914463e-08,9.432178674740444e-07,0.0,5.8289076744293566e-08,3.1278028236232232e-06,0.0,0.0,4.145103707898475e-06,1.514636953621076e-08,5.713165371042293e-06,0.0,1.1770755040205761e-07,1.5110511978624129e-06,0.0,0.0,7.357070488842973e-06,4.9862813452165356e-09,1.160035197074168e-06,0.0,0.0,6.239784578023907e-07,0.0,1.4360768150140825e-07,1.9326076177231835e-06,0.0,4.8873423048025295e-08,0.0,0.0,4.736956185306306e-07,0.0,0.0,5.22569041578656e-07,2.183395402981672e-10,8.024157316392926e-08,0.0,0.0,5.955641221573681e-07,0.0,0.0,6.760240348615956e-07,0.0,5.984987159163096e-08,3.157587185291463e-09,0.0,6.025077753298817e-07,0.0,0.0,6.655152341068042e-07,2.2140289314390768e-09,5.271301980227855e-08,0.0,0.0,6.239196083088531e-07,0.0,0.0,6.788466570425706e-07,1.9681870272821952e-08,2.099695951685777e-07,0.0,0.0,9.307858782731202e-07,0.0,0.0,1.1604373437145197e-06,4.86960260582328e-07,9.555688661053416e-07,0.0,0.0,9.022331359694128e-07,0.0,0.0,2.3447622626570825e-06,0.0,8.620340996460134e-08,0.0,0.0,5.741471534592205e-07,0.0,0.0,6.603505634238219e-07,2.6110460464687382e-09,6.213520407010846e-08,0.0,0.0,5.613823909050683e-07,0.0,0.0,6.261286410216455e-07,0.0,9.090054644189708e-08,0.0,1.0447944956656228e-08,5.549490915731406e-07,0.0,0.0,6.562975829716938e-07,0.0,0.0,0.0,0.0,0.0,0.0,0.0,0.0,0.0,0.0,0.0,0.0,0.0,0.0,0.0,0.0,0.0,0.0,0.0,0.0,0.0,0.0,0.0,0.0,0.0,0.0,0.0,0.0,0.0,0.0,0.0,0.0,0.0,0.0,0.0,0.0,0.0,0.0,0.0,0.0,0.0,0.0,0.0,0.0,0.0,0.0,0.0,0.0
0_01137,3.295127524991963e-08,2.077595722376201e-06,0.0,0.0,8.12498517370527e-07,0.0,0.0,2.923045514996648e-06,4.566361084589898e-07,7.8681990708583e-07,0.0,0.0,0.0,0.0,2.154032083185415e-09,1.2456100476280054e-06,1.1068585527166969e-07,2.546144476646954e-06,0.0,0.0,1.9122086238788453e-08,0.0,0.0,2.6759524181574125e-06,4.690035384458365e-08,4.711577402291588e-06,0.0,0.0,6.938590007149522e-07,0.0,0.0,5.452336756851124e-06,0.0,3.97060002451837e-08,0.0,0.0,0.0,0.0,0.0,3.97060002451837e-08,1.5219048464751878e-08,3.1767073388732903e-06,0.0,0.0,3.347806677394922e-07,0.0,0.0,3.5267070550775348e-06,1.99371851071423e-09,2.110016127893556e-06,0.0,0.0,0.0,0.0,0.0,2.11200984640427e-06,1.1088580773158852e-08,1.6688378800891303e-06,0.0,0.0,1.961374457739981e-07,0.0,0.0,1.8760639066362872e-06,3.375998575607026e-08,3.489617426666728e-06,0.0,1.9235530498084624e-09,3.8091662792696462e-06,0.0,0.0,7.334467244742254e-06,6.7324069873860865e-09,3.0024440678290552e-06,0.0,2.38164065393448e-07,8.460791291384985e-07,0.0,0.0,4.093419669348388e-06,3.968906537594848e-08,2.1829822909911217e-06,0.0,0.0,8.12498517370527e-07,0.0,0.0,3.035169873737597e-06,2.5479816514972373e-08,1.9301953460168327e-06,0.0,0.0,6.019809290318651e-07,0.0,0.0,2.5576560915636697e-06,3.7550179243811713e-08,2.0668166816410986e-06,0.0,0.0,8.028746178379045e-07,0.0,0.0,2.907241478722815e-06,2.9241650019413925e-08,2.229743544930729e-06,1.3378278588619982e-08,0.0,8.127040143073553e-07,0.0,0.0,3.085067487846119e-06,3.29529934521199e-08,2.0777176123978e-06,0.0,0.0,8.125463792394347e-07,0.0,0.0,2.9232169850893543e-06,9.025828804204593e-08,4.622198794534197e-06,0.0,0.0,1.2043077579584647e-06,0.0,0.0,5.916764840534707e-06,1.8592992925124345e-06,1.9409359845888296e-05,0.0,0.0,1.235326840160322e-06,0.0,0.0,2.250398597856105e-05,4.247205886243472e-08,2.241345827751954e-06,0.0,0.0,8.012237127887485e-07,0.0,0.0,3.085041599403137e-06,3.8178041015737205e-09,1.757572928735542e-06,0.0,0.0,7.412735865087541e-07,0.0,0.0,2.502664319345869e-06,3.7948575375788304e-09,1.8140989524816544e-06,0.0,0.0,6.279449740876038e-07,0.0,0.0,2.4458387841068376e-06,0.0,0.0,0.0,0.0,0.0,0.0,0.0,0.0,0.0,0.0,0.0,0.0,0.0,0.0,0.0,0.0,0.0,0.0,0.0,0.0,0.0,0.0,0.0,0.0,0.0,0.0,0.0,0.0,0.0,0.0,0.0,0.0,0.0,0.0,0.0,0.0,0.0,0.0,0.0,0.0,0.0,0.0,0.0,0.0,0.0,0.0,0.0,0.0
0_01269,3.030389227108941e-08,2.246546042318122e-06,0.0,0.0,6.39330338772765e-07,0.0,0.0,2.916180273361976e-06,3.418319352516116e-07,7.258345352764767e-07,0.0,0.0,0.0,0.0,0.0,1.067666470528088e-06,1.0903678377515818e-07,2.3561120325254635e-06,0.0,0.0,7.4477584651706255e-09,0.0,0.0,2.472596574765792e-06,5.3419639295287774e-08,4.750943660775923e-06,0.0,0.0,5.979129159097952e-07,0.0,0.0,5.402276215981005e-06,0.0,3.843653487490925e-08,0.0,0.0,0.0,0.0,0.0,3.843653487490925e-08,2.9066420120296574e-08,3.5312591758424427e-06,0.0,0.0,2.0346443024551785e-07,0.0,0.0,3.7637900262082578e-06,6.88284752784685e-10,2.0279575669476625e-06,0.0,0.0,0.0,0.0,0.0,2.028645851700447e-06,3.343376039452446e-09,1.741613989382387e-06,0.0,0.0,1.574440124067685e-07,0.0,0.0,1.9024013778286087e-06,2.3497138769466533e-08,3.4958636051945023e-06,0.0,7.937842655591364e-10,3.1334059483504945e-06,0.0,0.0,6.653560476580022e-06,0.0,2.809414232837768e-06,0.0,1.568391772985782e-07,5.79307454079471e-07,0.0,0.0,3.545560864215817e-06,3.424958988458509e-08,2.417064110032559e-06,0.0,0.0,6.39330338772765e-07,0.0,0.0,3.0906440386899083e-06,2.3151077574004928e-08,1.964568205725681e-06,0.0,0.0,5.323330747527089e-07,0.0,0.0,2.520052358052396e-06,2.7357318184074385e-08,2.030528090889983e-06,0.0,0.0,6.724673758768064e-07,0.0,0.0,2.730352784950864e-06,2.6918639035022058e-08,2.357405178633823e-06,2.276310301768621e-09,0.0,6.424122136435785e-07,0.0,0.0,3.0290123416141915e-06,3.030102047007765e-08,2.246305999896098e-06,0.0,0.0,6.392606040515697e-07,0.0,0.0,2.915867624417745e-06,1.535736535141327e-07,4.905546536039562e-06,0.0,0.0,1.0199569607310137e-06,0.0,0.0,6.079077150284708e-06,1.7286797747669595e-06,1.995462749205113e-05,0.0,0.0,9.99966468812947e-07,0.0,0.0,2.268327373563104e-05,2.425664570510163e-08,2.188835595146783e-06,0.0,0.0,6.778081339375831e-07,0.0,0.0,2.890900374789468e-06,1.5975632379265896e-08,1.773892910262547e-06,0.0,0.0,6.861546164116197e-07,0.0,0.0,2.476023159053433e-06,6.312237290998751e-09,1.4543199986616815e-06,0.0,0.0,4.533887657888345e-07,0.0,0.0,1.9140210017415147e-06,0.0,0.0,0.0,0.0,0.0,0.0,0.0,0.0,0.0,0.0,0.0,0.0,0.0,0.0,0.0,0.0,0.0,0.0,0.0,0.0,0.0,0.0,0.0,0.0,0.0,0.0,0.0,0.0,0.0,0.0,0.0,0.0,0.0,0.0,0.0,0.0,0.0,0.0,0.0,0.0,0.0,0.0,0.0,0.0,0.0,0.0,0.0,0.0
0_01416,3.295761483273256e-08,2.164471865200694e-06,0.0,0.0,5.452163918248055e-07,0.0,0.0,2.7426458718582314e-06,2.320998894531232e-07,7.142412870147402e-07,0.0,0.0,0.0,0.0,0.0,9.463411764678636e-07,8.950332542077872e-08,2.243285476101812e-06,0.0,0.0,1.6961223066581823e-08,0.0,0.0,2.349750024589172e-06,8.806296640527458e-08,4.853253895905853e-06,0.0,0.0,5.10187158348148e-07,0.0,0.0,5.451504020659275e-06,0.0,4.2429795465191104e-08,0.0,0.0,0.0,0.0,0.0,4.2429795465191104e-08,2.7864757672411984e-08,3.175432772279886e-06,0.0,0.0,1.5334927809964814e-07,0.0,0.0,3.3566468080519457e-06,4.2852638696942974e-09,2.11099142678565e-06,0.0,0.0,0.0,0.0,0.0,2.115276690655344e-06,6.318612505045361e-09,1.6882311202400235e-06,0.0,0.0,1.1873418751799781e-07,0.0,0.0,1.8132839202630664e-06,2.6092114526048213e-08,3.572451985357327e-06,0.0,2.099594086491813e-09,2.534228752213301e-06,0.0,0.0,6.134872446183168e-06,0.0,2.4837370542460457e-06,0.0,1.796992249007127e-07,4.732834015649309e-07,0.0,0.0,3.1367196807116896e-06,7.464242048042826e-08,2.3018396316725226e-06,0.0,0.0,5.452163918248055e-07,0.0,0.0,2.9216984439777563e-06,2.2050712996969592e-08,2.00671506233138e-06,0.0,0.0,4.434966411431825e-07,0.0,0.0,2.472262416471532e-06,3.0619383839532375e-08,2.105754333446581e-06,0.0,0.0,5.918322585916205e-07,0.0,0.0,2.7282059758777334e-06,2.884560653994246e-08,2.2727885611296418e-06,1.664682134565019e-09,0.0,5.397480930490705e-07,0.0,0.0,2.84304694285322e-06,3.295282099955458e-08,2.164144836790151e-06,0.0,0.0,5.451317683409114e-07,0.0,0.0,2.742229426130617e-06,1.4024107091170228e-07,5.041362350355647e-06,0.0,0.0,8.573477931797756e-07,0.0,0.0,6.038951214447125e-06,1.6166527900215275e-06,2.046203600252484e-05,0.0,0.0,9.112642586307378e-07,0.0,0.0,2.2989953051177104e-05,2.2650686886606384e-08,2.2012125952399715e-06,0.0,0.0,5.86031519799197e-07,0.0,0.0,2.809894801925775e-06,2.202259582844736e-08,1.7963070774412548e-06,0.0,0.0,5.459588225117244e-07,0.0,0.0,2.3642884957814267e-06,4.393318807526028e-08,1.2190193160795047e-06,0.0,0.0,2.971935723669333e-07,0.0,0.0,1.5601460765216981e-06,0.0,0.0,0.0,0.0,0.0,0.0,0.0,0.0,0.0,0.0,0.0,0.0,0.0,0.0,0.0,0.0,0.0,0.0,0.0,0.0,0.0,0.0,0.0,0.0,0.0,0.0,0.0,0.0,0.0,0.0,0.0,0.0,0.0,0.0,0.0,0.0,0.0,0.0,0.0,0.0,0.0,0.0,0.0,0.0,0.0,0.0,0.0,0.0
0_01581,2.5363378750090346e-08,2.263492313576083e-06,0.0,0.0,4.717130687337005e-07,0.0,0.0,2.760568761059874e-06,1.764398465382506e-07,7.868523984504226e-07,0.0,0.0,0.0,0.0,1.957459770994709e-08,9.828668426986202e-07,5.5798681541443e-08,2.259326651502907e-06,0.0,0.0,0.0,0.0,0.0,2.31512533304435e-06,6.925395848216269e-08,4.631269590749832e-06,0.0,0.0,5.159394628224434e-07,0.0,0.0,5.216463012054438e-06,0.0,1.6343238343366258e-08,0.0,0.0,0.0,0.0,0.0,1.6343238343366258e-08,1.3366796965415552e-08,3.856744610703222e-06,0.0,0.0,1.336679696098347e-07,0.0,0.0,4.003779377278471e-06,5.7123125582332195e-09,2.2151371852584893e-06,0.0,0.0,0.0,0.0,0.0,2.2208494978167226e-06,3.11929709363272e-09,1.7634771401784984e-06,0.0,0.0,9.02508710593145e-08,0.0,0.0,1.8568473083314453e-06,3.7163014197933e-08,3.369017265058724e-06,0.0,8.129257941643196e-10,2.0437576714487827e-06,0.0,0.0,5.450750876499603e-06,1.532792108967389e-09,2.1357602590304863e-06,0.0,1.7435361623749526e-07,3.6174629486532433e-07,0.0,0.0,2.6733929622422736e-06,3.2788736974480084e-08,2.446791195443821e-06,0.0,0.0,4.717130687337005e-07,0.0,0.0,2.9512930011520017e-06,7.133767208878453e-09,2.060719064435818e-06,0.0,0.0,4.404596929736781e-07,0.0,0.0,2.508312524618375e-06,2.1858826889540778e-08,2.1255673013174496e-06,0.0,0.0,5.065629788394355e-07,0.0,0.0,2.6539891070464258e-06,1.4901181021741232e-08,2.36699944207973e-06,5.899759453717318e-09,0.0,5.025160944063721e-07,0.0,0.0,2.890316476961561e-06,2.5362770555119903e-08,2.2634283518329144e-06,0.0,0.0,4.716995344508365e-07,0.0,0.0,2.7604906568388706e-06,1.3623067273306262e-07,5.045547514314509e-06,0.0,0.0,8.004188639515122e-07,0.0,0.0,5.982197050999084e-06,1.6284949700187714e-06,2.085047621839857e-05,0.0,0.0,8.060403513616553e-07,0.0,0.0,2.3285011539779e-05,2.028134147199832e-08,2.1678284548825794e-06,0.0,0.0,4.958838853036568e-07,0.0,0.0,2.6839936816582347e-06,1.1101393774151664e-08,1.7694900178653164e-06,0.0,0.0,4.850075185063774e-07,0.0,0.0,2.2655989301458456e-06,1.92397019942028e-08,1.0854387528014907e-06,0.0,0.0,2.0938968417512005e-07,0.0,0.0,1.3140681389708133e-06,0.0,0.0,0.0,0.0,0.0,0.0,0.0,0.0,0.0,0.0,0.0,0.0,0.0,0.0,0.0,0.0,0.0,0.0,0.0,0.0,0.0,0.0,0.0,0.0,0.0,0.0,0.0,0.0,0.0,0.0,0.0,0.0,0.0,0.0,0.0,0.0,0.0,0.0,0.0,0.0,0.0,0.0,0.0,0.0,0.0,0.0,0.0,0.0
0_01765,2.1038990725812865e-08,2.18257651289551e-06,0.0,0.0,4.64148390376666e-07,0.0,0.0,2.6677638939979894e-06,1.1413808923554437e-07,1.1142680165671223e-06,0.0,0.0,0.0,0.0,1.208675229059994e-08,1.240492858093267e-06,7.542522975459416e-08,2.1267121448886777e-06,0.0,0.0,8.799359658876918e-09,0.0,0.0,2.2109367343021484e-06,5.0412098525059193e-08,4.757597024658502e-06,0.0,0.0,5.369993286382107e-07,0.0,0.0,5.345008451821772e-06,0.0,2.1941898149148883e-08,0.0,0.0,0.0,0.0,0.0,2.1941898149148883e-08,1.306471476106246e-08,3.432059750610164e-06,0.0,0.0,9.145298209154248e-08,0.0,1.3064714761062651e-08,3.5496421622238315e-06,1.493516682609477e-09,2.328913188769424e-06,0.0,0.0,0.0,0.0,0.0,2.3304067054520338e-06,4.81515500062491e-09,1.7637195546062072e-06,0.0,0.0,1.0824782362327745e-07,0.0,0.0,1.8767825332301097e-06,1.3578249001808618e-08,3.3606937982925474e-06,0.0,7.84577759277884e-10,1.6108056273021217e-06,0.0,0.0,4.985862252355755e-06,0.0,1.894284300961924e-06,0.0,2.349242169624435e-07,2.838008157746728e-07,0.0,0.0,2.41300933369904e-06,6.284189373201847e-08,2.4448175639917046e-06,0.0,0.0,4.64148390376666e-07,0.0,1.6645722173635557e-08,2.9884535702740247e-06,2.254627105369115e-08,1.989349410019761e-06,0.0,0.0,4.16581642093014e-07,0.0,0.0,2.4284773231664667e-06,4.214528127057104e-08,2.1997667379887047e-06,0.0,0.0,4.685135035229241e-07,0.0,0.0,2.7104255227822e-06,1.6885639515675707e-08,2.285238631703117e-06,0.0,0.0,4.656345626037337e-07,0.0,0.0,2.767758833822527e-06,2.1039800508508472e-08,2.182671923290396e-06,0.0,0.0,4.64169112090709e-07,0.0,0.0,2.667880835889613e-06,6.696295001689822e-08,5.057560486728717e-06,0.0,0.0,7.516356048719588e-07,0.0,0.0,5.876159041617575e-06,1.302566139470994e-06,2.0916763859580817e-05,0.0,0.0,7.849280523447632e-07,0.0,0.0,2.300425805139657e-05,9.907699232322786e-09,2.3228407664197657e-06,0.0,0.0,4.813571127179892e-07,0.0,0.0,2.814105578370077e-06,2.7811225518882258e-08,1.7630560048571912e-06,0.0,0.0,4.903936198087046e-07,0.0,0.0,2.2812608501847783e-06,6.03446475404162e-10,7.820526934370878e-07,0.0,0.0,1.6206337400541105e-07,0.0,0.0,9.44719513917903e-07,0.0,0.0,0.0,0.0,0.0,0.0,0.0,0.0,0.0,0.0,0.0,0.0,0.0,0.0,0.0,0.0,0.0,0.0,0.0,0.0,0.0,0.0,0.0,0.0,0.0,0.0,0.0,0.0,0.0,0.0,0.0,0.0,0.0,0.0,0.0,0.0,0.0,0.0,0.0,0.0,0.0,0.0,0.0,0.0,0.0,0.0,0.0,0.0
0_01971,1.5054347476620336e-08,2.1934626885308114e-06,0.0,0.0,5.121437953138554e-07,0.0,0.0,2.720660831321287e-06,8.667802243105082e-08,1.4529836979464356e-06,0.0,0.0,0.0,0.0,6.285016881437359e-09,1.5459467372589237e-06,5.390077353739648e-08,1.983680057530132e-06,0.0,0.0,0.0,0.0,0.0,2.037580831067528e-06,2.981710374725409e-08,4.645234884870146e-06,0.0,0.0,5.894527025549951e-07,0.0,0.0,5.264504691172395e-06,0.0,2.440288336809182e-09,0.0,0.0,0.0,0.0,0.0,2.440288336809182e-09,3.918961911404119e-08,3.984987725598787e-06,0.0,0.0,1.3063206371346733e-07,0.0,5.225282548538825e-08,4.207062233911684e-06,5.3361538471930106e-09,2.523056880522204e-06,0.0,0.0,0.0,0.0,0.0,2.528393034369396e-06,6.205078078352834e-09,1.782352059555022e-06,0.0,0.0,1.0469067932215493e-07,0.0,0.0,1.8932478169555287e-06,8.388084153293016e-09,3.269260720993721e-06,0.0,0.0,1.3143501041354648e-06,0.0,0.0,4.591998909282479e-06,0.0,1.4197227795168695e-06,0.0,2.3138324458626177e-07,1.7713461271231469e-07,0.0,0.0,1.8282406368154464e-06,5.209562806580437e-08,2.4214698645233524e-06,0.0,0.0,5.121437953138554e-07,0.0,6.831741676089114e-08,3.054026704663904e-06,1.7845327974073272e-08,2.034779936868274e-06,0.0,0.0,4.5004821104991793e-07,0.0,0.0,2.502673475892265e-06,1.853710491632029e-08,2.2208918455004035e-06,0.0,0.0,5.272164978926175e-07,0.0,0.0,2.766645448309341e-06,2.2403918569844546e-08,2.265697524851339e-06,1.1914142994217915e-09,0.0,5.078804412972405e-07,0.0,0.0,2.797173299017845e-06,1.5051385267141804e-08,2.1930236137840578e-06,0.0,0.0,5.120385117234519e-07,0.0,0.0,2.7201135107746507e-06,1.1033728641395565e-07,4.900571676373243e-06,0.0,0.0,8.676504754623138e-07,0.0,0.0,5.878559438249512e-06,1.3225778775675876e-06,2.052092857491715e-05,0.0,0.0,8.783290822462405e-07,0.0,0.0,2.2721835534730974e-05,1.58123799241799e-08,2.2409213458264177e-06,0.0,0.0,5.177778302302082e-07,0.0,0.0,2.774511555980805e-06,2.8033709459847333e-08,1.6470638760370769e-06,0.0,0.0,5.44617028255775e-07,0.0,0.0,2.219714613752699e-06,4.194511346818623e-09,3.744659166531356e-07,0.0,0.0,1.2752938367336352e-07,0.0,0.0,5.061898116733178e-07,0.0,0.0,0.0,0.0,0.0,0.0,0.0,0.0,0.0,0.0,0.0,0.0,0.0,0.0,0.0,0.0,0.0,0.0,0.0,0.0,0.0,0.0,0.0,0.0,0.0,0.0,0.0,0.0,0.0,0.0,0.0,0.0,0.0,0.0,0.0,0.0,0.0,0.0,0.0,0.0,0.0,0.0,0.0,0.0,0.0,0.0,0.0,0.0
0_022,2.708612583710169e-10,1.5369424718140694e-08,0.0,0.0,6.385491673640516e-07,0.0,0.0,6.541894533405635e-07,1.7844665989077695e-09,5.737587422530488e-07,0.0,0.0,0.0,0.0,0.0,5.755432088519566e-07,0.0,3.819284929602345e-07,0.0,0.0,0.0,0.0,0.0,3.819284929602345e-07,1.1208866824692203e-09,0.0,0.0,0.0,7.265991502921364e-07,0.0,0.0,7.277200369746057e-07,0.0,0.0,0.0,0.0,0.0,0.0,0.0,0.0,1.2868579439445966e-08,1.2868579439445969e-06,0.0,0.0,1.0294863551556773e-07,0.0,1.2868579439445966e-08,1.4155437383390564e-06,0.0,1.1310863319098537e-06,0.0,0.0,0.0,0.0,0.0,1.1310863319098537e-06,0.0,6.7407252248661e-08,0.0,0.0,7.834512848684332e-08,0.0,0.0,1.4575238073550433e-07,1.1561680776740615e-09,2.352469301087065e-09,0.0,0.0,1.170668852551186e-06,0.0,0.0,1.1741774899299472e-06,0.0,2.6772353937878342e-09,0.0,8.177673006544733e-09,1.0859757935175705e-07,0.0,0.0,1.194524877520896e-07,3.0426181562327563e-08,4.237301753074493e-07,0.0,0.0,6.385491673640516e-07,0.0,0.0,1.0927055242338286e-06,5.66669563400437e-10,2.280017102495997e-09,0.0,0.0,5.635849676839393e-07,0.0,0.0,5.664316543498358e-07,3.325702597096697e-10,1.7678176569853427e-09,0.0,0.0,6.275553399712316e-07,0.0,0.0,6.296557278879265e-07,1.1125966451711076e-09,1.9632914985675668e-08,1.196651805132819e-09,0.0,6.349303122145401e-07,0.0,0.0,6.568724756505197e-07,2.709003483070471e-10,1.53711136695546e-08,0.0,0.0,6.38642292397621e-07,0.0,0.0,6.542843064154825e-07,9.821658268493093e-09,1.620627781447679e-07,0.0,2.0570933954170646e-10,1.0844383390038498e-06,0.0,0.0,1.2565284847566524e-06,3.5903385706582226e-07,1.3027117471833051e-06,0.0,0.0,1.1211468243669677e-06,0.0,0.0,2.782892428616095e-06,4.000532040720827e-09,1.526072685611532e-08,0.0,0.0,6.454698965228377e-07,0.0,0.0,6.647311554196738e-07,0.0,6.152310501446393e-08,0.0,3.676357086649362e-10,6.836766732545225e-07,0.0,0.0,7.455674139776514e-07,2.945099183077393e-09,6.88026073604648e-08,0.0,0.0,1.1961029235253725e-07,0.0,0.0,1.9135799889607947e-07,0.0,0.0,0.0,0.0,0.0,0.0,0.0,0.0,0.0,0.0,0.0,0.0,0.0,0.0,0.0,0.0,0.0,0.0,0.0,0.0,0.0,0.0,0.0,0.0,0.0,0.0,0.0,0.0,0.0,0.0,0.0,0.0,0.0,0.0,0.0,0.0,0.0,0.0,0.0,0.0,0.0,0.0,0.0,0.0,0.0,0.0,0.0,0.0
0_0244,6.549708387927174e-10,1.4079374790331553e-08,0.0,5.075285507810456e-10,8.191895974140112e-07,0.0,0.0,8.344314715939166e-07,0.0,6.226135320573993e-07,0.0,0.0,0.0,0.0,0.0,6.226135320573993e-07,0.0,4.28323472222727e-07,0.0,0.0,0.0,0.0,0.0,4.28323472222727e-07,0.0,0.0,0.0,0.0,8.685763977559887e-07,0.0,0.0,8.685763977559887e-07,0.0,1.2868579439445966e-08,0.0,0.0,0.0,0.0,0.0,1.2868579439445966e-08,0.0,1.3254636822629343e-06,0.0,0.0,1.1581721495501369e-07,0.0,3.86057383183379e-08,1.479886635536286e-06,0.0,1.1118483911095146e-06,0.0,0.0,2.834823387983355e-09,0.0,0.0,1.1146832144974978e-06,0.0,3.739252733039656e-08,0.0,0.0,1.034310287507502e-07,0.0,0.0,1.4082355608114678e-07,2.7083710036969723e-10,4.638700355563355e-09,0.0,2.1091927197729547e-10,1.1127088797341513e-06,0.0,0.0,1.117829336462062e-06,0.0,1.5399832164277611e-09,0.0,3.921359103339241e-09,1.261776167566574e-07,0.0,0.0,1.3163895907642438e-07,4.555577884524655e-08,5.8605030672893e-07,0.0,5.075285507810456e-10,8.191895974140112e-07,0.0,4.31392005032452e-08,1.4944424120422135e-06,0.0,6.6681277407082114e-09,0.0,5.11219764512447e-10,7.257513148791646e-07,0.0,0.0,7.329306623843853e-07,0.0,1.4075709088860633e-08,0.0,0.0,8.118315297275298e-07,0.0,0.0,8.259072388163904e-07,0.0,1.4075123424041333e-08,1.318543791841631e-09,2.8965071355121927e-10,8.160754713503259e-07,0.0,0.0,8.317587892797601e-07,6.55402789904452e-10,1.4085468213080097e-08,0.0,5.078680243575643e-10,8.197380370031168e-07,0.0,0.0,8.349867760304589e-07,1.0280253099494313e-08,1.5632485442161797e-07,0.0,2.6171052573215005e-10,1.3582072156696865e-06,0.0,0.0,1.5250740337165307e-06,3.0199511104357225e-07,1.2243176702165165e-06,0.0,3.2886725681248207e-10,1.4431998796059637e-06,0.0,0.0,2.9698415281228645e-06,6.772972848376487e-10,1.0890549768263874e-08,0.0,1.1108842584681523e-10,8.164234636259054e-07,0.0,0.0,8.281023991048537e-07,0.0,2.6202205099823324e-08,0.0,1.091500687997479e-09,8.778812938844497e-07,0.0,0.0,9.051749996722704e-07,6.100525785090496e-09,2.371720334506453e-07,0.0,0.0,1.326514417159757e-07,0.0,0.0,3.7592400095171145e-07,0.0,0.0,0.0,0.0,0.0,0.0,0.0,0.0,0.0,0.0,0.0,0.0,0.0,0.0,0.0,0.0,0.0,0.0,0.0,0.0,0.0,0.0,0.0,0.0,0.0,0.0,0.0,0.0,0.0,0.0,0.0,0.0,0.0,0.0,0.0,0.0,0.0,0.0,0.0,0.0,0.0,0.0,0.0,0.0,0.0,0.0,0.0,0.0
0_02705,0.0,4.0136961927819686e-09,0.0,3.5912280033254673e-10,9.542231384720116e-07,0.0,0.0,9.585959574651262e-07,0.0,7.049310851363356e-07,0.0,0.0,0.0,0.0,0.0,7.049310851363356e-07,0.0,4.788660662697026e-07,0.0,0.0,0.0,0.0,0.0,4.788660662697026e-07,1.0627934236818522e-09,2.4647619336112913e-09,0.0,0.0,1.003234659214178e-06,0.0,0.0,1.006762214571471e-06,0.0,0.0,0.0,0.0,0.0,0.0,0.0,0.0,0.0,1.7243896448857596e-06,0.0,2.5737158878891932e-08,1.544229532733516e-07,0.0,2.573715887889193e-08,1.930286915916895e-06,0.0,1.110971793251676e-06,0.0,0.0,0.0,0.0,0.0,1.110971793251676e-06,2.3404566516230307e-09,5.943553651836668e-08,0.0,5.176842203444684e-10,8.469434624168023e-08,0.0,0.0,1.469880236320144e-07,0.0,1.5854526753484253e-08,0.0,1.7684543486788082e-10,1.066733280706786e-06,0.0,0.0,1.082764652895138e-06,0.0,8.972227052192523e-09,0.0,4.030584952309991e-09,7.039828370764183e-08,0.0,0.0,8.340109571214436e-08,1.832490664187713e-08,8.441287992469333e-07,0.0,3.5912280033254673e-10,9.542231384720116e-07,0.0,0.0,1.8170359671611544e-06,1.5819868312304428e-10,1.0996525808273456e-08,0.0,6.011104420049212e-10,8.480031875604201e-07,0.0,0.0,8.597590224938216e-07,1.5169928329553335e-09,1.6897011460428792e-08,0.0,7.954935485087486e-10,9.596130676339493e-07,0.0,0.0,9.788225654758422e-07,0.0,4.014417448193925e-09,0.0,3.59193578014194e-10,9.544115688654283e-07,0.0,0.0,9.587851798916368e-07,0.0,4.015166773524373e-09,0.0,3.5926711283079036e-10,9.546073396937354e-07,0.0,0.0,9.589817735800908e-07,9.436491306379002e-09,4.936319959444216e-08,0.0,1.317680775113238e-09,1.6189116493102496e-06,0.0,0.0,1.679029020986184e-06,2.603871888911546e-07,1.295481569937664e-06,0.0,8.340962336996196e-10,1.7351935763513725e-06,0.0,0.0,3.2918964314138896e-06,4.545674110861527e-10,6.164224575043957e-09,0.0,3.3506282189540856e-10,9.398302269537488e-07,0.0,0.0,9.467840817617744e-07,1.760478786575819e-09,5.8417907594170975e-08,0.0,1.044763131965545e-09,1.0781864568647227e-06,0.0,0.0,1.1394096063774349e-06,7.756498140263402e-09,5.078738201063331e-07,0.0,0.0,1.4224691155934428e-07,0.0,0.0,6.578772298059407e-07,0.0,0.0,0.0,0.0,0.0,0.0,0.0,0.0,0.0,0.0,0.0,0.0,0.0,0.0,0.0,0.0,0.0,0.0,0.0,0.0,0.0,0.0,0.0,0.0,0.0,0.0,0.0,0.0,0.0,0.0,0.0,0.0,0.0,0.0,0.0,0.0,0.0,0.0,0.0,0.0,0.0,0.0,0.0,0.0,0.0,0.0,0.0,0.0
0_03,2.334335424836632e-09,8.715551847616273e-09,0.0,2.297794061222666e-10,8.498563556172831e-07,0.0,0.0,8.611360222958581e-07,0.0,7.800219086474579e-07,0.0,0.0,0.0,0.0,0.0,7.800219086474579e-07,0.0,6.415564232027769e-07,0.0,0.0,0.0,0.0,0.0,6.415564232027769e-07,2.500300324311461e-09,0.0,0.0,0.0,8.580640874702663e-07,0.0,0.0,8.605643877945777e-07,0.0,0.0,0.0,0.0,0.0,0.0,0.0,0.0,2.573715887889193e-08,1.930286915916895e-06,0.0,0.0,1.930286915916895e-07,0.0,9.008005607612177e-08,2.239132822463598e-06,0.0,1.2682567211492402e-06,0.0,0.0,0.0,0.0,0.0,1.2682567211492402e-06,0.0,6.6898262205980205e-09,0.0,0.0,2.7624806546298543e-08,0.0,0.0,3.4314632766896565e-08,0.0,1.5429720018760807e-08,0.0,2.3161705249799776e-10,1.2139090588755332e-06,0.0,0.0,1.229570395946792e-06,0.0,1.473204634799439e-09,0.0,8.433446679937267e-09,7.125224244933128e-08,0.0,0.0,8.1158893764068e-08,9.306978774088613e-08,1.0290042010261624e-06,0.0,2.297794061222666e-10,8.498563556172831e-07,0.0,1.0404289527434777e-07,2.0762030190648016e-06,8.874389475961751e-10,1.3819863421193901e-08,0.0,4.73219670290897e-10,7.620750703797565e-07,0.0,0.0,7.772555924188375e-07,1.25170496691626e-09,0.0,0.0,1.6171446735582694e-10,8.354273140963259e-07,0.0,0.0,8.368407335305982e-07,2.3349649979898547e-09,8.717764961919363e-09,0.0,2.2984746132323286e-10,8.501083858912136e-07,0.0,0.0,8.61390963312446e-07,2.3340417197830766e-09,8.714519373154268e-09,0.0,2.2974765859972103e-10,8.497387844076948e-07,0.0,0.0,8.610170931592319e-07,1.3787479935849992e-08,1.1987262993703412e-07,0.0,8.48248414353603e-10,1.4326076226733374e-06,0.0,0.0,1.567115980960575e-06,3.164818965632896e-07,1.5919320591026436e-06,0.0,6.74065595584553e-10,1.54788905116155e-06,0.0,0.0,3.4569770724230675e-06,2.069196072103636e-09,1.7958849190402892e-08,0.0,2.271140463559512e-10,8.374392168683548e-07,0.0,0.0,8.576943761772174e-07,5.079776725859177e-10,8.718979093560785e-08,0.0,5.481247170185335e-10,8.896176927678898e-07,0.0,0.0,9.77863586093102e-07,7.610055202456089e-09,8.577804573625196e-07,0.0,0.0,1.1444182362347405e-07,0.0,0.0,9.7983233618845e-07,0.0,0.0,0.0,0.0,0.0,0.0,0.0,0.0,0.0,0.0,0.0,0.0,0.0,0.0,0.0,0.0,0.0,0.0,0.0,0.0,0.0,0.0,0.0,0.0,0.0,0.0,0.0,0.0,0.0,0.0,0.0,0.0,0.0,0.0,0.0,0.0,0.0,0.0,0.0,0.0,0.0,0.0,0.0,0.0,0.0,0.0,0.0,0.0
