Z_i,A channel V  [Msun^{-1}],A channel I  [Msun^{-1}],A channel II  [Msun^{-1}],A channel III  [Msun^{-1}],A channel IV  [Msun^{-1}],A channel VI  [Msun^{-1}],A channel VII  [Msun^{-1}],A All  [Msun^{-1}],B channel V  [Msun^{-1}],B channel I  [Msun^{-1}],B channel II  [Msun^{-1}],B channel III  [Msun^{-1}],B channel IV  [Msun^{-1}],B channel VI  [Msun^{-1}],B channel VII  [Msun^{-1}],B All  [Msun^{-1}],C channel V  [Msun^{-1}],C channel I  [Msun^{-1}],C channel II  [Msun^{-1}],C channel III  [Msun^{-1}],C channel IV  [Msun^{-1}],C channel VI  [Msun^{-1}],C channel VII  [Msun^{-1}],C All  [Msun^{-1}],D channel V  [Msun^{-1}],D channel I  [Msun^{-1}],D channel II  [Msun^{-1}],D channel III  [Msun^{-1}],D channel IV  [Msun^{-1}],D channel VI  [Msun^{-1}],D channel VII  [Msun^{-1}],D All  [Msun^{-1}],E channel V  [Msun^{-1}],E channel I  [Msun^{-1}],E channel II  [Msun^{-1}],E channel III  [Msun^{-1}],E channel IV  [Msun^{-1}],E channel VI  [Msun^{-1}],E channel VII  [Msun^{-1}],E All  [Msun^{-1}],F channel V  [Msun^{-1}],F channel I  [Msun^{-1}],F channel II  [Msun^{-1}],F channel III  [Msun^{-1}],F channel IV  [Msun^{-1}],F channel VI  [Msun^{-1}],F channel VII  [Msun^{-1}],F All  [Msun^{-1}],G channel V  [Msun^{-1}],G channel I  [Msun^{-1}],G channel II  [Msun^{-1}],G channel III  [Msun^{-1}],G channel IV  [Msun^{-1}],G channel VI  [Msun^{-1}],G channel VII  [Msun^{-1}],G All  [Msun^{-1}],H channel V  [Msun^{-1}],H channel I  [Msun^{-1}],H channel II  [Msun^{-1}],H channel III  [Msun^{-1}],H channel IV  [Msun^{-1}],H channel VI  [Msun^{-1}],H channel VII  [Msun^{-1}],H All  [Msun^{-1}],I channel V  [Msun^{-1}],I channel I  [Msun^{-1}],I channel II  [Msun^{-1}],I channel III  [Msun^{-1}],I channel IV  [Msun^{-1}],I channel VI  [Msun^{-1}],I channel VII  [Msun^{-1}],I All  [Msun^{-1}],J channel V  [Msun^{-1}],J channel I  [Msun^{-1}],J channel II  [Msun^{-1}],J channel III  [Msun^{-1}],J channel IV  [Msun^{-1}],J channel VI  [Msun^{-1}],J channel VII  [Msun^{-1}],J All  [Msun^{-1}],K channel V  [Msun^{-1}],K channel I  [Msun^{-1}],K channel II  [Msun^{-1}],K channel III  [Msun^{-1}],K channel IV  [Msun^{-1}],K channel VI  [Msun^{-1}],K channel VII  [Msun^{-1}],K All  [Msun^{-1}],L channel V  [Msun^{-1}],L channel I  [Msun^{-1}],L channel II  [Msun^{-1}],L channel III  [Msun^{-1}],L channel IV  [Msun^{-1}],L channel VI  [Msun^{-1}],L channel VII  [Msun^{-1}],L All  [Msun^{-1}],M channel V  [Msun^{-1}],M channel I  [Msun^{-1}],M channel II  [Msun^{-1}],M channel III  [Msun^{-1}],M channel IV  [Msun^{-1}],M channel VI  [Msun^{-1}],M channel VII  [Msun^{-1}],M All  [Msun^{-1}],N channel V  [Msun^{-1}],N channel I  [Msun^{-1}],N channel II  [Msun^{-1}],N channel III  [Msun^{-1}],N channel IV  [Msun^{-1}],N channel VI  [Msun^{-1}],N channel VII  [Msun^{-1}],N All  [Msun^{-1}],O channel V  [Msun^{-1}],O channel I  [Msun^{-1}],O channel II  [Msun^{-1}],O channel III  [Msun^{-1}],O channel IV  [Msun^{-1}],O channel VI  [Msun^{-1}],O channel VII  [Msun^{-1}],O All  [Msun^{-1}],P channel V  [Msun^{-1}],P channel I  [Msun^{-1}],P channel II  [Msun^{-1}],P channel III  [Msun^{-1}],P channel IV  [Msun^{-1}],P channel VI  [Msun^{-1}],P channel VII  [Msun^{-1}],P All  [Msun^{-1}],Q channel V  [Msun^{-1}],Q channel I  [Msun^{-1}],Q channel II  [Msun^{-1}],Q channel III  [Msun^{-1}],Q channel IV  [Msun^{-1}],Q channel VI  [Msun^{-1}],Q channel VII  [Msun^{-1}],Q All  [Msun^{-1}],R channel V  [Msun^{-1}],R channel I  [Msun^{-1}],R channel II  [Msun^{-1}],R channel III  [Msun^{-1}],R channel IV  [Msun^{-1}],R channel VI  [Msun^{-1}],R channel VII  [Msun^{-1}],R All  [Msun^{-1}],S channel V  [Msun^{-1}],S channel I  [Msun^{-1}],S channel II  [Msun^{-1}],S channel III  [Msun^{-1}],S channel IV  [Msun^{-1}],S channel VI  [Msun^{-1}],S channel VII  [Msun^{-1}],S All  [Msun^{-1}],T channel V  [Msun^{-1}],T channel I  [Msun^{-1}],T channel II  [Msun^{-1}],T channel III  [Msun^{-1}],T channel IV  [Msun^{-1}],T channel VI  [Msun^{-1}],T channel VII  [Msun^{-1}],T All  [Msun^{-1}],U channel V  [Msun^{-1}],U channel I  [Msun^{-1}],U channel II  [Msun^{-1}],U channel III  [Msun^{-1}],U channel IV  [Msun^{-1}],U channel VI  [Msun^{-1}],U channel VII  [Msun^{-1}],U All  [Msun^{-1}],V channel V  [Msun^{-1}],V channel I  [Msun^{-1}],V channel II  [Msun^{-1}],V channel III  [Msun^{-1}],V channel IV  [Msun^{-1}],V channel VI  [Msun^{-1}],V channel VII  [Msun^{-1}],V All  [Msun^{-1}],W channel V  [Msun^{-1}],W channel I  [Msun^{-1}],W channel II  [Msun^{-1}],W channel III  [Msun^{-1}],W channel IV  [Msun^{-1}],W channel VI  [Msun^{-1}],W channel VII  [Msun^{-1}],W All  [Msun^{-1}],X channel V  [Msun^{-1}],X channel I  [Msun^{-1}],X channel II  [Msun^{-1}],X channel III  [Msun^{-1}],X channel IV  [Msun^{-1}],X channel VI  [Msun^{-1}],X channel VII  [Msun^{-1}],X All  [Msun^{-1}],Y channel V  [Msun^{-1}],Y channel I  [Msun^{-1}],Y channel II  [Msun^{-1}],Y channel III  [Msun^{-1}],Y channel IV  [Msun^{-1}],Y channel VI  [Msun^{-1}],Y channel VII  [Msun^{-1}],Y All  [Msun^{-1}],Z channel V  [Msun^{-1}],Z channel I  [Msun^{-1}],Z channel II  [Msun^{-1}],Z channel III  [Msun^{-1}],Z channel IV  [Msun^{-1}],Z channel VI  [Msun^{-1}],Z channel VII  [Msun^{-1}],Z All  [Msun^{-1}]
0_0001,9.978171538311653e-08,5.284482691985953e-07,2.490716200364325e-07,4.490775750594041e-07,8.075398738127915e-08,0.0,1.6420110535670872e-07,1.5713342724155365e-06,1.0458878981052806e-07,2.510887998969668e-07,6.922609389546005e-07,1.555230069354184e-07,0.0,0.0,1.2356283596041994e-07,1.3270243715579336e-06,1.2160761525279764e-07,2.8103439487704933e-08,8.256909350265741e-07,3.684204406560514e-07,0.0,0.0,8.9099909354374e-08,1.432922339777502e-06,1.0291334256637481e-07,3.3552866907515057e-08,3.0628918464996e-07,4.209028300605592e-07,9.711392247447423e-09,0.0,1.525440323981284e-07,1.025913648829985e-06,3.66968890420906e-08,9.304977589268864e-09,1.3377507651229212e-07,2.052050732882841e-07,0.0,0.0,1.189289719229409e-07,5.039109883548765e-07,2.0163922397297381e-07,6.014118355911786e-07,1.0189899412055371e-06,9.68982730407226e-07,2.728214534539193e-09,0.0,2.2715252317096538e-07,3.02090446888242e-06,0.0,0.0,2.796227200527965e-07,0.0,0.0,0.0,0.0,2.796227200527965e-07,1.0312157058831572e-07,5.8592478380454576e-08,3.1563021610822245e-07,5.089832035593761e-07,0.0,0.0,0.0,9.863274686363683e-07,1.567343945230229e-07,1.7613778040663868e-06,3.447192426524633e-07,5.902298170871307e-06,1.0335302749305293e-06,0.0,1.179334423397828e-06,1.037799431044154e-05,2.8074314614629653e-08,3.925677712972559e-06,3.41896330669683e-07,1.0882591299133131e-05,8.569431956322696e-07,0.0,3.732471042710541e-06,1.9767653895732817e-05,9.978171538311653e-08,5.784981802876616e-07,2.490716200364325e-07,4.490775750594041e-07,8.075398738127915e-08,0.0,1.644232019151122e-07,1.621606280063006e-06,1.3144798307913829e-08,1.4484488642300569e-06,2.094628780997423e-07,2.929676831885483e-07,1.2840949537716534e-07,0.0,1.4433386616072642e-07,2.236767585364153e-06,4.19027465407526e-08,1.9459332956579538e-07,2.666916332439507e-07,3.032517601268624e-07,2.226460901045505e-08,0.0,1.411029965704113e-07,9.698070750582271e-07,1.5676966775626953e-07,8.386103173809081e-07,3.188595496135071e-07,4.5329167950711853e-07,1.407825528305499e-07,0.0,2.04395883771628e-07,2.1127096508599813e-06,1.5313411388925186e-07,5.174097940883424e-07,2.392467462835382e-07,4.216544749153287e-07,7.521700634200689e-08,0.0,1.705621907386383e-07,1.5772243262571063e-06,1.3180770926739685e-06,6.155462502678082e-07,5.599919101211853e-07,8.050114705768548e-07,1.398836701580713e-07,0.0,7.149706282832496e-07,4.153481022081138e-06,5.384334416453115e-06,6.923412802746906e-07,2.098825610108209e-07,6.538768366827793e-07,1.3219327722731624e-07,0.0,1.6019124486996017e-06,8.674540820348324e-06,3.323599746377948e-09,7.028507115624672e-07,2.405767654742896e-07,7.248065218089742e-07,1.0162529386969424e-07,0.0,2.334669484537516e-07,2.006649840915555e-06,1.2919586770849524e-07,5.468425367635556e-07,2.973341461698639e-07,4.541662982908898e-07,7.15378274764265e-08,0.0,2.1011739919502533e-07,1.7091940756042562e-06,6.502789735123681e-08,5.504875342168134e-07,2.973560151477214e-07,4.433153055151903e-07,6.434147000126105e-08,0.0,1.952383725696484e-07,1.6157665948018713e-06,0.0,0.0,0.0,0.0,0.0,0.0,0.0,0.0,0.0,0.0,0.0,0.0,0.0,0.0,0.0,0.0,0.0,0.0,0.0,0.0,0.0,0.0,0.0,0.0,0.0,0.0,0.0,0.0,0.0,0.0,0.0,0.0,0.0,0.0,0.0,0.0,0.0,0.0,0.0,0.0,0.0,0.0,0.0,0.0,0.0,0.0,0.0,0.0
0_00011,9.603295695604432e-08,6.20034991322567e-07,3.776519071512159e-07,3.5967368702556417e-07,6.336138974176626e-08,0.0,4.922202115018311e-07,2.0089751436989884e-06,1.2679563151864148e-07,3.819911926333597e-07,7.391814868711257e-07,2.4483517353449984e-07,0.0,0.0,1.801334259815677e-07,1.672936910539194e-06,5.774926888957879e-08,3.022029202083328e-08,8.794670764594493e-07,3.487966289005402e-07,0.0,0.0,2.119788846158226e-07,1.5282121508862242e-06,2.9529387562797787e-08,2.7747262753971573e-08,3.165036854309125e-07,3.274598022438687e-07,8.273133708907984e-09,0.0,3.250142926465201e-07,1.0345275643469784e-06,2.0362251194904373e-08,2.6268921707620595e-08,1.419862517998936e-07,1.424112413008211e-07,0.0,0.0,2.4701876569827376e-07,5.780474317015134e-07,6.18555885025772e-08,7.243353294315974e-07,1.33211580925935e-06,8.301955288146515e-07,1.0866032458977687e-09,0.0,6.249447439997936e-07,3.574533603253867e-06,0.0,0.0,3.1687265907359617e-07,0.0,0.0,0.0,0.0,3.1687265907359617e-07,6.692692817248966e-08,8.891847000248015e-08,3.286358570925577e-07,2.803227325764836e-07,0.0,0.0,1.4704545216497462e-07,9.118494400089856e-07,1.5474401880207489e-07,1.8040627648473189e-06,3.572735267479863e-07,5.581476598468593e-06,1.1948709795870252e-06,0.0,1.0559319663180287e-06,1.0148359854771026e-05,2.113763587365309e-08,3.8871467740566784e-06,3.508004962471359e-07,9.919726280382414e-06,8.281952646782888e-07,0.0,3.2939168993841086e-06,1.830092335062228e-05,9.603295695604432e-08,6.781667658115032e-07,3.776519071512159e-07,3.5967368702556417e-07,6.336138974176626e-08,0.0,5.15670234233165e-07,2.090556940919258e-06,5.1851038049901184e-08,1.7724341839565494e-06,2.4019006292343484e-07,3.05044725934179e-07,1.2343185300649877e-07,0.0,3.8816234750568745e-07,2.881114211376251e-06,1.5442000850778626e-08,2.449817627662228e-07,2.954930725702939e-07,3.059684197429139e-07,1.744383988476907e-08,0.0,4.009455266477981e-07,1.2802746224627763e-06,8.801430348653973e-08,1.0537782658532214e-06,3.541585807257416e-07,4.693705607930595e-07,1.1442767128604593e-07,0.0,5.259650278863078e-07,2.605714410030916e-06,5.830624911315989e-08,6.431124828880495e-07,3.739697777784954e-07,3.203281638557399e-07,7.37946899722621e-08,0.0,4.425898239938233e-07,1.91210118760153e-06,1.416667718186205e-06,7.86756379547345e-07,5.641413201152013e-07,7.606762394790874e-07,1.4707852683123736e-07,0.0,1.4530085728042051e-06,5.128328756963282e-06,5.332576717620675e-06,8.855242710515579e-07,2.2547504522149065e-07,6.512183752556035e-07,1.2632556488610408e-07,0.0,3.278857850979224e-06,1.0499977825014656e-05,0.0,8.79145467127243e-07,3.74185274807905e-07,7.765579321791758e-07,1.0447760748578885e-07,0.0,4.686085503177424e-07,2.602974831917855e-06,4.1557727567971626e-08,6.316921980219059e-07,3.460172686653515e-07,3.765335516808233e-07,8.440665472387892e-08,0.0,5.022874132399692e-07,1.9824948138999e-06,3.832083133777965e-08,6.652446136441767e-07,3.8130653055239977e-07,3.275271875889219e-07,8.40584565275044e-08,0.0,5.033752703403216e-07,1.9998328899911044e-06,0.0,0.0,0.0,0.0,0.0,0.0,0.0,0.0,0.0,0.0,0.0,0.0,0.0,0.0,0.0,0.0,0.0,0.0,0.0,0.0,0.0,0.0,0.0,0.0,0.0,0.0,0.0,0.0,0.0,0.0,0.0,0.0,0.0,0.0,0.0,0.0,0.0,0.0,0.0,0.0,0.0,0.0,0.0,0.0,0.0,0.0,0.0,0.0
0_00012,1.9216397029933177e-08,7.282082219607976e-07,3.245176911699728e-07,3.546324186221306e-07,6.646665534891095e-08,0.0,6.397187920172487e-07,2.132760176148994e-06,7.382221979112415e-08,4.374492499664023e-07,7.052817868797002e-07,1.687396750713648e-07,0.0,0.0,1.9209644363362895e-07,1.5773893753422204e-06,5.4574394001528063e-08,2.86869153278826e-08,8.704862798838968e-07,2.909001157672628e-07,0.0,0.0,3.074376361890963e-07,1.5520853411696666e-06,3.7679478159945764e-08,2.5578594073674456e-08,3.079889099365938e-07,3.399580711265052e-07,0.0,0.0,4.301894003863213e-07,1.1413944536830405e-06,5.498806742669093e-09,4.364452420012147e-08,7.896682487759124e-08,1.3248810901981505e-07,0.0,0.0,3.589744927506059e-07,6.195727575908028e-07,5.9187993722085054e-08,7.566937875578976e-07,1.4202378884131869e-06,7.028516657774948e-07,9.085333671293771e-10,0.0,8.845593177498708e-07,3.8244391865876645e-06,0.0,0.0,3.7685117123993257e-07,0.0,0.0,0.0,0.0,3.7685117123993257e-07,2.9339263419464364e-08,5.3151410008069255e-08,3.068620421265167e-07,2.7807804857919337e-07,0.0,0.0,2.199968889148413e-07,8.874276530480849e-07,1.316486582920204e-07,1.804738243845368e-06,3.4671265492627654e-07,5.080273601907228e-06,1.1295320532734443e-06,0.0,9.664801746634469e-07,9.459385386907784e-06,3.007677827809928e-08,3.896079326282663e-06,3.488045851047264e-07,9.686460291830062e-06,8.376239172070023e-07,0.0,3.0391334177259943e-06,1.7838178316428546e-05,1.9216397029933177e-08,7.770743741513146e-07,3.245176911699728e-07,3.546324186221306e-07,6.646665534891095e-08,0.0,6.912363851822137e-07,2.233143921504476e-06,1.5067745858194212e-08,2.012662393982252e-06,1.948107996734851e-07,2.706056155505629e-07,1.1207342198393232e-07,0.0,5.527581790666039e-07,3.1579781561150297e-06,5.0293447599931764e-08,3.126689863869253e-07,2.886848082688065e-07,2.210334312062845e-07,1.183827976491474e-08,0.0,5.589489447364154e-07,1.4434678979632782e-06,8.775862749771527e-08,1.1854043249959563e-06,3.233417523387913e-07,3.918841317917238e-07,1.0794599510648413e-07,0.0,6.881960206399342e-07,2.784530852370605e-06,3.855452932599564e-08,7.51558530039289e-07,3.261452550057756e-07,3.5213573642784377e-07,7.050082702900872e-08,0.0,6.043184046061552e-07,2.143213282434068e-06,1.4202375979582305e-06,8.702108762262285e-07,5.805486689790736e-07,7.172564691197941e-07,1.2065201241379053e-07,0.0,1.8583070063309824e-06,5.567212631028099e-06,5.333021559062268e-06,9.66120782929472e-07,2.174703129268306e-07,6.681628599629208e-07,1.2981592394465544e-07,0.0,4.234640750882481e-06,1.1549232189708628e-05,1.994864009978642e-09,1.0288464802061448e-06,3.45066785848197e-07,7.874781776522577e-07,9.210299004405236e-08,0.0,5.948287371545428e-07,2.8503180349151734e-06,4.1511022103564575e-08,7.133192937349403e-07,3.064745842220348e-07,4.342703724303117e-07,5.562308114190684e-08,0.0,6.601108254631309e-07,2.2113091790958886e-06,6.796777970302956e-08,7.389163177460272e-07,3.538885408353651e-07,4.2174047454621067e-07,7.580559894594283e-08,0.0,5.048738439745385e-07,2.1631925557511138e-06,0.0,0.0,0.0,0.0,0.0,0.0,0.0,0.0,0.0,0.0,0.0,0.0,0.0,0.0,0.0,0.0,0.0,0.0,0.0,0.0,0.0,0.0,0.0,0.0,0.0,0.0,0.0,0.0,0.0,0.0,0.0,0.0,0.0,0.0,0.0,0.0,0.0,0.0,0.0,0.0,0.0,0.0,0.0,0.0,0.0,0.0,0.0,0.0
0_00014,4.795360959230329e-08,8.549364615997942e-07,3.411010435539149e-07,2.646969524786465e-07,4.062342734896529e-08,0.0,5.9945481787644e-07,2.1487663124500645e-06,1.065182880726738e-07,5.49983728390591e-07,7.792742056174417e-07,9.686280769662496e-08,0.0,0.0,6.263522714463431e-08,1.5952742569219655e-06,1.150795167851246e-07,3.0530235005081564e-08,8.78686607678697e-07,1.2864593477254812e-07,0.0,0.0,4.0025065578311314e-07,1.5531929500245649e-06,6.48651466289428e-08,2.9560682971260017e-08,2.837085253628669e-07,2.730023675152319e-07,0.0,0.0,7.004656219009144e-07,1.3516023443792162e-06,2.16091921730914e-08,5.2381029186790594e-08,1.761397675708935e-07,8.859483580929976e-08,0.0,0.0,3.87819292167074e-07,7.265441169071492e-07,2.217613430870139e-07,8.702524455955055e-07,1.2637556857009604e-06,2.7336606802742136e-07,1.7396315488171293e-08,0.0,8.756727838625796e-07,3.522204641761652e-06,0.0,0.0,3.435345682659881e-07,0.0,0.0,0.0,8.291958877707373e-09,3.518265271436955e-07,5.786205435585036e-08,2.83426188451844e-08,4.125120861666584e-07,1.4347595667482385e-07,0.0,0.0,3.2013881343689805e-07,9.62331529479415e-07,1.5776407825080386e-07,1.9348269066738893e-06,4.147661425277738e-07,4.2971129137800645e-06,1.2299051911985131e-06,0.0,6.48655026711622e-07,8.683030259142666e-06,2.5966319363394007e-08,3.747630716311207e-06,3.715658744087476e-07,9.085229295722882e-06,7.884778628339389e-07,0.0,2.686255821655432e-06,1.67051258902956e-05,4.795360959230329e-08,9.098226842056728e-07,3.411010435539149e-07,2.646969524786465e-07,4.062342734896529e-08,0.0,7.229997960699089e-07,2.327197513249412e-06,7.964867968568499e-08,2.363361329306725e-06,2.2271874469059445e-07,2.1437618571868418e-07,9.162624384515204e-08,0.0,5.165441881690562e-07,3.488275371415897e-06,6.269018195195658e-08,3.981788181915832e-07,2.807628002157297e-07,1.5033375508467964e-07,2.0888920356496124e-08,0.0,5.157197334126704e-07,1.4285742092131155e-06,8.062326099072565e-08,1.380693919487011e-06,3.695761284697806e-07,3.226556298066068e-07,1.1138808053443185e-07,0.0,5.659458011168332e-07,2.8308828204053885e-06,4.963655081788116e-08,8.568540530666703e-07,3.734341576535512e-07,3.3080998152955025e-07,7.331082830758671e-08,0.0,6.211293190546216e-07,2.3051748904298613e-06,1.594944645966569e-06,1.078850666780248e-06,5.778972636167789e-07,6.179023676359468e-07,9.79408779760977e-08,0.0,2.148951265716585e-06,6.116487087692226e-06,5.494052054044274e-06,1.27502927802537e-06,3.1102918041791853e-07,6.270717935990129e-07,1.0971304041075809e-07,0.0,5.013036242996764e-06,1.28299315894941e-05,4.747864780154609e-09,1.1998401140625413e-06,3.722569190328358e-07,7.674112950126474e-07,7.603129799286999e-08,0.0,6.822310337642707e-07,3.1025185246453195e-06,7.908095243798638e-08,8.800822567837906e-07,3.702781402469606e-07,2.3416269642075545e-07,5.970840449542767e-08,0.0,6.328306336298063e-07,2.256143084014727e-06,8.09458698948448e-08,9.154580622831812e-07,3.766661652461892e-07,3.182483036174529e-07,6.195784074185609e-08,0.0,6.263200396947985e-07,2.3795962814783225e-06,0.0,0.0,0.0,0.0,0.0,0.0,0.0,0.0,0.0,0.0,0.0,0.0,0.0,0.0,0.0,0.0,0.0,0.0,0.0,0.0,0.0,0.0,0.0,0.0,0.0,0.0,0.0,0.0,0.0,0.0,0.0,0.0,0.0,0.0,0.0,0.0,0.0,0.0,0.0,0.0,0.0,0.0,0.0,0.0,0.0,0.0,0.0,0.0
0_00016,7.310539545967146e-08,9.768613812385805e-07,3.1935539877336104e-07,2.490895250806799e-07,6.99970084925773e-08,0.0,4.830011931419364e-07,2.1714099021868066e-06,1.5816440781912168e-07,5.760171232196986e-07,7.666384702920975e-07,1.1094569476003345e-07,0.0,0.0,1.5048029243050466e-07,1.762245988521456e-06,1.1725860712811509e-07,2.1446678948987173e-08,8.976858049802974e-07,1.623651536922384e-07,0.0,0.0,3.779844961904871e-07,1.576740740940125e-06,6.282786575966621e-08,1.9287242750760483e-08,2.411716537915935e-07,1.8929651333987373e-07,0.0,0.0,5.687297132014755e-07,1.0813129888433698e-06,1.5134054279283342e-08,6.728801935485715e-08,1.003621702146561e-07,1.1577408057961097e-07,0.0,0.0,4.3161384123217014e-07,7.301721656605776e-07,5.798570932034012e-08,9.987129822723784e-07,1.077077130859203e-06,3.8099434551874893e-07,6.462823094689217e-09,0.0,1.0796117750326756e-06,3.6008447660980355e-06,0.0,0.0,3.221143124613628e-07,0.0,0.0,0.0,0.0,3.221143124613628e-07,2.579509491452885e-08,2.637877733612653e-08,3.1711807241687305e-07,9.064531737289465e-08,0.0,0.0,3.934468986594749e-07,8.533841606998981e-07,1.685312501171633e-07,1.9709327288574385e-06,4.0721197460921174e-07,3.7323897322659646e-06,1.2182531958357428e-06,0.0,6.2700759286714e-07,8.12432647455266e-06,1.5820690045618194e-08,3.807442496385852e-06,3.6354456496265297e-07,8.63645606126751e-06,7.738678955452282e-07,0.0,2.652221265117074e-06,1.6249352973323936e-05,7.310539545967146e-08,1.0236190422321388e-06,3.1935539877336104e-07,2.490895250806799e-07,6.99970084925773e-08,0.0,6.67056142390903e-07,2.402222512429332e-06,8.406900504596113e-08,2.5759405348962905e-06,2.199000924836109e-07,2.118275553943157e-07,1.039802396565547e-07,0.0,2.359256561254947e-07,3.431643083602228e-06,4.75369732573131e-08,4.701016356908645e-07,2.607829610513776e-07,1.1452982604001796e-07,1.88685181774542e-08,0.0,5.751441481081754e-07,1.4869640623252026e-06,1.193635163861406e-07,1.5391561489127233e-06,3.95473207871701e-07,3.220516131982633e-07,1.171217647503778e-07,0.0,4.88485700810509e-07,2.9816519519297144e-06,8.359545033769752e-08,9.644175407479196e-07,2.979200512904732e-07,2.483649214027224e-07,7.338221870149278e-08,0.0,5.467524611748777e-07,2.214432643655183e-06,1.767830527147028e-06,1.2537290996670356e-06,6.438330415591029e-07,4.222339782039429e-07,1.1081504681982465e-07,0.0,2.170083766444897e-06,6.368525459841831e-06,5.5165653246004615e-06,1.439450398084022e-06,3.171034054343256e-07,4.434191254804291e-07,1.1107260509403817e-07,0.0,5.243363614148196e-06,1.3070974472841472e-05,1.1031734188032376e-08,1.4378394754792931e-06,3.908678857663433e-07,5.551988297365144e-07,6.34352810485263e-08,0.0,4.977096086106132e-07,2.9560828148293224e-06,3.394635521177649e-08,9.452747893643016e-07,3.802742377757374e-07,1.9381256154595002e-07,9.187946809041213e-08,0.0,5.007799952091541e-07,2.1459674071973323e-06,5.8934539945123366e-08,9.856605149722105e-07,3.690573881963227e-07,2.139831165200733e-07,5.5320734160554993e-08,0.0,4.61074815747885e-07,2.1440311095421695e-06,0.0,0.0,0.0,0.0,0.0,0.0,0.0,0.0,0.0,0.0,0.0,0.0,0.0,0.0,0.0,0.0,0.0,0.0,0.0,0.0,0.0,0.0,0.0,0.0,0.0,0.0,0.0,0.0,0.0,0.0,0.0,0.0,0.0,0.0,0.0,0.0,0.0,0.0,0.0,0.0,0.0,0.0,0.0,0.0,0.0,0.0,0.0,0.0
0_00017,1.1725196428748657e-07,9.8151526444776e-07,4.09089726528342e-07,1.7473888197935612e-07,3.4873823808226925e-08,0.0,5.045410814895606e-07,2.222010742540733e-06,8.52759659334771e-08,5.959705938410002e-07,7.899827448261873e-07,7.638695396762219e-08,0.0,0.0,1.6532914490677794e-07,1.7129454034750646e-06,7.96705964580639e-08,2.9967737128023484e-08,8.859882801402622e-07,1.0976055046702125e-07,0.0,0.0,3.682457631783623e-07,1.4736329273717334e-06,1.0770891695678637e-07,2.1650315392066706e-08,2.983349257325894e-07,1.6047571335854296e-07,0.0,0.0,6.589807880950142e-07,1.2471506595349995e-06,2.3952944954193922e-08,7.053116302864969e-08,1.3981867084181764e-07,9.555087579777105e-08,0.0,0.0,2.616591034896176e-07,5.915127581120497e-07,1.594186991891615e-07,1.0059721275056327e-06,1.1177185142104391e-06,2.514919309117602e-07,1.7690938917999326e-08,0.0,1.3330500844306275e-06,3.88534229516562e-06,0.0,0.0,3.67529660377162e-07,0.0,0.0,0.0,1.0192943815573598e-08,3.777226041927356e-07,6.086118266270181e-08,2.8941810993424938e-08,4.185748364517383e-07,5.6517348361196184e-08,0.0,0.0,4.031201691639391e-07,9.680153476330002e-07,1.3775733328286236e-07,1.9090697605223394e-06,3.342154705885053e-07,3.545066739861728e-06,1.2763469691415684e-06,0.0,7.886699337011206e-07,7.991126207098124e-06,7.810330965689866e-09,3.75781717704024e-06,3.568558964880412e-07,8.50735283928772e-06,7.506904898434226e-07,0.0,2.614302197123424e-06,1.5994828930748535e-05,1.1725196428748657e-07,1.0279336583168177e-06,4.09089726528342e-07,1.7473888197935612e-07,3.4873823808226925e-08,0.0,6.625915603135377e-07,2.426479615233767e-06,5.9488266584037054e-08,2.660426165893574e-06,2.579427425879334e-07,1.837742159732905e-07,7.272006027782749e-08,0.0,4.21757928528646e-07,3.656109379845308e-06,1.3692465923318621e-08,4.891412825422778e-07,2.89484501575174e-07,8.350523095856276e-08,1.0454368929884038e-08,0.0,5.681245637881622e-07,1.4544024137173797e-06,1.2466801475271486e-07,1.5779967823455788e-06,4.797781038669426e-07,2.199251042000402e-07,6.981822382383173e-08,0.0,5.170148610793488e-07,2.989201090068457e-06,5.0027348282646014e-08,9.723562918615271e-07,3.423806300339213e-07,1.7139420532991648e-07,4.6173406663786696e-08,0.0,5.531888076540257e-07,2.135520689825824e-06,1.8107830450684408e-06,1.287528810452634e-06,6.705115539867167e-07,2.797347406130856e-07,1.4425965157891658e-07,0.0,1.934816964455447e-06,6.1276347661552405e-06,5.888427423607508e-06,1.5299212447319103e-06,2.9078329319612285e-07,2.7220162046349364e-07,8.862280483839935e-08,0.0,5.284693140835672e-06,1.3354649527673108e-05,6.160580266442312e-09,1.4916202886626529e-06,4.2530816010084323e-07,4.347645126369306e-07,7.878429392890018e-08,0.0,5.373148270887724e-07,2.9739526626845414e-06,1.1901666760764653e-07,9.499655421160616e-07,3.7906032278471177e-07,1.6350124231948445e-07,4.5370452292752064e-08,0.0,6.3565032417089e-07,2.2925645512915468e-06,8.871144028950297e-08,1.034243288510692e-06,4.040207259097176e-07,1.1430167893899573e-07,4.5298657725931125e-08,0.0,5.387769082350212e-07,2.2253526996098607e-06,0.0,0.0,0.0,0.0,0.0,0.0,0.0,0.0,0.0,0.0,0.0,0.0,0.0,0.0,0.0,0.0,0.0,0.0,0.0,0.0,0.0,0.0,0.0,0.0,0.0,0.0,0.0,0.0,0.0,0.0,0.0,0.0,0.0,0.0,0.0,0.0,0.0,0.0,0.0,0.0,0.0,0.0,0.0,0.0,0.0,0.0,0.0,0.0
0_00019,1.1447023013822701e-07,1.0314245428556929e-06,3.640991913863828e-07,1.1549209395640909e-07,4.458492151034698e-08,0.0,4.6158887004351814e-07,2.131659849890577e-06,9.889877356358524e-08,6.524390506981959e-07,8.094862227160301e-07,5.537307221268826e-08,0.0,0.0,1.870411554697633e-07,1.8032382746602625e-06,1.1284168229559009e-07,2.6919064858839093e-08,9.414867930058792e-07,6.925343256373355e-08,0.0,0.0,3.734326394932147e-07,1.5239336122172568e-06,1.053441661990287e-07,1.3164829337414436e-08,2.464116805062842e-07,1.00965525131772e-07,0.0,0.0,6.08237963193585e-07,1.0741241643680843e-06,9.041467321783449e-09,8.173363537008502e-08,1.5149626852127346e-07,1.0131623707524264e-07,0.0,0.0,2.815541341584301e-07,6.251417424468147e-07,2.0298168371385658e-07,1.100663988692614e-06,1.211869980986033e-06,1.615304248197245e-07,2.088562010567457e-09,0.0,1.215405268852314e-06,3.894539909075109e-06,0.0,0.0,3.648303762352158e-07,0.0,0.0,0.0,0.0,3.648303762352158e-07,8.762353709992059e-08,2.278902726757929e-08,3.58789870905351e-07,4.201916873117607e-08,0.0,0.0,3.389596397953331e-07,8.501812437993599e-07,6.616328073893368e-08,1.956021228507249e-06,3.512960309070275e-07,2.8244884925900813e-06,1.2864280000666266e-06,0.0,7.888068117886379e-07,7.273203844598556e-06,2.3194461913148243e-08,3.7231966340093327e-06,3.699921024759585e-07,8.13771431905103e-06,7.615078484467804e-07,0.0,2.4790688166693408e-06,1.5494674182565587e-05,1.1447023013822701e-07,1.083822243041748e-06,3.640991913863828e-07,1.1549209395640909e-07,4.458492151034698e-08,0.0,7.248635329803443e-07,2.447332213013458e-06,4.437736190702367e-08,2.8359101025545345e-06,2.478457430437775e-07,1.243957147091095e-07,8.729560794769235e-08,0.0,4.392020744487657e-07,3.779026604610903e-06,1.4533704954366253e-07,5.161352911001462e-07,3.158404830594743e-07,4.17869194974254e-08,7.981794681549612e-10,0.0,5.291981565763548e-07,1.549096079245218e-06,1.6672676543276925e-07,1.6308109033501598e-06,4.091612936186244e-07,1.7165743119865365e-07,1.0365280614815249e-07,0.0,5.317504367138392e-07,3.013759636462198e-06,1.0867788048450245e-07,1.0356813418682254e-06,3.569832999712779e-07,1.0208231623080197e-07,5.512092459573013e-08,0.0,5.26961740445052e-07,2.18550750359559e-06,1.8732562068372623e-06,1.384208149079768e-06,6.298081074565583e-07,1.621071014905461e-07,4.698398267849473e-08,0.0,1.7335866609781836e-06,5.829950208520814e-06,6.027452295706883e-06,1.6329263502948409e-06,3.14811222675031e-07,1.0102853419051228e-07,9.874166563984568e-08,0.0,4.433458401135938e-06,1.2608418469643047e-05,5.554970353153508e-09,1.6229239516380262e-06,3.636325947458706e-07,2.2976734563343625e-07,4.1839628716163455e-08,0.0,4.343691574063253e-07,2.698087648492975e-06,7.542120463417818e-08,1.034519445836593e-06,3.72648879282455e-07,1.3907587023192842e-07,4.7523856812598454e-08,0.0,4.449195365481862e-07,2.1141087933459387e-06,1.2625085991853838e-07,1.0962283133468067e-06,3.234803711733665e-07,1.04517390655317e-07,6.256976489119853e-08,0.0,5.367348734746354e-07,2.2497815734598622e-06,0.0,0.0,0.0,0.0,0.0,0.0,0.0,0.0,0.0,0.0,0.0,0.0,0.0,0.0,0.0,0.0,0.0,0.0,0.0,0.0,0.0,0.0,0.0,0.0,0.0,0.0,0.0,0.0,0.0,0.0,0.0,0.0,0.0,0.0,0.0,0.0,0.0,0.0,0.0,0.0,0.0,0.0,0.0,0.0,0.0,0.0,0.0,0.0
0_00022,1.0569719629142628e-07,1.076804158135498e-06,3.988551854523876e-07,1.3186764568107694e-07,7.740871483161595e-08,0.0,5.728525429217945e-07,2.363485443313799e-06,1.006967715361863e-07,7.270455238982236e-07,7.689253568138197e-07,1.0078768462900221e-07,0.0,0.0,1.6419590940417613e-07,1.861651246281408e-06,6.391727187937214e-08,2.0897681003249192e-08,8.821900378908028e-07,1.775791609614859e-07,0.0,0.0,3.4301012035035973e-07,1.48759427208527e-06,7.689707037890104e-08,1.4558387467956014e-08,2.765335751248469e-07,1.8213948665843214e-07,0.0,0.0,5.591635746286097e-07,1.109292094258746e-06,2.5296116715916523e-08,1.0884512676619785e-07,1.7039293873989193e-07,1.5036972200202278e-07,0.0,0.0,1.74087823525897e-07,6.28991727749926e-07,1.990313003018454e-07,1.1355269244524338e-06,1.2344755374458865e-06,2.883421170536333e-07,2.711870620391457e-09,0.0,1.0365809965860382e-06,3.896668746460229e-06,0.0,0.0,3.30063682660968e-07,0.0,0.0,0.0,0.0,3.30063682660968e-07,6.956953252973536e-08,5.4923546376218726e-08,4.041117987397314e-07,5.409050125899058e-08,0.0,0.0,3.060882679518915e-07,8.887836468565677e-07,1.5872539901411456e-07,2.0124544833595858e-06,3.471048377655864e-07,3.215742754122679e-06,1.3500779121553909e-06,0.0,6.576545623388494e-07,7.741759948756206e-06,2.849160315838984e-08,3.6492947335223536e-06,3.902507289729752e-07,7.95102850215062e-06,7.224299930934063e-07,0.0,2.478015255297437e-06,1.5219510816195184e-05,1.0569719629142628e-07,1.1369132869415777e-06,3.988551854523876e-07,1.3186764568107694e-07,7.740871483161595e-08,0.0,9.164778734764416e-07,2.767219902674526e-06,6.061347141741269e-08,2.9302218214143395e-06,2.707107331826311e-07,1.8192715134261445e-07,1.2762997672122108e-07,0.0,3.967277303661316e-07,3.96783088444435e-06,7.443931643360652e-09,5.245884391804652e-07,2.582309746040454e-07,1.076017529811624e-07,1.4242813201480748e-08,0.0,4.183555148456814e-07,1.3304634264561955e-06,1.2884998481250464e-07,1.668265435151211e-06,4.489368413333044e-07,1.5614870538234733e-07,1.0067528964073705e-07,0.0,5.923706173548267e-07,3.0952468736749304e-06,1.0091637290695029e-07,1.1027207280978711e-06,3.634988927642537e-07,1.872028368489427e-07,6.056455479881169e-08,0.0,4.689206930085036e-07,2.283824078425333e-06,1.7510099652916062e-06,1.4714260897888571e-06,7.053201324630077e-07,2.551160379809879e-07,8.369174888307276e-08,0.0,1.327864643905907e-06,5.59442861831344e-06,5.86649459220049e-06,1.7609108918899275e-06,2.83920651535597e-07,2.260597223633657e-07,8.116336971827352e-08,0.0,3.3298035432119498e-06,1.1548352770919603e-05,8.84053260331809e-09,1.7169520986149424e-06,4.2818718434551403e-07,3.823793790156596e-07,6.489553420989965e-08,0.0,4.731379749235543e-07,3.074392703712888e-06,7.86555004900309e-08,1.0486545616884288e-06,3.251594362391271e-07,1.6972427998954889e-07,6.511807341690419e-08,0.0,4.563428037099254e-07,2.1436546555339656e-06,7.279028844192695e-08,1.183290754937827e-06,3.936681770625906e-07,2.147441042746668e-07,4.8089819825004526e-08,0.0,5.217241409927908e-07,2.4343072855348062e-06,0.0,0.0,0.0,0.0,0.0,0.0,0.0,0.0,0.0,0.0,0.0,0.0,0.0,0.0,0.0,0.0,0.0,0.0,0.0,0.0,0.0,0.0,0.0,0.0,0.0,0.0,0.0,0.0,0.0,0.0,0.0,0.0,0.0,0.0,0.0,0.0,0.0,0.0,0.0,0.0,0.0,0.0,0.0,0.0,0.0,0.0,0.0,0.0
0_00024,1.1431419941601849e-07,1.1426635227118998e-06,2.98972471472334e-07,2.091041990689612e-07,6.822003755728742e-08,0.0,4.364133612753136e-07,2.2696877915018144e-06,1.6335805990455752e-07,7.578947885137088e-07,8.371871832802248e-07,5.1702256576410266e-08,0.0,0.0,2.277358756290652e-07,2.0378781639039664e-06,1.0289542919179588e-07,2.804036641225904e-08,9.102025604073844e-07,1.068003288485464e-07,0.0,0.0,3.030114665302045e-07,1.4509501513901905e-06,1.954716410141859e-07,1.4359856983234169e-08,2.695352977483842e-07,2.668803026630444e-07,0.0,0.0,5.615852539239427e-07,1.307832352332791e-06,5.0885445843537575e-08,1.223951035297715e-07,1.0860825339065418e-07,8.848887011995132e-08,0.0,0.0,1.057400726758935e-07,4.761177455598081e-07,1.5840910581820284e-07,1.1665925543448397e-06,1.3745738544587983e-06,3.468387679204187e-07,2.4189358674945422e-09,0.0,1.1306086829159602e-06,4.179441901325714e-06,0.0,0.0,3.808384752201963e-07,0.0,0.0,0.0,0.0,3.808384752201963e-07,6.910053529544326e-08,7.187887043856115e-08,3.802645663746694e-07,7.907680452145012e-08,0.0,0.0,2.171612019202816e-07,8.174819785504056e-07,1.499968269975508e-07,1.999679757804331e-06,3.690237291273319e-07,3.609830817166601e-06,1.351798902697113e-06,0.0,5.7989585478636e-07,8.060225888579288e-06,1.6684751779770935e-08,3.599996080833284e-06,4.101953483506573e-07,7.646490682860364e-06,7.535184346593562e-07,0.0,2.352176391493055e-06,1.4779061689976488e-05,1.1431419941601849e-07,1.19578307209795e-06,2.98972471472334e-07,2.091041990689612e-07,6.822003755728742e-08,0.0,7.939303948062559e-07,2.680324374418807e-06,6.11313700014065e-08,3.046289888655884e-06,2.452583448380992e-07,2.360861770375353e-07,1.2867905095771292e-07,0.0,4.748437515869022e-07,4.192288583077539e-06,5.1209198156102656e-08,5.615619290303552e-07,2.7338702152120376e-07,1.6889573005106325e-07,2.5974026627037365e-08,0.0,4.353222448143813e-07,1.5163501502001435e-06,1.611970889161867e-07,1.7662878186336272e-06,3.5007302354463855e-07,2.994893817966524e-07,1.3204921148602877e-07,0.0,4.7186434488999554e-07,3.180960869267129e-06,6.977682664538101e-08,1.1464464098563224e-06,3.517402731133543e-07,1.726137979968549e-07,7.635476085156129e-08,0.0,5.052622356359141e-07,2.3221943040993884e-06,1.2994848505902665e-06,1.5623786168884224e-06,7.642836360849554e-07,4.1254401580930585e-07,1.2864035888435456e-07,0.0,1.1095617524798074e-06,5.276893230737112e-06,5.879482168344465e-06,1.842403938882217e-06,2.922245184042377e-07,4.387253759355589e-07,1.4933111926376633e-07,0.0,2.846106456566608e-06,1.144827357739685e-05,4.7008588165747985e-09,1.8029731454645265e-06,4.531523994282263e-07,5.241449448549217e-07,6.177481859963111e-08,0.0,5.314649574805514e-07,3.378211124644432e-06,1.0947988595706697e-07,1.0950460500893595e-06,2.8954804578427654e-07,2.2917083149586254e-07,6.7631289606522e-08,0.0,4.853663018553713e-07,2.276242404788459e-06,1.0464332070764273e-07,1.2552130079085078e-06,3.246262120881403e-07,1.949956785068725e-07,7.651209577607815e-08,0.0,5.469113939221545e-07,2.5029017089093954e-06,0.0,0.0,0.0,0.0,0.0,0.0,0.0,0.0,0.0,0.0,0.0,0.0,0.0,0.0,0.0,0.0,0.0,0.0,0.0,0.0,0.0,0.0,0.0,0.0,0.0,0.0,0.0,0.0,0.0,0.0,0.0,0.0,0.0,0.0,0.0,0.0,0.0,0.0,0.0,0.0,0.0,0.0,0.0,0.0,0.0,0.0,0.0,0.0
0_00027,8.378891006827329e-08,1.2062558510512847e-06,3.4261683346962374e-07,3.734179253743343e-07,9.631157527605617e-08,0.0,5.712040514128268e-07,2.673595146652399e-06,8.987867371980723e-08,8.225547997656521e-07,7.580555343943278e-07,1.0139976386335769e-07,0.0,0.0,2.249409720021576e-07,1.9968297437453027e-06,1.1011312602261461e-07,1.6848468142722276e-08,9.398229099754448e-07,2.5842389378411306e-07,0.0,0.0,3.1876530418316066e-07,1.6439737021080555e-06,1.1351441262617973e-07,1.0795869459703342e-08,2.530399936819827e-07,4.656746220087492e-07,0.0,0.0,4.976682710684779e-07,1.3406931688450927e-06,2.182095400362513e-08,1.2938624556624492e-07,8.082298771703602e-08,1.691191216272903e-07,0.0,0.0,8.897457479825129e-08,4.901238837124477e-07,1.5276875249135437e-07,1.2428084741129093e-06,1.3066875476041454e-06,7.190935626498915e-07,8.21229222978364e-09,0.0,1.323676636636637e-06,4.753247265724722e-06,3.38302373222773e-09,0.0,3.02115257762827e-07,3.72806723426169e-09,0.0,0.0,0.0,3.092263487293164e-07,4.5667564050034464e-08,9.538221340245406e-08,3.1252590005722693e-07,1.8789024252773165e-07,0.0,0.0,2.731769638533608e-07,9.146428838908078e-07,6.039116591165955e-08,2.013026713556503e-06,3.935726431699889e-07,4.153758564179497e-06,1.461070842860218e-06,0.0,5.083556922281071e-07,8.590175621905974e-06,3.168459750877443e-08,3.673505996748472e-06,3.9162435445453924e-07,7.927070014221431e-06,7.203310373700741e-07,0.0,2.4828081303791983e-06,1.5227024130682488e-05,8.378891006827329e-08,1.2593176065800751e-06,3.4261683346962374e-07,3.734179253743343e-07,9.631157527605617e-08,0.0,1.0757818676556923e-06,3.231234718424055e-06,1.6863085284421118e-08,3.2101426760431464e-06,3.010138740998804e-07,2.7469653374532924e-07,1.8313236657847361e-07,0.0,3.8821111651088187e-07,4.374059652262132e-06,4.4850377612000745e-08,5.90511564783316e-07,2.610651910422581e-07,2.5211928594806424e-07,5.590177272315832e-08,0.0,5.733467882794126e-07,1.77779498038821e-06,1.240714098685688e-07,1.853532289634584e-06,3.427092315899212e-07,4.288900122480274e-07,1.6308686164972645e-07,0.0,5.07599086140345e-07,3.4198888911311725e-06,8.906613494007628e-08,1.2150039249460912e-06,3.769848586880178e-07,3.654689346680332e-07,1.09087253375831e-07,0.0,4.984529714514056e-07,2.654064078069455e-06,1.428493994125466e-06,1.6595761791163557e-06,6.405408983830276e-07,6.532888341062449e-07,1.6395853625112984e-07,0.0,1.0380014651890169e-06,5.583859907171241e-06,5.434108969056217e-06,1.9301136090407458e-06,3.671885282316093e-07,6.327328603336734e-07,1.7207690543721388e-07,0.0,2.158964995445572e-06,1.0695185867545032e-05,2.235972903772559e-09,1.899741695665496e-06,4.37367728956958e-07,9.821382824657437e-07,1.175715621958002e-07,0.0,5.288341141718195e-07,3.967889356359591e-06,8.543579189097338e-08,1.14955982404975e-06,3.997127277362096e-07,3.66863931684642e-07,9.498749620084624e-08,0.0,4.811691884306055e-07,2.5777289599930267e-06,6.904176820592338e-08,1.365171795909918e-06,4.061201767244021e-07,3.534815857812957e-07,1.0527684869444696e-07,0.0,3.864937161503053e-07,2.685585891466291e-06,0.0,0.0,0.0,0.0,0.0,0.0,0.0,0.0,0.0,0.0,0.0,0.0,0.0,0.0,0.0,0.0,0.0,0.0,0.0,0.0,0.0,0.0,0.0,0.0,0.0,0.0,0.0,0.0,0.0,0.0,0.0,0.0,0.0,0.0,0.0,0.0,0.0,0.0,0.0,0.0,0.0,0.0,0.0,0.0,0.0,0.0,0.0,0.0
0_0003,4.604070612638088e-08,1.2841709819807149e-06,3.3545799465764066e-07,4.905602466077278e-07,1.459196490457956e-07,0.0,5.873422601288922e-07,2.889491838547152e-06,1.0057088453150458e-07,7.875725216709259e-07,7.869342051010479e-07,1.6904993974619445e-07,0.0,0.0,2.6030829311952e-07,2.1044358441691933e-06,4.8344943303599735e-08,2.268267924412949e-08,9.236945398671724e-07,3.521345529896588e-07,0.0,0.0,3.570822154722899e-07,1.70393893087685e-06,2.6660786549162923e-08,1.1098245557380756e-08,2.4770935011844084e-07,5.080076265803229e-07,0.0,0.0,4.320662599226636e-07,1.225542268727971e-06,2.1409913781579803e-08,1.427830549460359e-07,1.1380683735531008e-07,2.3255160131613293e-07,0.0,0.0,4.2368649125318655e-08,5.529200565243774e-07,1.1760417933809217e-07,1.297730714473705e-06,1.1985640692051294e-06,1.0598277929928438e-06,6.272481803402146e-09,0.0,1.4992081892356608e-06,5.179207427048834e-06,9.392643055676853e-09,0.0,3.02427013669856e-07,7.317304952009287e-09,0.0,0.0,0.0,3.191369616775421e-07,2.89020682027222e-08,1.1096904353222449e-07,3.002401768448151e-07,2.952154744083248e-07,0.0,0.0,2.620287053231497e-07,9.973554683112363e-07,1.0120550518407117e-07,2.0381679824236786e-06,3.920643356925788e-07,4.603216057948191e-06,1.4584184062266884e-06,0.0,3.816735487811284e-07,8.974745836256337e-06,2.0530339482831466e-08,3.583382234540062e-06,3.394095719159971e-07,7.82674772815155e-06,6.951117427359078e-07,0.0,2.404153415688254e-06,1.48693350325146e-05,4.604070612638088e-08,1.3222835653438166e-06,3.3545799465764066e-07,4.905602466077278e-07,1.459196490457956e-07,0.0,1.3300750283416764e-06,3.670337190123039e-06,5.76815995242115e-08,3.327742665247928e-06,2.299502443606685e-07,3.2424768321124924e-07,2.1533657574511105e-07,0.0,5.420959044456636e-07,4.697054672534832e-06,2.5084896234023377e-08,6.338292424753903e-07,2.8530777860076817e-07,2.6430789616114135e-07,1.1482699148616885e-07,0.0,5.974308025978866e-07,1.9207876075553787e-06,8.665020056971953e-08,1.937318286157879e-06,3.6045929872167946e-07,5.116061146023514e-07,1.9130344956558213e-07,0.0,5.87572963118867e-07,3.674910312736079e-06,7.208925084590014e-08,1.2366927315201885e-06,3.588650891843436e-07,5.244124355637818e-07,1.4910630293618237e-07,0.0,6.033220573404004e-07,2.9444878673907965e-06,1.349949480755407e-06,1.7439222500886117e-06,6.206948370143483e-07,9.078420255639076e-07,2.156785097647637e-07,0.0,8.240524381372253e-07,5.662139541324263e-06,5.298000300760665e-06,2.117377119280262e-06,2.954959126815317e-07,7.60285103075777e-07,2.227547161021017e-07,0.0,1.7472006708616518e-06,1.0441113822761989e-05,6.513344570605118e-09,2.004675617683315e-06,5.097498235892441e-07,1.0413600395416954e-06,1.6375991747750632e-07,0.0,5.1212892176052e-07,4.238187664622887e-06,1.7159261781529863e-08,1.2066630346792615e-06,3.3740913068308524e-07,4.515833671423336e-07,1.3861911918491996e-07,0.0,6.069936284198599e-07,2.7584275418909897e-06,7.254085359212964e-08,1.374812591580723e-06,4.340800317835797e-07,5.681069227931223e-07,1.166433074049986e-07,0.0,5.35624280594252e-07,3.101807987748805e-06,0.0,0.0,0.0,0.0,0.0,0.0,0.0,0.0,0.0,0.0,0.0,0.0,0.0,0.0,0.0,0.0,0.0,0.0,0.0,0.0,0.0,0.0,0.0,0.0,0.0,0.0,0.0,0.0,0.0,0.0,0.0,0.0,0.0,0.0,0.0,0.0,0.0,0.0,0.0,0.0,0.0,0.0,0.0,0.0,0.0,0.0,0.0,0.0
0_00034,1.0270861625769881e-07,1.3382524889297224e-06,3.9006423076477385e-07,6.729986419185642e-07,1.732899609379115e-07,0.0,5.724583018203773e-07,3.249772240629048e-06,1.032107785316075e-07,8.948247515544763e-07,7.934107540943615e-07,3.476645457102412e-07,0.0,0.0,2.6149028728931615e-07,2.400601117180002e-06,3.167207896100402e-08,2.5781108253281373e-08,9.261173086457166e-07,6.002598626901549e-07,0.0,0.0,2.954797168775272e-07,1.8793100754276845e-06,5.3450319406648406e-08,1.3606036997570766e-08,2.661910567040544e-07,6.531601820250449e-07,0.0,0.0,4.855024332178211e-07,1.4719100283511396e-06,1.7771921052382962e-08,1.7343355895526602e-07,1.585644254542427e-07,2.609469535132568e-07,0.0,0.0,4.63843189555906e-09,6.153552908707075e-07,1.5991315699365744e-07,1.3447527720637371e-06,1.3866170033535892e-06,1.411962333328435e-06,4.450726453314334e-09,0.0,1.4302865123935034e-06,5.737982504586237e-06,0.0,0.0,3.700648810828793e-07,0.0,0.0,0.0,0.0,3.700648810828793e-07,8.708729447929989e-08,1.6951872590564424e-07,3.111208235329678e-07,5.122180771806414e-07,1.955320772475308e-08,0.0,2.2462890912033205e-07,1.3241270379436382e-06,1.2324434534322426e-07,2.0663081184932265e-06,3.655302794432867e-07,5.104297374422211e-06,1.573222984555603e-06,0.0,5.039055035839461e-07,9.736508605841496e-06,2.3652090483638185e-08,3.616641245794192e-06,4.025143762726806e-07,7.856763582597707e-06,6.909655186045863e-07,0.0,2.410484477143208e-06,1.5001021290896012e-05,1.0270861625769881e-07,1.3948106709555137e-06,3.9006423076477385e-07,6.729986419185642e-07,1.732899609379115e-07,0.0,1.2389015130417528e-06,3.972773633876215e-06,5.3076708436023695e-08,3.524897703516502e-06,2.343681914703133e-07,5.513583589718654e-07,2.0118512309178402e-07,0.0,5.370640268310273e-07,5.101950112317515e-06,3.7147125955378624e-08,6.846526764888197e-07,2.241385180283787e-07,4.48642318529062e-07,1.497215293992671e-07,0.0,6.34093763907161e-07,2.1783959323080674e-06,1.33276443242681e-07,2.044326144783712e-06,4.051358524721382e-07,7.78986519758963e-07,2.0977803468556653e-07,0.0,5.724944601328075e-07,4.143997455075867e-06,3.8815960927323097e-08,1.336720923186138e-06,4.051468713935814e-07,6.781524641210524e-07,1.497954085602745e-07,0.0,6.265793848918994e-07,3.235211013080268e-06,1.1665425293036062e-06,1.8846056521766524e-06,6.455339114946613e-07,1.2694662163804492e-06,2.888136548668252e-07,0.0,9.165627742673332e-07,6.171524738489527e-06,4.923172934851866e-06,2.264381559350192e-06,3.540356874738081e-07,9.641624902763205e-07,2.8915983757254014e-07,0.0,1.5910055936223693e-06,1.0385918103147094e-05,4.9024437318222675e-09,2.2779388283742883e-06,5.146886786020197e-07,1.286775276699359e-06,1.824662886625772e-07,0.0,5.677414140442589e-07,4.834512930114324e-06,1.0535869307111773e-07,1.3215728280818455e-06,3.557614677613407e-07,7.106539945477573e-07,1.691122137112547e-07,0.0,6.234770864032053e-07,3.2859362835765217e-06,1.1068249096085065e-07,1.52932220872928e-06,4.215449692132352e-07,7.31418070379323e-07,1.289666795249148e-07,0.0,4.167113819806874e-07,3.3386458007882906e-06,0.0,0.0,0.0,0.0,0.0,0.0,0.0,0.0,0.0,0.0,0.0,0.0,0.0,0.0,0.0,0.0,0.0,0.0,0.0,0.0,0.0,0.0,0.0,0.0,0.0,0.0,0.0,0.0,0.0,0.0,0.0,0.0,0.0,0.0,0.0,0.0,0.0,0.0,0.0,0.0,0.0,0.0,0.0,0.0,0.0,0.0,0.0,0.0
0_00037,7.212897134108858e-08,1.4027359432191257e-06,3.233557783097503e-07,8.097723157990511e-07,1.5188260735581142e-07,0.0,6.213123682136223e-07,3.381187984238449e-06,8.657958939683696e-08,9.270677773614156e-07,7.174515833454237e-07,5.408268921051019e-07,0.0,0.0,3.183243878253983e-07,2.5902502300341766e-06,2.4196757789541268e-08,2.092202227574558e-08,9.936888051664882e-07,7.431965404564403e-07,0.0,0.0,3.536482982377996e-07,2.1356524239260146e-06,6.599136238305118e-08,1.180895277774227e-08,2.4671057332917625e-07,8.777418837672946e-07,0.0,0.0,5.90223911210116e-07,1.7924766834673805e-06,1.2666634738031921e-08,1.8789010806683706e-07,1.0961859449738696e-07,2.411512718723448e-07,0.0,0.0,0.0,5.513266091746008e-07,9.553202197694489e-08,1.4714713489816943e-06,1.3387233172944286e-06,1.871145720046909e-06,7.639288786263524e-09,0.0,1.5368960177612958e-06,6.321407714847536e-06,3.890223648426067e-09,0.0,3.258567534899708e-07,1.475317772857615e-09,0.0,0.0,0.0,3.312222949112545e-07,1.9636575404192104e-08,1.7082714446161852e-07,3.775639846020716e-07,5.418868021618945e-07,0.0,0.0,1.5949979502254629e-07,1.2694143016523231e-06,1.547679024157381e-07,2.0975825645979886e-06,3.7876583835898933e-07,5.285675664476245e-06,1.7058746060964214e-06,0.0,4.500427930044303e-07,1.0072709368949814e-05,2.36668592599994e-08,3.465625802356493e-06,3.862099350874105e-07,7.809546140501622e-06,6.867760254535757e-07,0.0,2.335899653014801e-06,1.4707724415673904e-05,7.212897134108858e-08,1.4506394400091169e-06,3.233557783097503e-07,8.097723157990511e-07,1.5188260735581142e-07,0.0,1.3350763031778655e-06,4.142855415992684e-06,3.645284224652149e-08,3.6639732640568495e-06,2.646419651263148e-07,7.628114372352159e-07,1.672356519289242e-07,0.0,5.869834379934338e-07,5.48209859858726e-06,2.85125254212884e-08,7.364735071256423e-07,3.3938177766584895e-07,5.421433250148015e-07,1.7522854979610336e-07,0.0,6.380970684544421e-07,2.4598367534781268e-06,1.1304524156793189e-07,2.140050120007918e-06,4.188265698880913e-07,1.0141034153486637e-06,1.7998752930718997e-07,0.0,6.476362078563558e-07,4.513649083976151e-06,8.433015182295496e-09,1.3972483407205262e-06,3.38778603777829e-07,8.922368804566013e-07,1.654796768398961e-07,0.0,7.866490137694591e-07,3.588825530746607e-06,1.010794027205233e-06,1.9903902029597754e-06,6.886185571706728e-07,1.4371097011457925e-06,3.382374798914049e-07,0.0,9.270864131260764e-07,6.392236381498955e-06,4.816671645962539e-06,2.379253615102937e-06,3.5002841740143585e-07,1.0445266688122026e-06,2.9927720065713e-07,0.0,1.355056701422221e-06,1.0244814249358464e-05,3.549236489980087e-09,2.0929923635881933e-06,4.903629121045327e-07,1.5329815814730903e-06,1.47585142919827e-07,0.0,5.916242198412884e-07,4.859095456416911e-06,3.514447557587537e-08,1.3772837919367768e-06,4.170501134030226e-07,8.728283786067564e-07,2.161114170455337e-07,0.0,7.075648793296434e-07,3.625983055897608e-06,3.1568456371814815e-08,1.5904260240722811e-06,4.5353810650269154e-07,1.0084881052532428e-06,1.5901293206919122e-07,0.0,5.478770580503731e-07,3.790910682319595e-06,0.0,0.0,0.0,0.0,0.0,0.0,0.0,0.0,0.0,0.0,0.0,0.0,0.0,0.0,0.0,0.0,0.0,0.0,0.0,0.0,0.0,0.0,0.0,0.0,0.0,0.0,0.0,0.0,0.0,0.0,0.0,0.0,0.0,0.0,0.0,0.0,0.0,0.0,0.0,0.0,0.0,0.0,0.0,0.0,0.0,0.0,0.0,0.0
0_00042,2.935373596757404e-08,1.4903696552754237e-06,4.1207151534216923e-07,1.1822446297308222e-06,1.819742055432993e-07,0.0,6.573416802402092e-07,3.953355422099498e-06,5.8859399375547134e-08,9.844066956334878e-07,7.717639221532962e-07,7.519197518291982e-07,0.0,0.0,2.908636788645286e-07,2.857813447856058e-06,8.25505693003651e-08,2.7270975971469563e-08,9.063677130476496e-07,7.264236473588269e-07,0.0,0.0,2.78459601901702e-07,2.0210725075800133e-06,1.143826897172821e-07,7.590873915352932e-09,2.353013005170508e-07,1.1230188768100089e-06,0.0,0.0,5.327128055967452e-07,2.01300654655644e-06,2.2942479781747355e-08,2.063804445510618e-07,1.540917371997225e-07,3.7719514907872514e-07,0.0,0.0,0.0,7.606098106112568e-07,1.12463420587798e-07,1.5757485815501885e-06,1.3031164130484897e-06,2.2021647008652074e-06,1.925791772407977e-08,0.0,1.4291118169074614e-06,6.641862850683224e-06,0.0,3.2751752636234562e-09,3.152529734071692e-07,0.0,0.0,0.0,0.0,3.1852814867079264e-07,4.423032588354583e-08,1.908509249132229e-07,2.8191393772426373e-07,6.731767825349047e-07,1.4965773837946494e-08,0.0,2.4527260796159743e-08,1.229665005690043e-06,1.172673629038924e-07,2.3016713949707905e-06,3.597050055280451e-07,5.502420650694599e-06,1.7241758529937543e-06,0.0,3.967178767355824e-07,1.0401958143826663e-05,1.3821869467674377e-08,3.538920158963315e-06,3.3959507861129344e-07,7.586418623723612e-06,7.304779180268115e-07,0.0,2.122258451640398e-06,1.4331492100433105e-05,2.935373596757404e-08,1.5395143648627116e-06,4.1207151534216923e-07,1.1822446297308222e-06,1.819742055432993e-07,0.0,1.353106590867602e-06,4.6982650423141785e-06,2.5587683171597545e-08,3.922762422716615e-06,2.581622725846046e-07,1.0871789700195735e-06,2.522349432654648e-07,0.0,5.304296692750451e-07,6.076355961032901e-06,3.370327182830908e-08,8.144751308842727e-07,2.659661131681248e-07,6.632238245668916e-07,1.8501889287948133e-07,0.0,7.608776790507444e-07,2.723264912377824e-06,6.997502987480099e-08,2.237273842197258e-06,4.346668402631101e-07,1.3877308932295868e-06,2.069802198474723e-07,0.0,6.486184597924446e-07,4.985245285204673e-06,6.858627102474667e-08,1.4871724923311902e-06,3.665415265545949e-07,1.133594615992791e-06,1.940523501171353e-07,0.0,6.63543683918248e-07,3.913490939938706e-06,1.04626697124808e-06,2.215922680680385e-06,6.56870978477995e-07,1.781411211662358e-06,3.0716003681985217e-07,0.0,7.896766416235782e-07,6.797308520512249e-06,4.522510570267222e-06,2.5447335700740844e-06,3.984148473623139e-07,1.4501691007478143e-06,2.60335061936053e-07,0.0,1.1136384085796285e-06,1.0289801558967115e-05,5.300305311420496e-09,2.538085424001841e-06,4.975360403357204e-07,1.8382747794222573e-06,1.8188291733218245e-07,0.0,6.721305010589605e-07,5.733209967462381e-06,3.824556541953306e-08,1.4387730106511905e-06,4.068640803756697e-07,1.1615725055150368e-06,1.859464053840849e-07,0.0,7.377521548565613e-07,3.969153722202076e-06,5.982193777457427e-08,1.788671614114117e-06,4.1302787456393733e-07,1.1357484845287365e-06,1.825364575921734e-07,0.0,5.870496611776232e-07,4.166856029751162e-06,0.0,0.0,0.0,0.0,0.0,0.0,0.0,0.0,0.0,0.0,0.0,0.0,0.0,0.0,0.0,0.0,0.0,0.0,0.0,0.0,0.0,0.0,0.0,0.0,0.0,0.0,0.0,0.0,0.0,0.0,0.0,0.0,0.0,0.0,0.0,0.0,0.0,0.0,0.0,0.0,0.0,0.0,0.0,0.0,0.0,0.0,0.0,0.0
0_00047,5.577842205719949e-08,1.584102389823514e-06,4.251941020497524e-07,1.3732901749814346e-06,2.216051019929469e-07,0.0,6.925241635655696e-07,4.352494354470417e-06,5.77250753808578e-08,1.091753015581592e-06,7.385477369338557e-07,9.447912434319212e-07,0.0,0.0,3.288033580217959e-07,3.1616204293500218e-06,6.119184940837726e-08,3.4141804863175595e-08,9.351393900323224e-07,1.1243743326531042e-06,0.0,0.0,3.88571798428742e-07,2.5434191753857213e-06,3.031828621097078e-08,1.7040883810040596e-08,2.343416581570796e-07,1.3529182922793664e-06,4.624770153041292e-09,0.0,5.715011247983498e-07,2.210745015408848e-06,1.2040652860429905e-08,2.497536226592571e-07,1.1887132485577241e-07,3.70741170775074e-07,0.0,0.0,0.0,7.514067711505334e-07,6.616082643139835e-08,1.5810952172592854e-06,1.1945981478128902e-06,2.435461131273716e-06,1.1301992029265397e-08,0.0,1.0511334253484586e-06,6.339750740155013e-06,4.286598354536801e-09,1.95920208601216e-09,3.309956430980013e-07,3.657591528680766e-09,0.0,0.0,0.0,3.4089903506723105e-07,7.115656105416548e-08,2.036809466943375e-07,4.1498134931916773e-07,8.564939222383182e-07,5.287746507162061e-09,0.0,0.0,1.5516005258131512e-06,1.0178675686830773e-07,2.2033529187258946e-06,3.7715891183976084e-07,5.788216829869726e-06,1.851219258447472e-06,0.0,3.730502795173633e-07,1.0694784955268524e-05,1.76159794506338e-08,3.390352929121483e-06,3.914322978386765e-07,7.64826095146682e-06,7.08863752226265e-07,0.0,2.045009507329745e-06,1.4201535417433624e-05,5.577842205719949e-08,1.6354732204151428e-06,4.251941020497524e-07,1.3732901749814346e-06,2.216051019929469e-07,0.0,1.3966594733994916e-06,5.108000494895967e-06,2.9497490596043533e-08,4.057003772692598e-06,2.479090012155464e-07,1.2284788477596731e-06,2.815813394975778e-07,0.0,4.789444487622022e-07,6.32341490052364e-06,9.499994777766921e-09,8.361404970026514e-07,2.659703548092541e-07,9.23438633462135e-07,2.1377542526357217e-07,0.0,7.858374237819015e-07,3.034662329097281e-06,4.184161036093296e-08,2.409326089070359e-06,4.641588133582754e-07,1.6655003054573854e-06,2.5249183826435735e-07,0.0,6.960132049003472e-07,5.529331861411657e-06,8.567709468622025e-08,1.6127064771895648e-06,3.80198839399654e-07,1.3439696954299194e-06,1.7844343923996733e-07,0.0,6.310552419161961e-07,4.232050787861522e-06,9.84082876623486e-07,2.3307334498825123e-06,6.56992992102503e-07,2.1093598300163747e-06,3.167340712470507e-07,0.0,7.063357768885106e-07,7.104238996760437e-06,4.377292403006817e-06,2.728064046002929e-06,4.062321204057374e-07,1.769110191266335e-06,2.865075457652856e-07,0.0,9.001605179680274e-07,1.046736682441513e-05,5.851692912950641e-09,2.688444216285689e-06,5.243381801251044e-07,2.22574821329564e-06,2.160105324366445e-07,0.0,6.186644150021339e-07,6.279057250058163e-06,8.010892474673262e-08,1.5504556655161756e-06,3.428414840080377e-07,1.291850437698496e-06,1.9234671883472329e-07,0.0,6.323355984885279e-07,4.089938829292693e-06,5.629106757983402e-08,1.9798948714581733e-06,4.6637330832962244e-07,1.413823556639509e-06,1.764140723868187e-07,0.0,4.648155055840273e-07,4.557612381977984e-06,0.0,0.0,0.0,0.0,0.0,0.0,0.0,0.0,0.0,0.0,0.0,0.0,0.0,0.0,0.0,0.0,0.0,0.0,0.0,0.0,0.0,0.0,0.0,0.0,0.0,0.0,0.0,0.0,0.0,0.0,0.0,0.0,0.0,0.0,0.0,0.0,0.0,0.0,0.0,0.0,0.0,0.0,0.0,0.0,0.0,0.0,0.0,0.0
0_00052,7.920836879570925e-08,1.7022244869712923e-06,3.827132117074715e-07,1.4785896178161004e-06,2.140036144548823e-07,0.0,8.296481434198753e-07,4.686387443165331e-06,5.8467502246227413e-08,1.1537204368958704e-06,7.48155199964534e-07,9.5689444700039e-07,0.0,0.0,3.348899537023665e-07,3.2521275398093885e-06,8.88620750871594e-08,3.3286993183037414e-08,8.685364654630804e-07,1.3968313245142155e-06,0.0,0.0,4.096296371186418e-07,2.7971464953661347e-06,5.6403211759880136e-08,7.746812653831921e-09,2.520243774023652e-07,1.4735337159565663e-06,3.267616313904142e-09,0.0,6.537490513646834e-07,2.446724785451231e-06,4.459778717715362e-08,2.808029087553177e-07,1.5045997561014293e-07,4.417557376461421e-07,0.0,0.0,0.0,9.17616409188756e-07,5.7376268648333414e-08,1.6721429557134077e-06,1.4537751258443276e-06,3.0088568121010868e-06,2.9360109532048603e-08,0.0,1.8234916906168337e-06,8.045002962456037e-06,8.820915431723056e-09,5.80343784305444e-09,3.126085550646154e-07,2.908783397735619e-09,0.0,0.0,0.0,3.301416917371285e-07,4.533079500747545e-08,2.505486917753265e-07,2.546675978788133e-07,8.616177317615126e-07,0.0,0.0,0.0,1.412164816423128e-06,4.0483889201136544e-08,2.2171326138275245e-06,3.7501719393628763e-07,5.401370585036924e-06,1.8504467629849844e-06,0.0,1.957825524402271e-07,1.0080233597427082e-05,1.4646253796827168e-08,3.25217141427982e-06,3.589040387542375e-07,7.38377049550533e-06,7.443205337040887e-07,0.0,1.9901467884360565e-06,1.374395952447636e-05,9.57183975068593e-08,1.7577359341401804e-06,3.827132117074715e-07,1.4785896178161004e-06,2.140036144548823e-07,0.0,1.8038669427270767e-06,5.732627718352571e-06,3.7027774043528686e-08,4.373517121284333e-06,2.177128192777967e-07,1.4320155467935116e-06,2.879297600679096e-07,0.0,6.984087106278327e-07,7.046611732094912e-06,1.07803322552906e-08,9.464032383685392e-07,2.385987890604065e-07,9.896767310713066e-07,2.289038524083371e-07,0.0,8.557470033498974e-07,3.2701099465137773e-06,1.2117033837529642e-07,2.520966131325861e-06,4.19064505124877e-07,1.758241467360694e-06,2.195768225657033e-07,0.0,7.840447596244644e-07,5.823064024376897e-06,4.47146115363821e-08,1.6920963850455977e-06,3.966519295054947e-07,1.5615448316093558e-06,2.152668110661256e-07,0.0,7.569499792374983e-07,4.667224548000455e-06,8.923364078632652e-07,2.5338442781838965e-06,6.626649553130595e-07,2.278517428463656e-06,3.175178529369704e-07,0.0,9.183529632278468e-07,7.6032338859886944e-06,4.398623224492294e-06,3.042993353657637e-06,3.472641862205896e-07,1.9922744110582814e-06,3.4934031216776985e-07,0.0,9.084308901683706e-07,1.1038926377764942e-05,0.0,2.9672914061023274e-06,4.707240874718051e-07,2.4909352588999487e-06,2.130674075403696e-07,0.0,7.831884615470661e-07,6.925206621561516e-06,3.9167704063641684e-08,1.619472843994426e-06,3.683164530456465e-07,1.421077673490656e-06,2.504184387486159e-07,0.0,7.581173259168437e-07,4.456570439259829e-06,8.565341485257496e-08,2.1257611927351787e-06,4.134796763723229e-07,1.6812914212243911e-06,2.0865387599283893e-07,0.0,5.447239908329463e-07,5.059563572010253e-06,0.0,0.0,0.0,0.0,0.0,0.0,0.0,0.0,0.0,0.0,0.0,0.0,0.0,0.0,0.0,0.0,0.0,0.0,0.0,0.0,0.0,0.0,0.0,0.0,0.0,0.0,0.0,0.0,0.0,0.0,0.0,0.0,0.0,0.0,0.0,0.0,0.0,0.0,0.0,0.0,0.0,0.0,0.0,0.0,0.0,0.0,0.0,0.0
0_00058,5.766041133935192e-08,1.8245521489557351e-06,3.426262056474665e-07,1.630851084209189e-06,2.2148692167816217e-07,0.0,7.830917165135762e-07,4.86026848834348e-06,8.705501615335518e-08,1.285657911587123e-06,6.735847319844494e-07,1.0300717397710115e-06,0.0,0.0,3.102615467641984e-07,3.386630946260137e-06,6.331025975416669e-08,4.850091016421768e-08,9.539582699437586e-07,1.349307957333885e-06,0.0,0.0,3.70392750144928e-07,2.785470147340956e-06,1.4484978570931274e-08,9.590276047842536e-09,2.360301011279965e-07,1.5998122920648656e-06,0.0,0.0,6.525396793488524e-07,2.512457327160489e-06,1.4274169151367786e-08,3.244429406726182e-07,1.499942565118038e-07,5.048629046946858e-07,3.480849702391832e-09,0.0,0.0,9.970551207328675e-07,2.880322321492661e-08,1.83773430814384e-06,1.936428285661295e-06,2.8400519900936893e-06,2.6662567903356413e-08,0.0,1.6170966411109905e-06,8.286777016128096e-06,0.0,9.829012770071064e-09,3.25506576408516e-07,5.060033501522394e-09,0.0,0.0,0.0,3.403956226801095e-07,2.6180974016240884e-08,3.36987904517765e-07,3.77307037843342e-07,8.756583285998454e-07,4.944161936430436e-09,0.0,0.0,1.6210784069136238e-06,6.627903722150618e-08,2.3783670127503087e-06,3.543781952418354e-07,5.275069906545854e-06,1.9206890083955407e-06,0.0,1.7153852316404548e-07,1.016632168331909e-05,2.1922852936601725e-08,3.402063321074348e-06,3.567955258044923e-07,7.429806922806625e-06,6.579996007967514e-07,0.0,1.8936465324257173e-06,1.3762234755844536e-05,7.287291293613952e-08,1.8843203455691288e-06,3.426262056474665e-07,1.630851084209189e-06,2.2148692167816217e-07,0.0,1.6056815685168514e-06,5.757839038556937e-06,2.2029195595371403e-08,4.61248051610471e-06,2.473766186464598e-07,1.5606039874893454e-06,3.073046892424999e-07,0.0,7.823866267683652e-07,7.532181633846752e-06,8.128054843694107e-08,9.602321600943289e-07,2.7494221193119533e-07,1.1015777815316336e-06,2.279156649139992e-07,0.0,7.49879706389815e-07,3.395828073297913e-06,1.0533462887761238e-07,2.71278326144882e-06,3.711874097740327e-07,2.00680091725048e-06,2.659005224897105e-07,0.0,7.730406200008719e-07,6.235047359841527e-06,6.010725418377439e-08,1.8433414044560364e-06,3.6048861154252514e-07,1.6666577524455714e-06,2.1037349214134615e-07,0.0,8.238042628887377e-07,4.964772777657991e-06,8.413259112423457e-07,2.736944397852364e-06,6.144154087335403e-07,2.467792129430372e-06,3.415157248609528e-07,0.0,9.224994532331956e-07,7.924493025352773e-06,4.285602152323248e-06,3.326356051848339e-06,4.218154073564697e-07,2.3354270662417977e-06,3.348458794593088e-07,0.0,1.019267707221784e-06,1.1723314264450949e-05,1.1216120719169992e-08,3.2947265562405503e-06,5.410545372592105e-07,2.80486453752526e-06,2.5469547321688164e-07,0.0,8.514160794617001e-07,7.757973304422773e-06,6.169019242114045e-08,1.742280599430216e-06,3.497087317925576e-07,1.5542586247678014e-06,2.342936845437673e-07,0.0,8.020086998041822e-07,4.744240532759665e-06,7.241693773757706e-08,2.3156458156059167e-06,4.229940264279113e-07,1.8517210321277585e-06,1.9441285293883885e-07,0.0,6.646510862396603e-07,5.5218417510776625e-06,0.0,0.0,0.0,0.0,0.0,0.0,0.0,0.0,0.0,0.0,0.0,0.0,0.0,0.0,0.0,0.0,0.0,0.0,0.0,0.0,0.0,0.0,0.0,0.0,0.0,0.0,0.0,0.0,0.0,0.0,0.0,0.0,0.0,0.0,0.0,0.0,0.0,0.0,0.0,0.0,0.0,0.0,0.0,0.0,0.0,0.0,0.0,0.0
0_00065,2.2480099899923212e-08,1.9837806652026675e-06,3.8916504611633787e-07,1.7205971128441263e-06,1.9164968118065805e-07,0.0,7.075719139166518e-07,5.015244519160365e-06,3.092783324827223e-08,1.4307529400511367e-06,6.647110527724977e-07,1.0655148473550616e-06,0.0,0.0,2.9591851149359666e-07,3.4878251849205653e-06,1.5678708410000012e-08,4.4937763352206486e-08,9.261213483301084e-07,1.4905130877041123e-06,0.0,0.0,4.088948357901926e-07,2.88614574358662e-06,6.481715963623286e-08,7.91978372996175e-09,2.2106315357586538e-07,1.6877392104385963e-06,0.0,0.0,7.490839697245962e-07,2.730623277105253e-06,1.3449373197473924e-08,3.747544395506472e-07,1.3195817463742712e-07,4.342448665018237e-07,0.0,0.0,0.0,9.544068538873715e-07,6.306639073173068e-08,2.0926374660559222e-06,1.2362571024628723e-06,3.328639927839431e-06,3.72599119457386e-08,0.0,2.1743652898432582e-06,8.932226088878955e-06,0.0,4.129559722977152e-09,3.703260834483206e-07,2.846068197369717e-08,0.0,0.0,0.0,4.029163251449949e-07,4.21533925644737e-08,4.302104577592589e-07,3.179080618113924e-07,8.379847131391022e-07,0.0,0.0,0.0,1.6282566252742272e-06,1.775295806490163e-08,2.445903870013078e-06,3.212967483779808e-07,4.952449629397972e-06,1.8221326285460428e-06,0.0,1.4840680657395905e-07,9.707942640973937e-06,2.1911870466079723e-08,3.0444073543741885e-06,3.394232674997203e-07,7.2498853179927055e-06,6.47087918086393e-07,0.0,1.822172392180677e-06,1.3124888120599764e-05,5.79567118163792e-08,2.055340092396928e-06,3.8916504611633787e-07,1.7205971128441263e-06,1.9164968118065805e-07,0.0,1.6627423025128625e-06,6.077450946867292e-06,2.6570967703707028e-08,5.124612752712937e-06,2.810494946142409e-07,1.6583334294669202e-06,3.428543454300456e-07,0.0,7.556935997789345e-07,8.189114589706787e-06,7.877650723417995e-09,1.1514067049623555e-06,3.466406282935042e-07,1.0472414375523084e-06,2.598383393746611e-07,0.0,7.221875134857364e-07,3.535192274391984e-06,5.3042278223224544e-08,2.927472832723682e-06,3.96859538215605e-07,2.126012152118901e-06,2.469010197245871e-07,0.0,6.825869021234714e-07,6.432874723129471e-06,1.458018434837542e-08,1.970836464372584e-06,3.559180683820245e-07,1.651060133935005e-06,2.341208666843929e-07,0.0,8.281487861614028e-07,5.054664503883785e-06,9.441806671256568e-07,3.02719261469281e-06,7.30237598320175e-07,2.713215368320555e-06,3.562128149534362e-07,0.0,9.522134053147544e-07,8.723252468727386e-06,4.255420688829757e-06,3.711633828471349e-06,3.9088592938658523e-07,2.376799231948164e-06,3.2071923167506905e-07,0.0,9.458052758050908e-07,1.2001264186116016e-05,3.48569788612577e-09,3.637846992392588e-06,5.449128137635919e-07,2.8375425386281866e-06,2.446555730878258e-07,0.0,7.550120510385857e-07,8.023455666796902e-06,3.2081377044824685e-08,1.912940111525656e-06,3.772642154589038e-07,1.577306093363549e-06,2.067406907001327e-07,0.0,7.70110368663872e-07,4.8764428567569375e-06,8.943911076661655e-08,2.562345181542718e-06,4.396577694874921e-07,2.1587191236282547e-06,2.057695747145555e-07,0.0,5.919101111509403e-07,6.047840871290578e-06,0.0,0.0,0.0,0.0,0.0,0.0,0.0,0.0,0.0,0.0,0.0,0.0,0.0,0.0,0.0,0.0,0.0,0.0,0.0,0.0,0.0,0.0,0.0,0.0,0.0,0.0,0.0,0.0,0.0,0.0,0.0,0.0,0.0,0.0,0.0,0.0,0.0,0.0,0.0,0.0,0.0,0.0,0.0,0.0,0.0,0.0,0.0,0.0
0_00073,2.8850991139876204e-08,2.213952507045725e-06,4.17915186641625e-07,1.5308433641086788e-06,2.0914593478583162e-07,0.0,6.523844556679877e-07,5.053092439389725e-06,6.808357206279248e-08,1.6155077730018766e-06,8.21143834460472e-07,1.034755486186166e-06,0.0,0.0,3.023324628770787e-07,3.841823128588386e-06,5.809976542410458e-08,6.546415709489667e-08,9.16955003588452e-07,1.368395303819906e-06,0.0,0.0,3.819252165248807e-07,2.79083944645224e-06,3.0356060427222974e-08,1.0638483031667484e-08,2.1376359032648666e-07,1.5628055102434444e-06,0.0,0.0,6.942628836697627e-07,2.5118265276985845e-06,7.300618836972154e-09,4.420318627356632e-07,1.25379002129646e-07,3.804754476825608e-07,0.0,0.0,0.0,9.55186931384842e-07,1.5202199272338582e-08,2.308397110420039e-06,1.5449782879593522e-06,3.226000600377738e-06,6.423933598201858e-09,0.0,1.8373183330959609e-06,8.93832046472363e-06,0.0,9.359525806329009e-09,3.801758445507684e-07,0.0,0.0,0.0,0.0,3.895353703570974e-07,5.140826359830636e-08,5.48690379927404e-07,3.459857161562964e-07,8.072962905479619e-07,0.0,0.0,0.0,1.7533806502299683e-06,1.3557129977238448e-07,2.464582314710195e-06,3.574268910475825e-07,4.7358944993904495e-06,1.892792914397248e-06,0.0,2.0695249940153522e-07,9.793220418719392e-06,1.865954535757023e-08,3.0499424683143823e-06,3.5605930287581813e-07,7.040807813663886e-06,6.039301033415669e-07,0.0,1.6872222789636502e-06,1.2756621512516877e-05,3.0085896629532345e-08,2.3490930452788667e-06,4.17915186641625e-07,1.5308433641086788e-06,2.0914593478583162e-07,0.0,1.6518488990278204e-06,6.188932326472355e-06,3.18786669597674e-08,5.523818102292018e-06,2.682150511318108e-07,1.6694475345670889e-06,3.175741750734761e-07,0.0,6.13401315492123e-07,8.424334845516284e-06,6.756427928297575e-08,1.1976104455076212e-06,2.988487317598621e-07,1.1026328503765214e-06,2.6627171430545214e-07,0.0,6.483218846993328e-07,3.581249905931765e-06,5.973690775346158e-08,3.262202462477305e-06,4.243984309254067e-07,2.0696368567304337e-06,2.1938145964694666e-07,0.0,7.056900851452068e-07,6.74104620267876e-06,3.397323061858657e-08,2.193467982098213e-06,4.12473402906764e-07,1.6096184657890594e-06,2.291027892604467e-07,0.0,6.702593616524372e-07,5.148895232325506e-06,8.667287064591353e-07,3.473207165852054e-06,7.48187774992747e-07,2.731963283196649e-06,3.651134153936875e-07,0.0,7.915223487351804e-07,8.976722694629453e-06,4.2957276816770565e-06,4.142525718075733e-06,4.141801680326125e-07,2.324309300462545e-06,3.4023431973491185e-07,0.0,7.712732754680122e-07,1.228825046345087e-05,1.3542866238336419e-09,4.118834955007235e-06,5.627909238631426e-07,2.823713944984446e-06,2.2874252554969825e-07,0.0,6.16105597672053e-07,8.351542233700408e-06,3.55742901074844e-08,2.066324829470185e-06,2.727965481543627e-07,1.5341826123655105e-06,2.067776011240966e-07,0.0,7.165726932807047e-07,4.8322285745023445e-06,1.0888646389062462e-07,2.947931509003736e-06,4.13384343554073e-07,2.0886400581533304e-06,2.086152270046479e-07,0.0,5.439893056159787e-07,6.31144690722239e-06,0.0,0.0,0.0,0.0,0.0,0.0,0.0,0.0,0.0,0.0,0.0,0.0,0.0,0.0,0.0,0.0,0.0,0.0,0.0,0.0,0.0,0.0,0.0,0.0,0.0,0.0,0.0,0.0,0.0,0.0,0.0,0.0,0.0,0.0,0.0,0.0,0.0,0.0,0.0,0.0,0.0,0.0,0.0,0.0,0.0,0.0,0.0,0.0
0_00081,2.3504374627182465e-08,2.404325651952311e-06,3.9413488550919373e-07,1.6376840731907367e-06,2.308137094867664e-07,0.0,6.023793786189047e-07,5.292842073385095e-06,5.0305602135806843e-08,1.8207308773152552e-06,7.394337796503348e-07,9.828877374271338e-07,0.0,0.0,3.604749881990129e-07,3.953832984727543e-06,1.9768558452256567e-08,8.464824599380551e-08,9.178755733168948e-07,1.3421124387130764e-06,0.0,0.0,3.4200322007021093e-07,2.7064080365462443e-06,2.8844039430048444e-08,8.365314274796773e-09,1.870868539776793e-07,1.5060180837631016e-06,0.0,0.0,6.70488017175089e-07,2.400802308620715e-06,6.85883808679409e-09,5.221811782562409e-07,1.312469458863515e-07,4.462033471620278e-07,0.0,0.0,0.0,1.1064903093914144e-06,5.553147807208944e-08,2.688342988980044e-06,1.307520749366591e-06,3.0574771348134e-06,8.138329659978558e-09,0.0,2.2231174805144364e-06,9.340128161406538e-06,0.0,4.840721723987646e-09,3.454765539532988e-07,6.016337639886551e-09,0.0,0.0,0.0,3.56333613317173e-07,3.070913130047485e-08,6.58181766099728e-07,3.2538629193131365e-07,6.202983944930902e-07,0.0,0.0,0.0,1.6345755838246067e-06,1.509463657602593e-08,2.635103394273252e-06,4.2391900515045893e-07,4.2186574148098455e-06,1.908485794916517e-06,0.0,5.7351099899477366e-08,9.258611345625578e-06,3.8920173336503776e-08,2.71519383940139e-06,3.9557067546846804e-07,6.9658930493699045e-06,6.626136512340652e-07,0.0,1.3985599959983002e-06,1.2176751384808633e-05,2.3504374627182465e-08,2.5458673744724268e-06,3.9413488550919373e-07,1.6376840731907367e-06,2.308137094867664e-07,0.0,1.886112666139708e-06,6.718117083426014e-06,5.8519733983646446e-08,5.93678928828602e-06,2.932262920350491e-07,1.499921987092189e-06,2.6541767373706444e-07,0.0,5.297104466952817e-07,8.58358542182925e-06,2.4048669298034445e-08,1.3123603883854498e-06,2.7709525644596217e-07,1.043529539527451e-06,2.2071933305433017e-07,0.0,6.195566551121822e-07,3.497309841823409e-06,5.23954709891666e-08,3.522140726733925e-06,4.137836207912351e-07,1.9898885486333843e-06,2.3356943995864565e-07,0.0,6.124978679715208e-07,6.824275675077879e-06,3.4854232148093815e-08,2.427334393769596e-06,3.0496329729276576e-07,1.5494394454153894e-06,2.184590226577528e-07,0.0,6.34716328149236e-07,5.169766719432834e-06,8.874530161751203e-07,3.810873318214978e-06,7.420646521721529e-07,2.47039810455034e-06,3.909241479608778e-07,0.0,7.224164280353485e-07,9.024129667108816e-06,4.129083520530783e-06,4.617946830661528e-06,3.861560187763932e-07,2.23741020324272e-06,3.330077982484772e-07,0.0,7.662729542275548e-07,1.2469877325687456e-05,1.0770016262554832e-08,4.494815168070622e-06,5.688184666447474e-07,2.889723282811516e-06,2.1854400051727402e-07,0.0,6.38734320659401e-07,8.821405254966116e-06,3.3232185768912904e-08,2.2470200444917227e-06,3.938775159939375e-07,1.3907876349086566e-06,2.295001077391461e-07,0.0,6.410976362118317e-07,4.935515125114207e-06,8.163964838985185e-08,3.175548319084257e-06,4.428714348838598e-07,2.053418183518403e-06,1.5427242534551729e-07,0.0,3.629218752087765e-07,6.270671886430665e-06,0.0,0.0,0.0,0.0,0.0,0.0,0.0,0.0,0.0,0.0,0.0,0.0,0.0,0.0,0.0,0.0,0.0,0.0,0.0,0.0,0.0,0.0,0.0,0.0,0.0,0.0,0.0,0.0,0.0,0.0,0.0,0.0,0.0,0.0,0.0,0.0,0.0,0.0,0.0,0.0,0.0,0.0,0.0,0.0,0.0,0.0,0.0,0.0
0_0009,5.526554115130997e-08,2.6064777706914906e-06,3.326591010193146e-07,1.3350155943133308e-06,1.9462828744715057e-07,0.0,2.991758534383844e-07,4.8232221480609806e-06,8.81648888713384e-08,2.0202173212264405e-06,6.78090179868599e-07,6.499610365349294e-07,0.0,0.0,1.6547301252606456e-07,3.6019064390273727e-06,8.087839382966279e-08,1.1432058245302933e-07,8.57814333965119e-07,1.0092021698381028e-06,0.0,0.0,2.93215906833426e-07,2.3554313869193404e-06,2.7233737276055207e-08,1.5854978123673357e-08,2.107369921292051e-07,1.3360031819949897e-06,3.731727473939198e-09,0.0,5.853151871641923e-07,2.178875804162055e-06,3.101379890328084e-08,6.217137036458848e-07,1.7545737532386505e-07,4.341719923033815e-07,0.0,0.0,0.0,1.2623568701764122e-06,5.670187035117325e-08,2.8875549661006995e-06,1.5680999341025463e-06,2.920654896866281e-06,1.0948043925073473e-08,0.0,1.863042442656372e-06,9.307002154002146e-06,3.505321944450264e-09,5.118377365264799e-09,3.232822931060909e-07,0.0,0.0,0.0,0.0,3.31905992415806e-07,5.233388615311647e-08,7.943156554358822e-07,2.989808628848545e-07,5.711807818180459e-07,3.930799165841632e-09,0.0,0.0,1.7207419854577409e-06,1.534869979618658e-07,2.7827875235901266e-06,3.375180470569717e-07,3.771522915648118e-06,1.8984239909761088e-06,0.0,4.126497202741558e-08,8.985004447260605e-06,2.4509883944623608e-08,2.727329785895701e-06,3.8037263943726763e-07,6.915873555227261e-06,6.369828683929273e-07,0.0,1.3713119837646269e-06,1.2056380716662404e-05,5.526554115130997e-08,2.797768454352821e-06,3.326591010193146e-07,1.3350155943133308e-06,1.9462828744715057e-07,0.0,1.505801861936475e-06,6.221138840220401e-06,4.522067779737772e-08,6.398849970752159e-06,2.113512926805039e-07,1.314646686015171e-06,2.535980483087654e-07,0.0,3.036231079678228e-07,8.527289783521799e-06,3.6336947641442496e-08,1.4493037884003982e-06,2.446420101840839e-07,8.812106676968774e-07,2.079864360743432e-07,0.0,4.6360624965619066e-07,3.283086099653336e-06,9.170762415324688e-08,3.89825618439888e-06,3.571413026982562e-07,1.746690053194967e-06,1.980749538516353e-07,0.0,3.869282944893051e-07,6.678798412786291e-06,4.1308087362493566e-08,2.5953061748007965e-06,3.336686480925506e-07,1.3483527794741032e-06,1.8868826486467369e-07,0.0,3.235584234932076e-07,4.8308823780878255e-06,1.119444595568862e-06,4.3411241267817135e-06,6.687471393760647e-07,2.1996578023857883e-06,3.501107424714271e-07,0.0,5.501125554869381e-07,9.229196962070793e-06,4.11576051681532e-06,5.258500139351935e-06,4.38696451240724e-07,2.021405111279247e-06,3.6503493876298e-07,0.0,5.31275588139822e-07,1.2730672745590028e-05,1.5618106228021615e-09,5.128422085204603e-06,5.260205170011304e-07,2.419704806023858e-06,2.1355600356279605e-07,0.0,3.418299688403073e-07,8.631095191255497e-06,8.648122984078285e-08,2.458563568933237e-06,3.878487804294652e-07,1.2303407261732456e-06,2.033748429534877e-07,0.0,2.76636535798779e-07,4.643245684128998e-06,1.4645890151481425e-07,3.5177880183878195e-06,4.40788451584517e-07,2.1673754471411493e-06,1.6594368943073092e-07,0.0,2.201715501186146e-07,6.658526058177645e-06,0.0,0.0,0.0,0.0,0.0,0.0,0.0,0.0,0.0,0.0,0.0,0.0,0.0,0.0,0.0,0.0,0.0,0.0,0.0,0.0,0.0,0.0,0.0,0.0,0.0,0.0,0.0,0.0,0.0,0.0,0.0,0.0,0.0,0.0,0.0,0.0,0.0,0.0,0.0,0.0,0.0,0.0,0.0,0.0,0.0,0.0,0.0,0.0
0_00101,4.483858407755445e-08,2.939606509779503e-06,4.003850022934217e-07,1.3495444783638218e-06,1.904384470120466e-07,0.0,3.216083451824562e-07,5.246421366708804e-06,9.684822827106752e-08,2.2789620655376635e-06,9.034169977749652e-07,5.653158926290096e-07,0.0,0.0,1.279260853677129e-07,3.972469269580419e-06,5.0418114456167554e-08,1.2802253324665e-07,9.072322451303304e-07,9.800256237344672e-07,0.0,0.0,2.026371915243844e-07,2.268335708091999e-06,2.529987657539468e-08,1.733013723137341e-08,1.889921989247412e-07,1.092468231578581e-06,0.0,0.0,3.760826731678117e-07,1.7001731174779022e-06,1.90977124338869e-08,6.764431681289861e-07,1.8194094748680621e-07,3.571248683095572e-07,0.0,0.0,0.0,1.234606696359236e-06,9.40652270883268e-08,3.2493502046498127e-06,1.4343629386355534e-06,1.964244547737316e-06,1.979493581065296e-08,0.0,2.1252133805355385e-06,8.8870312344572e-06,0.0,2.547752154878303e-09,3.1111100645171344e-07,4.812057951863212e-09,0.0,0.0,0.0,3.18470816558455e-07,2.6199380239938643e-08,9.77165044773834e-07,3.379344031882643e-07,4.031240359487321e-07,0.0,0.0,0.0,1.7444228641507692e-06,5.963781140499015e-08,2.9838666498018297e-06,4.254732823987877e-07,3.3549366668904697e-06,1.794564153790644e-06,0.0,0.0,8.61847856428672e-06,1.5594170818473407e-08,2.539007615951128e-06,3.909648261129417e-07,6.550296229509866e-06,5.834853440121819e-07,0.0,1.2247792848772673e-06,1.130412747128186e-05,4.483858407755445e-08,3.3132484714512027e-06,4.003850022934217e-07,1.3495444783638218e-06,1.904384470120466e-07,0.0,1.8996426879101428e-06,7.19809767110819e-06,2.0496180542828355e-08,7.17971447546536e-06,2.520379614043819e-07,1.3440927571000196e-06,2.803041591512668e-07,0.0,2.174799235257227e-07,9.29412545718958e-06,4.3252269773420906e-08,1.6638716615700975e-06,2.382756225105489e-07,8.297355079494689e-07,1.985533538491829e-07,0.0,3.092109292473968e-07,3.282899344900116e-06,1.1537936997279144e-07,4.343181852134845e-06,4.631615312933099e-07,1.6504303058196734e-06,1.780394440744386e-07,0.0,2.496313743715296e-07,6.9998238776665865e-06,4.3631109139169764e-08,2.9016552597515365e-06,4.079314528125441e-07,1.2827232882226924e-06,1.8836498820117608e-07,0.0,3.071425887216497e-07,5.131448686848769e-06,1.2055051216226778e-06,4.885638831438059e-06,7.222870642666295e-07,1.973709301665476e-06,3.352750757885367e-07,0.0,2.6390728923920364e-07,9.38632268402058e-06,4.487003936120661e-06,6.0010904497261245e-06,3.504533080225902e-07,1.730971897948967e-06,3.403642354884668e-07,0.0,1.795132750681665e-07,1.3089397102374978e-05,6.002904162957491e-09,5.857718876854625e-06,6.080332352274861e-07,2.216702098564628e-06,2.413305008818113e-07,0.0,2.4929092670077063e-07,9.179078542392276e-06,1.128615510498282e-07,2.6908335479683653e-06,3.20762539765808e-07,1.1788471329184695e-06,1.8860851134709445e-07,0.0,2.684299033963277e-07,4.760343186445892e-06,8.625342037654598e-08,3.896199432497529e-06,4.997663391131159e-07,2.202530917394801e-06,1.518861701646581e-07,0.0,1.3656594003826876e-07,6.973202219584917e-06,0.0,0.0,0.0,0.0,0.0,0.0,0.0,0.0,0.0,0.0,0.0,0.0,0.0,0.0,0.0,0.0,0.0,0.0,0.0,0.0,0.0,0.0,0.0,0.0,0.0,0.0,0.0,0.0,0.0,0.0,0.0,0.0,0.0,0.0,0.0,0.0,0.0,0.0,0.0,0.0,0.0,0.0,0.0,0.0,0.0,0.0,0.0,0.0
0_00113,8.847544554900426e-08,3.4219266492623e-06,4.285634238319364e-07,2.4298617230230647e-06,2.1977053331345922e-07,0.0,1.1615679943699625e-07,6.70475457441676e-06,1.329294690665275e-07,2.866200091306564e-06,8.555519803620552e-07,1.6664802167745471e-06,0.0,0.0,4.014626592441183e-08,5.561308023434106e-06,7.591690926211403e-08,2.3430891349174282e-07,9.082856671406747e-07,2.125686230964352e-06,0.0,0.0,5.7912571512976027e-08,3.402110292371859e-06,4.31338038983696e-08,4.7076910824486693e-08,1.7739353542470305e-07,2.4455210965938743e-06,0.0,0.0,1.0222299610347949e-07,2.815348342844913e-06,7.682371236020412e-09,8.442152503388661e-07,1.593943458396682e-07,6.791143092072774e-07,8.813940852750333e-09,0.0,0.0,1.6992202174745828e-06,5.4916826263521134e-08,3.950516592572815e-06,1.9075476474333498e-06,4.527527083768063e-06,3.853708691000856e-08,0.0,2.817404600120788e-06,1.3296449837068546e-05,1.0687364186343629e-08,2.051018303403659e-08,3.501897274788857e-07,1.1861014777815045e-08,0.0,0.0,0.0,3.93248289477081e-07,2.9402708499827682e-08,1.3380450712055214e-06,3.322499975692109e-07,8.77059194692022e-07,1.6467312848875563e-08,0.0,0.0,2.5932242848154573e-06,4.8880737718642914e-08,3.278123002406509e-06,3.495546815704538e-07,4.694736837289666e-06,1.950679537248059e-06,0.0,0.0,1.032197479623333e-05,7.042039279157174e-09,2.4013708163583784e-06,3.7453767459287764e-07,6.310841076260653e-06,5.115383488445736e-07,0.0,9.290152488199388e-07,1.053434520415558e-05,8.847544554900426e-08,4.111417467835417e-06,4.285634238319364e-07,2.4298617230230647e-06,2.1977053331345922e-07,0.0,1.971884733755074e-06,9.249973327307956e-06,3.1248615867091446e-08,8.425858665160176e-06,2.482103774884064e-07,2.583380580237146e-06,3.048211604281906e-07,0.0,1.3013345922104e-07,1.172365285840205e-05,2.914583909948913e-08,1.904826676055802e-06,3.053309825214344e-07,1.7187766584435393e-06,2.728031140581368e-07,0.0,1.1951454170843204e-07,4.350397811886834e-06,1.0424313570854145e-07,5.059984783890117e-06,3.962786630194674e-07,3.008621169718426e-06,2.0659714699225765e-07,0.0,1.3189551313604849e-07,8.907620412464858e-06,1.1888064913378053e-07,3.4279609975023345e-06,3.4782528565414254e-07,2.496415359388237e-06,2.199590178129295e-07,0.0,1.104763963141863e-07,6.721517705805609e-06,8.618913303998511e-07,5.775577131503868e-06,7.286351565119558e-07,4.353650185153355e-06,3.760745264664023e-07,0.0,1.5543341465711565e-07,1.2251261744692549e-05,4.1840059618610615e-06,7.102431270182085e-06,3.9873015030439e-07,4.2021696117097714e-06,3.67072993651575e-07,0.0,2.1594680199774866e-07,1.6470356789706632e-05,4.815352229236778e-09,6.885708339052206e-06,4.48057743249605e-07,4.753428307119538e-06,2.1213961720087186e-07,0.0,1.134228314086293e-07,1.2417572190260088e-05,5.544294534357224e-08,3.178395092930094e-06,3.860702954941781e-07,2.417986517323988e-06,2.670996736548199e-07,0.0,1.8472409175350565e-07,6.489718616500158e-06,9.552232187289637e-08,4.678049624706251e-06,4.041421356509691e-07,3.6977459225046064e-06,1.9840234339867456e-07,0.0,0.0,9.073862348133398e-06,0.0,0.0,0.0,0.0,0.0,0.0,0.0,0.0,0.0,0.0,0.0,0.0,0.0,0.0,0.0,0.0,0.0,0.0,0.0,0.0,0.0,0.0,0.0,0.0,0.0,0.0,0.0,0.0,0.0,0.0,0.0,0.0,0.0,0.0,0.0,0.0,0.0,0.0,0.0,0.0,0.0,0.0,0.0,0.0,0.0,0.0,0.0,0.0
0_00126,5.03758297634775e-08,3.975373163766545e-06,3.492787859318965e-07,3.4922872034490264e-06,3.411300512700787e-07,0.0,0.0,8.208445034181023e-06,1.359396170800445e-07,3.4009977974985603e-06,8.290716902420822e-07,2.236918809149362e-06,0.0,0.0,1.966225535403512e-09,6.604894139505453e-06,1.4421454485314957e-07,3.790934898406501e-07,9.363059843781198e-07,2.7258141981029656e-06,0.0,0.0,5.236853934008133e-09,4.190665071108893e-06,4.815212762155428e-08,1.2543253739947606e-07,2.03456215819518e-07,3.2607556227601366e-06,3.911433897002899e-08,0.0,1.4320610586186748e-08,3.691231453156901e-06,2.7707706549682244e-08,1.089229605521389e-06,6.021308521309766e-08,9.299745946484267e-07,2.3958117377775364e-08,0.0,0.0,2.131083109310372e-06,1.2507346626476738e-07,4.344921270965043e-06,1.5599123940955967e-06,5.993814327363428e-06,7.492655117390672e-08,0.0,2.818406113609645e-06,1.4917054123472388e-05,0.0,7.439023715053393e-08,3.1893342370969337e-07,1.4211667746906253e-08,0.0,0.0,0.0,4.075353286071336e-07,4.247367513275168e-08,1.7368651442104994e-06,3.196804245545593e-07,1.2609436968903343e-06,4.3860886342640816e-08,0.0,0.0,3.403823827130785e-06,6.58537029166879e-08,3.655526185874675e-06,3.194983422916147e-07,5.702978459798777e-06,1.9368604765601664e-06,0.0,0.0,1.1680717167441922e-05,1.3690282418812194e-08,2.1679886058737195e-06,3.416631257906517e-07,6.226587498216005e-06,4.765288292347383e-07,0.0,8.262528601094926e-07,1.0052711201643418e-05,5.1136416270302873e-08,4.437667263447363e-06,3.492787859318965e-07,3.4922872034490264e-06,3.411300512700787e-07,0.0,1.6850639165398968e-06,1.0356563636908565e-05,1.6297149154047753e-08,9.638274950446367e-06,2.265809241948538e-07,3.878637505177259e-06,3.0751006691522e-07,0.0,0.0,1.4067300595887748e-05,1.5737484826898848e-08,2.260088381744425e-06,2.0765091621384577e-07,2.403669855958341e-06,3.793297791192512e-07,0.0,0.0,5.266476417862762e-06,1.103870792787797e-07,5.893944266113201e-06,3.343753683894005e-07,4.127275147777321e-06,2.3739037137582005e-07,0.0,0.0,1.0703372232934525e-05,2.2842702301484337e-08,4.03578650512156e-06,3.1416857852487386e-07,3.5530538569808843e-06,3.567728339940282e-07,0.0,0.0,8.282624476922831e-06,5.925207295871307e-07,6.7522548432808206e-06,7.23677390448573e-07,6.563660322287298e-06,4.667894462631127e-07,0.0,0.0,1.5098902731866937e-05,3.922629390106568e-06,8.25743301149663e-06,3.631091124747114e-07,6.5555355409410645e-06,4.378496848221077e-07,0.0,0.0,1.9536556739841085e-05,0.0,8.051482251115651e-06,4.868161358116732e-07,7.150945927639916e-06,3.198423692653925e-07,0.0,0.0,1.6009086683832633e-05,6.717222188192628e-08,3.5894531050610047e-06,3.326017010881789e-07,3.161836344226429e-06,2.645536186272946e-07,0.0,0.0,7.415616990884832e-06,8.950968690512344e-08,5.528377439088365e-06,4.385282196957853e-07,4.587179352126563e-06,2.413830021843849e-07,0.0,0.0,1.0884977700000224e-05,0.0,0.0,0.0,0.0,0.0,0.0,0.0,0.0,0.0,0.0,0.0,0.0,0.0,0.0,0.0,0.0,0.0,0.0,0.0,0.0,0.0,0.0,0.0,0.0,0.0,0.0,0.0,0.0,0.0,0.0,0.0,0.0,0.0,0.0,0.0,0.0,0.0,0.0,0.0,0.0,0.0,0.0,0.0,0.0,0.0,0.0,0.0,0.0
0_0014,2.7525998703556214e-08,4.605991933738544e-06,3.862056207644021e-07,3.730013901917997e-06,3.252651699823147e-07,0.0,0.0,9.075002625106814e-06,1.4432365903974286e-07,3.87880509981714e-06,8.269867442423725e-07,2.512653657521523e-06,0.0,0.0,7.311853737394622e-09,7.370081014358172e-06,1.2430120207413792e-07,5.245716781037009e-07,8.971340519740475e-07,2.9406217418204203e-06,0.0,0.0,5.678963573939538e-09,4.492307637546246e-06,7.918291238258763e-09,1.8657241260097085e-07,1.831262323281037e-07,3.444601137855119e-06,7.593419406047827e-08,0.0,0.0,3.898152268082931e-06,2.919432603336306e-09,1.2900488785257688e-06,1.417392175345997e-07,1.025197609799228e-06,4.120820744896816e-08,0.0,0.0,2.501113345911901e-06,9.61187751776831e-08,5.208543083540579e-06,1.6477699262609845e-06,6.365724919394444e-06,1.245850254923172e-07,0.0,3.5083283350711714e-06,1.695107006493718e-05,2.643122097281847e-09,7.290889064177404e-08,3.310973720913798e-07,5.0194091816373695e-09,0.0,0.0,0.0,4.116687940120731e-07,1.5543980973979062e-08,1.987820946959454e-06,3.5301251551472146e-07,1.744039923297472e-06,1.1248130672261475e-08,0.0,0.0,4.111665497417888e-06,5.3779389360632254e-08,4.134093349989229e-06,3.908825623591329e-07,6.345957099830437e-06,1.872447195758717e-06,0.0,0.0,1.279715959729815e-05,2.5201012364914293e-08,2.0680162793129056e-06,3.2839095534406575e-07,5.967948998395266e-06,4.029927774669889e-07,0.0,6.89241097653773e-07,9.481791120537916e-06,1.175926557939088e-07,5.243937614091008e-06,3.862056207644021e-07,3.730013901917997e-06,3.252651699823147e-07,0.0,1.7730634538964915e-06,1.1576078416446124e-05,4.825886706427224e-08,1.0862516032981335e-05,2.5535971541916013e-07,5.6165858319266325e-06,3.536620279290397e-07,0.0,0.0,1.7136382475320438e-05,2.0264212369443963e-09,2.656275869969797e-06,1.7559705667739686e-07,2.729852088732044e-06,4.4242575542930333e-07,0.0,0.0,6.006177192045485e-06,6.42635307874844e-08,6.676208847073355e-06,3.678486036249007e-07,4.255577921337033e-06,2.632360870483668e-07,0.0,0.0,1.1627134989871138e-05,2.40354360999262e-08,4.647570068993536e-06,3.756411629522886e-07,3.7251184000313935e-06,3.529825768241804e-07,0.0,0.0,9.125347644901324e-06,4.77839797199195e-07,7.743702938428907e-06,8.117323137780979e-07,7.546257752539981e-06,4.66392765157341e-07,0.0,0.0,1.7045925567103517e-05,3.568626267283217e-06,9.508449926527604e-06,3.0904904901137213e-07,8.0029193018197e-06,3.9357548694064977e-07,0.0,0.0,2.178262003158254e-05,0.0,9.29179670228994e-06,5.143472408115151e-07,8.646755999789353e-06,3.030894878672941e-07,0.0,0.0,1.87559894307581e-05,5.3562159935338793e-08,4.052714551753941e-06,3.351262005503904e-07,3.6291490642154553e-06,3.92159057319283e-07,0.0,0.0,8.462711033774407e-06,5.262029104559168e-08,6.354392757018093e-06,4.6105872769627227e-07,4.698100753006718e-06,2.6031723330828665e-07,0.0,0.0,1.1826489762074964e-05,0.0,0.0,0.0,0.0,0.0,0.0,0.0,0.0,0.0,0.0,0.0,0.0,0.0,0.0,0.0,0.0,0.0,0.0,0.0,0.0,0.0,0.0,0.0,0.0,0.0,0.0,0.0,0.0,0.0,0.0,0.0,0.0,0.0,0.0,0.0,0.0,0.0,0.0,0.0,0.0,0.0,0.0,0.0,0.0,0.0,0.0,0.0,0.0
0_00157,1.707065541004959e-08,5.236531425304672e-06,3.058277633342218e-07,3.907174474771189e-06,4.091682125706531e-07,0.0,0.0,9.875772531390786e-06,1.879203349308097e-07,4.509694896489865e-06,7.933097464689338e-07,2.596601233694466e-06,0.0,0.0,1.932706258702049e-09,8.089458917842775e-06,1.5245096516841085e-07,5.360322305509252e-07,8.506236969055268e-07,3.0892395617657265e-06,0.0,0.0,0.0,4.628346454390589e-06,2.5100286839529762e-08,2.1605459028690785e-07,1.418039286898427e-07,3.489790747098714e-06,1.1712032377357441e-07,0.0,0.0,3.989869876688569e-06,2.4593737211152986e-08,1.420375634458555e-06,1.7937973638935469e-07,9.165956683515516e-07,2.5645471848992363e-08,0.0,0.0,2.566590248259606e-06,6.318981895148942e-08,5.919890139868559e-06,1.4719761530668545e-06,6.90851130081949e-06,1.256023148108742e-07,0.0,3.084000953218781e-06,1.7573170680736047e-05,3.5136450694280513e-09,8.606602691297135e-08,3.193785157105991e-07,9.485669860493308e-09,2.03560317929996e-08,0.0,0.0,4.3879988934649133e-07,5.339160882411189e-08,2.213503673019495e-06,3.187143459241572e-07,1.944781174544864e-06,3.640685939786527e-08,0.0,0.0,4.566797661710493e-06,3.12470612859026e-08,4.43696778853844e-06,3.41764520525944e-07,6.6302668296028805e-06,1.8162986861189704e-06,0.0,0.0,1.3256544886072136e-05,1.953582007350212e-08,2.0601269664304585e-06,3.422625164300232e-07,5.930330733617198e-06,3.697271761918274e-07,0.0,6.228528400528229e-07,9.344836052795832e-06,1.7574222179851244e-08,5.789322860156918e-06,3.058277633342218e-07,3.907174474771189e-06,4.091682125706531e-07,0.0,1.393274900617497e-06,1.182234243363033e-05,4.0180784575204244e-08,1.2205087600006627e-05,2.569454264904995e-07,6.416093632973471e-06,3.64991819881436e-07,0.0,0.0,1.928329926392724e-05,1.174108816845068e-08,3.181294874365176e-06,2.446786466103571e-07,2.9460573713385964e-06,4.894142795818407e-07,0.0,0.0,6.873186260064421e-06,7.468399965381072e-08,7.535374821025018e-06,3.731256156563586e-07,4.569983877258386e-06,3.145035922638645e-07,0.0,0.0,1.2867671905857437e-05,1.7069200473633272e-08,5.236063629882977e-06,3.058016159506502e-07,3.906832979851109e-06,4.0913223189207403e-07,0.0,0.0,9.874899658050444e-06,5.098804848666507e-07,9.042130868036711e-06,7.300064927725574e-07,8.06743384222744e-06,5.260566575768785e-07,0.0,0.0,1.887550834548024e-05,3.2741761953641023e-06,1.1074824383552024e-05,3.000435791465252e-07,8.769793275369536e-06,4.864342005517866e-07,0.0,0.0,2.390527163398397e-05,0.0,1.0592468603655038e-05,5.026446144359756e-07,9.559421385702955e-06,3.4053109096150657e-07,0.0,0.0,2.099506569475548e-05,4.3355051074904566e-08,4.635176482580251e-06,3.2883369515888297e-07,3.5620150462054064e-06,3.788028104134266e-07,0.0,0.0,8.948183085432873e-06,7.14190880480935e-08,7.205125876650959e-06,4.860415096185749e-07,4.481186532530431e-06,2.756594066222294e-07,0.0,0.0,1.251943241347029e-05,0.0,0.0,0.0,0.0,0.0,0.0,0.0,0.0,0.0,0.0,0.0,0.0,0.0,0.0,0.0,0.0,0.0,0.0,0.0,0.0,0.0,0.0,0.0,0.0,0.0,0.0,0.0,0.0,0.0,0.0,0.0,0.0,0.0,0.0,0.0,0.0,0.0,0.0,0.0,0.0,0.0,0.0,0.0,0.0,0.0,0.0,0.0,0.0
0_00175,3.5418981351766984e-08,5.807219077045686e-06,3.7329738670253853e-07,3.6645220011332894e-06,3.802868775936669e-07,0.0,0.0,1.0260744323826949e-05,1.73054284978974e-07,5.091694997194748e-06,7.152872795154562e-07,2.55520268756098e-06,0.0,0.0,1.1759567788328503e-09,8.536415206028992e-06,2.0543229932521121e-07,5.221929660203274e-07,9.032129830852396e-07,3.024994342389403e-06,0.0,0.0,0.0,4.655832590820181e-06,2.8512521132336684e-08,1.4947988356464236e-07,1.370400223775681e-07,3.5994464292052403e-06,1.688619204128438e-07,0.0,0.0,4.083340776692632e-06,3.697667470841034e-08,1.4951514016043947e-06,9.052592665592405e-08,8.550485782854837e-07,2.1832816222767225e-08,0.0,0.0,2.4995353974769803e-06,7.921325726169395e-08,6.557496325006451e-06,1.7098585142754757e-06,6.967635795206974e-06,9.743443391252424e-08,0.0,3.435213186199084e-06,1.8846851511862203e-05,9.373915917568763e-09,4.331151434379575e-08,3.302902883078325e-07,2.598564307832688e-08,7.524341021113503e-09,0.0,0.0,4.164857026686374e-07,5.188068213425765e-08,2.3198252147060507e-06,2.71011825526401e-07,1.951415388540568e-06,2.955085601533178e-08,0.0,0.0,4.6236839669226086e-06,2.8240973628938268e-08,4.824600759401891e-06,3.4554280297719185e-07,6.568771494193728e-06,1.768752708230342e-06,0.0,0.0,1.353590873843209e-05,8.367688331640893e-09,1.958269699483253e-06,3.387038438723187e-07,5.529255747990307e-06,3.202918136685969e-07,0.0,3.871454208028843e-07,8.542034214149e-06,7.842029441962944e-08,6.722069433336006e-06,3.7329738670253853e-07,3.6645220011332894e-06,3.802868775936669e-07,0.0,1.944853291368852e-06,1.3163449284553982e-05,9.921790040178166e-08,1.3190069345932824e-05,2.44992252587293e-07,6.473117474015206e-06,3.979442980550796e-07,0.0,0.0,2.0405341270992184e-05,3.236466611044653e-08,3.671513983741571e-06,2.387059067727298e-07,2.9806873733545463e-06,4.808752930359662e-07,0.0,0.0,7.404147223015259e-06,8.548305364717751e-08,8.188587251135044e-06,3.862330720299533e-07,4.398519754369357e-06,3.288441675675645e-07,0.0,0.0,1.3387667298749097e-05,3.661855989161008e-08,5.8092908479898935e-06,3.770517162118215e-07,3.7124770479325103e-06,3.8806234774833946e-07,0.0,0.0,1.0323500519774174e-05,4.1620084236366964e-07,1.030842823174442e-05,7.577339635094399e-07,8.031541016542668e-06,4.850141175547196e-07,0.0,0.0,1.999891817171492e-05,3.0673787890276777e-06,1.243117622527007e-05,3.3203616779563125e-07,9.101426999146766e-06,4.54030165095848e-07,0.0,0.0,2.5386048346335992e-05,0.0,1.1907946170308072e-05,5.216276346275336e-07,9.721394397982606e-06,3.186974175643955e-07,0.0,0.0,2.246966562048261e-05,4.4232142351695055e-08,5.130405784229539e-06,3.4817761059684885e-07,3.542406883119943e-06,3.983158381386324e-07,0.0,0.0,9.46353825843666e-06,1.0254479693986676e-07,7.90741692580658e-06,4.648769746208325e-07,3.975787682655485e-06,3.006675060865105e-07,0.0,0.0,1.2751293886109274e-05,0.0,0.0,0.0,0.0,0.0,0.0,0.0,0.0,0.0,0.0,0.0,0.0,0.0,0.0,0.0,0.0,0.0,0.0,0.0,0.0,0.0,0.0,0.0,0.0,0.0,0.0,0.0,0.0,0.0,0.0,0.0,0.0,0.0,0.0,0.0,0.0,0.0,0.0,0.0,0.0,0.0,0.0,0.0,0.0,0.0,0.0,0.0,0.0
0_00195,4.34337237196162e-08,6.436956868436626e-06,2.9422285864528853e-07,3.779614246090096e-06,3.833339489880156e-07,0.0,0.0,1.093756164587964e-05,1.818031759239269e-07,5.553818481612095e-06,7.588758265781541e-07,2.4717286525497343e-06,0.0,0.0,0.0,8.96622613666391e-06,1.555321575595373e-07,4.209195649952386e-07,9.576710329638666e-07,2.9729460057441814e-06,0.0,0.0,0.0,4.507068761262824e-06,5.82162247981671e-08,9.15157882843868e-08,1.372481757595675e-07,3.2627736707980134e-06,1.7459828260601597e-07,0.0,0.0,3.7243521422461513e-06,4.9282196623774425e-08,1.686808211368604e-06,1.604198043797776e-07,9.086081648831944e-07,1.5011661768977773e-08,0.0,0.0,2.820130039024329e-06,1.9920050211919641e-07,8.257991982367821e-06,1.4065231197667464e-06,6.357187821721456e-06,9.8439910083796e-08,0.0,3.4971609265095963e-06,1.9816504262568613e-05,9.57239551304116e-09,4.656349032830465e-08,3.404647184014093e-07,3.799340785057397e-08,2.0766027400245875e-08,0.0,0.0,4.553600394935749e-07,3.6949153404342296e-08,2.491453859990088e-06,3.3052182542843294e-07,2.0207661479928394e-06,2.302558977704447e-09,0.0,0.0,4.881993545793407e-06,2.932969542037367e-08,5.210383420623157e-06,3.495506655799477e-07,6.304626857672644e-06,1.6925497251067725e-06,0.0,0.0,1.3586440364402897e-05,1.3204473533462984e-08,1.8693683395775948e-06,3.687182448342706e-07,5.120468325278255e-06,2.90746580087456e-07,0.0,3.2087397063602925e-07,7.983379933947069e-06,4.732255837181762e-08,7.918264658248104e-06,2.9422285864528853e-07,3.790494978429356e-06,3.833339489880156e-07,0.0,2.4096632806819485e-06,1.484330228336453e-05,5.4554554735074486e-08,1.4475490894412868e-05,2.899297254836389e-07,6.555513888867773e-06,4.671796692208195e-07,0.0,0.0,2.184266873272017e-05,6.223609902138621e-09,4.023416791730196e-06,2.2377504652619025e-07,2.8289205265490818e-06,4.934308652387818e-07,0.0,0.0,7.575766839946388e-06,1.457407795015009e-07,8.866324271007467e-06,3.6115292631533417e-07,4.368425765514519e-06,3.414090545542794e-07,0.0,0.0,1.40830527968931e-05,4.505194695325833e-08,6.449502517151935e-06,2.946871981513646e-07,3.770997216947743e-06,3.822653740333581e-07,0.0,0.0,1.094250425323766e-05,3.631659711821329e-07,1.1430907274265148e-05,7.967045484659297e-07,8.130655740731158e-06,4.317892659742688e-07,0.0,0.0,2.115322280061864e-05,2.943513810392013e-06,1.3770067344291597e-05,3.536152843199085e-07,9.19292020910308e-06,4.696885075963944e-07,0.0,0.0,2.672980515570299e-05,0.0,1.3245517573621752e-05,5.47779826746234e-07,9.919374076343765e-06,2.642281867051625e-07,0.0,0.0,2.397689966341692e-05,4.475878662134674e-08,5.668769060770883e-06,3.433482621028804e-07,3.413051832859189e-06,3.533433364148329e-07,0.0,0.0,9.823271278769133e-06,9.946146682247937e-08,8.498483352065823e-06,4.875979895421156e-07,3.535321194988464e-06,2.986424463526417e-07,0.0,0.0,1.2919506449771522e-05,0.0,0.0,0.0,0.0,0.0,0.0,0.0,0.0,0.0,0.0,0.0,0.0,0.0,0.0,0.0,0.0,0.0,0.0,0.0,0.0,0.0,0.0,0.0,0.0,0.0,0.0,0.0,0.0,0.0,0.0,0.0,0.0,0.0,0.0,0.0,0.0,0.0,0.0,0.0,0.0,0.0,0.0,0.0,0.0,0.0,0.0,0.0,0.0
0_00218,9.497753620654945e-08,6.884141604877224e-06,3.36457112551092e-07,3.7203276035781615e-06,3.609044660786036e-07,0.0,0.0,1.1396808323291631e-05,2.4221733735110853e-07,5.791953369774702e-06,7.824115569149015e-07,2.615309419864135e-06,0.0,0.0,0.0,9.431891683904846e-06,1.936144705276377e-07,3.256732095133826e-07,9.17462279698e-07,3.1551050487447963e-06,0.0,0.0,0.0,4.591855008483816e-06,7.823908246327438e-08,3.531884850789899e-08,1.298236859010182e-07,3.4032255331339736e-06,1.6928149933142504e-07,0.0,0.0,3.81588864933759e-06,8.581803816245299e-08,1.880762929872504e-06,1.4928858527914586e-07,1.03205335695955e-06,1.647162816612564e-08,0.0,0.0,3.164394538439779e-06,9.147194599183705e-08,8.509384577256311e-06,1.6066225006539724e-06,6.94944756630491e-06,1.1485668815236033e-07,0.0,3.924042098713791e-06,2.119582537707318e-05,2.2527686549694933e-08,0.0,3.284844197020198e-07,4.1427428901679584e-08,1.6430162646559182e-08,0.0,0.0,4.088696977999535e-07,1.5539219666749244e-07,2.671948346430698e-06,2.963932211469624e-07,2.054792317496428e-06,2.523976664199423e-08,0.0,0.0,5.203765848383575e-06,4.3339888277284177e-08,5.390698006953093e-06,3.782095988438042e-07,6.135388702418516e-06,1.6180649277086849e-06,0.0,0.0,1.3565701124201382e-05,1.3896850973093556e-08,1.6879878225501238e-06,3.210866616665967e-07,4.846969797477332e-06,2.388104006465333e-07,0.0,2.9277553607220385e-07,7.401527069385882e-06,9.7493380004586e-08,8.505374401303025e-06,3.36457112551092e-07,3.729941444637284e-06,3.609044660786036e-07,0.0,2.312999396561987e-06,1.5343170201136576e-05,9.325185330936985e-08,1.5491243914673694e-05,2.618154884609437e-07,6.382800017635022e-06,4.841157810660457e-07,0.0,0.0,2.271322705514508e-05,6.894590566306895e-09,4.470781013243802e-06,2.459910426859819e-07,2.7461949200184177e-06,4.186516982321889e-07,0.0,0.0,7.888513264746697e-06,1.4387836727915074e-07,9.426344036731484e-06,3.165358331005653e-07,4.422239974527955e-06,3.66435235109928e-07,0.0,0.0,1.4675433446749082e-05,8.681764816421549e-08,6.923375628538589e-06,3.426471126990179e-07,3.706367674965873e-06,3.583670116439017e-07,0.0,0.0,1.14175750760116e-05,5.315486625371916e-07,1.2605927107657337e-05,7.609681697152664e-07,7.832081008766412e-06,4.438921335865306e-07,0.0,0.0,2.2174417082262738e-05,2.9229079152476627e-06,1.524446445884358e-05,3.665059222629881e-07,9.064303427618351e-06,3.987581401686528e-07,0.0,0.0,2.799693986414124e-05,0.0,1.4731341767596926e-05,5.236411694476974e-07,9.66322224576686e-06,2.305001392221953e-07,0.0,0.0,2.5148705322033675e-05,2.9103815503846065e-08,6.166961115871063e-06,2.864294228160917e-07,3.339027701472901e-06,3.4024814291325465e-07,0.0,0.0,1.0161770198577157e-05,1.082109509472373e-07,8.855940509601784e-06,4.92688614845317e-07,2.858925219425093e-06,3.387430218085311e-07,0.0,0.0,1.2654508316627964e-05,0.0,0.0,0.0,0.0,0.0,0.0,0.0,0.0,0.0,0.0,0.0,0.0,0.0,0.0,0.0,0.0,0.0,0.0,0.0,0.0,0.0,0.0,0.0,0.0,0.0,0.0,0.0,0.0,0.0,0.0,0.0,0.0,0.0,0.0,0.0,0.0,0.0,0.0,0.0,0.0,0.0,0.0,0.0,0.0,0.0,0.0,0.0,0.0
0_00243,9.664196404166089e-08,7.416778977018965e-06,3.450450336082269e-07,3.577181075261313e-06,2.881471538719703e-07,0.0,0.0,1.1723794203802136e-05,2.459248415709483e-07,5.94701633489782e-06,8.234657862942241e-07,2.534158571800798e-06,0.0,0.0,0.0,9.55056553456379e-06,2.598442376472842e-07,2.157441883193453e-07,8.092633027676673e-07,3.0257944933666184e-06,0.0,0.0,0.0,4.310646222100916e-06,7.79971119929824e-08,2.3648964523538747e-08,1.1277429791534997e-07,3.306610722405269e-06,1.516493341784297e-07,0.0,0.0,3.6726804310155696e-06,5.646636424365845e-08,1.9626806158182787e-06,1.2046125550676817e-07,1.092443110091849e-06,0.0,0.0,0.0,3.232051345660554e-06,1.439705704552949e-07,9.05845904551781e-06,1.5849987408401245e-06,6.9032141242756e-06,1.3385635734534277e-07,0.0,3.260925427183639e-06,2.108542426561781e-05,5.6878259604085873e-08,2.019990976783505e-09,3.0433973523938345e-07,4.77505826785492e-08,9.572969517641608e-09,0.0,0.0,4.205615380164437e-07,1.262640878219494e-07,2.872898470096292e-06,3.1671574617415137e-07,2.0239211693206416e-06,2.6551965831959265e-08,0.0,0.0,5.366351439244994e-06,3.459372292350528e-08,5.781860833148317e-06,3.80912518359873e-07,5.48865936591651e-06,1.5504126679015716e-06,0.0,0.0,1.3236439108249776e-05,2.996502389251247e-09,1.531586718217172e-06,3.41858003248852e-07,4.370616908073888e-06,2.511825089693728e-07,0.0,2.451988163825662e-07,6.743439457281102e-06,1.0035741398369826e-07,9.146938214336638e-06,3.450450336082269e-07,3.590898613028804e-06,2.881471538719703e-07,0.0,1.863517082883437e-06,1.5334903511712772e-05,6.45002423942915e-08,1.6649126843262726e-05,2.755618308940064e-07,6.388592214372161e-06,5.387708846923603e-07,0.0,0.0,2.391655201561554e-05,3.8918932275550535e-08,4.827410853751568e-06,1.9352885160437365e-07,2.5516194308687003e-06,3.609597605239202e-07,0.0,0.0,7.972437829024113e-06,1.0755480267524833e-07,1.0027444428668452e-05,3.942655360721287e-07,4.294895566956457e-06,3.711916359384246e-07,0.0,0.0,1.5195351970310711e-05,9.664512413995305e-08,7.417061764680679e-06,3.4505712051730386e-07,3.5773146554857644e-06,2.881579356442196e-07,0.0,0.0,1.1724236600467918e-05,5.834495788636286e-07,1.3729438547711714e-05,7.071143895850952e-07,7.702208005038061e-06,4.203398493014313e-07,0.0,0.0,2.3142550370499934e-05,3.2449692881828683e-06,1.6760749455995895e-05,3.183868541876859e-07,8.684765185069267e-06,4.137020879628779e-07,0.0,0.0,2.94225728713986e-05,0.0,1.5924056911917082e-05,5.423472631836878e-07,9.390768319281754e-06,2.551145770759564e-07,0.0,0.0,2.611228707145848e-05,3.4468965839593015e-08,6.530066269246613e-06,3.085935964646652e-07,3.084019685295027e-06,3.379777185584628e-07,0.0,0.0,1.029512623540436e-05,1.0812967532317857e-07,8.150289012832506e-06,4.304033123430622e-07,2.169516065748024e-06,3.687049254187271e-07,0.0,0.0,1.1227042991665498e-05,0.0,0.0,0.0,0.0,0.0,0.0,0.0,0.0,0.0,0.0,0.0,0.0,0.0,0.0,0.0,0.0,0.0,0.0,0.0,0.0,0.0,0.0,0.0,0.0,0.0,0.0,0.0,0.0,0.0,0.0,0.0,0.0,0.0,0.0,0.0,0.0,0.0,0.0,0.0,0.0,0.0,0.0,0.0,0.0,0.0,0.0,0.0,0.0
0_00272,1.442572285559925e-07,7.84399156616872e-06,2.942722875115068e-07,3.364781224132536e-06,2.909573668447943e-07,0.0,0.0,1.193825967321355e-05,3.386227448946897e-07,6.100969543448452e-06,6.967438312047105e-07,2.631749801406406e-06,0.0,0.0,0.0,9.76808592095426e-06,3.295480265493125e-07,2.2507329973491053e-07,8.788701403516546e-07,2.9722670599214583e-06,0.0,0.0,0.0,4.405758526557336e-06,1.0251151004661137e-07,2.1251167677195985e-08,1.0571727662957037e-07,3.249323512340627e-06,1.336895101409584e-07,0.0,0.0,3.612492976834963e-06,8.427350604726274e-08,2.1256461071165315e-06,1.0540822846052848e-07,1.0900170771772456e-06,6.712877334623487e-09,0.0,0.0,3.412057796136192e-06,1.1704223728983289e-07,1.0011874672035832e-05,1.4405620236996594e-06,6.3515852102913774e-06,9.289327403144697e-08,0.0,4.008531961113385e-06,2.202248937846153e-05,7.790009957391984e-08,1.88104009333919e-09,3.300351178113567e-07,1.3031763117587373e-08,1.5638908351318756e-08,0.0,0.0,4.384869289475218e-07,1.831520900343921e-07,3.1470391622159617e-06,2.820086458585676e-07,1.8588892746842097e-06,9.552063885798777e-09,0.0,0.0,5.4806412366789305e-06,5.458439019961253e-08,6.02651410732502e-06,3.064241333166737e-07,4.715818465416515e-06,1.5357952451212955e-06,0.0,0.0,1.2639136341379115e-05,2.0128243276528733e-08,1.549659132422373e-06,2.95936932851825e-07,3.8097457986606976e-06,2.1995347421326562e-07,0.0,1.7391688290650237e-07,6.069340464331192e-06,1.477217219260891e-07,9.906322349939105e-06,2.942722875115068e-07,3.3717218538754304e-06,2.909573668447943e-07,0.0,2.618157036141371e-06,1.6629152616238297e-05,1.557250341990054e-07,1.7759464028518827e-05,2.872302804287588e-07,6.031192651303247e-06,5.412989718794448e-07,0.0,0.0,2.477491096632928e-05,5.169371153486372e-08,5.168347864018651e-06,2.368334872099337e-07,2.35269860802949e-06,3.020817676865567e-07,0.0,0.0,8.111655438479496e-06,2.398185391528209e-07,1.0534344347583518e-05,3.833971352799224e-07,4.136457205988344e-06,3.611200327007455e-07,0.0,0.0,1.5655137260705353e-05,1.4425873982561953e-07,7.844082888869792e-06,2.942754777778961e-07,3.3648195197391656e-06,2.909605615721104e-07,0.0,0.0,1.193839718778458e-05,6.322025488731133e-07,1.4708729604055828e-05,6.961326405304946e-07,7.391176067336247e-06,3.4772049304516335e-07,0.0,0.0,2.3775961353840845e-05,3.5217660753590714e-06,1.818940594784592e-05,3.691496090071035e-07,8.41480668288974e-06,3.367274114829432e-07,0.0,0.0,3.0831855726584776e-05,0.0,1.7406913313262447e-05,5.146401027782471e-07,9.164611384399529e-06,2.160355885962605e-07,0.0,0.0,2.730220038903648e-05,6.626949665095997e-08,7.018413697890811e-06,2.2532919558190042e-07,2.8700010049431186e-06,3.018397945250256e-07,0.0,0.0,1.0481853189591817e-05,1.7602654378076673e-07,6.943651018205502e-06,4.379244808666921e-07,1.5029947490083852e-06,3.26626122781966e-07,0.0,0.0,9.387222914643311e-06,0.0,0.0,0.0,0.0,0.0,0.0,0.0,0.0,0.0,0.0,0.0,0.0,0.0,0.0,0.0,0.0,0.0,0.0,0.0,0.0,0.0,0.0,0.0,0.0,0.0,0.0,0.0,0.0,0.0,0.0,0.0,0.0,0.0,0.0,0.0,0.0,0.0,0.0,0.0,0.0,0.0,0.0,0.0,0.0,0.0,0.0,0.0,0.0
0_00303,1.3771191909478482e-07,8.210052723182097e-06,3.0214637353304965e-07,3.05039422178961e-06,2.68506606689711e-07,0.0,0.0,1.1968811844289251e-05,3.565090892198778e-07,6.1522306367044204e-06,7.361528085902174e-07,2.325953313339825e-06,0.0,0.0,0.0,9.57084584785434e-06,3.884479612565218e-07,1.873324415226111e-07,8.381597095503839e-07,2.6654812085424816e-06,0.0,0.0,0.0,4.079421320871998e-06,1.9358135681989042e-07,3.147078462707729e-08,9.865152568406753e-08,2.850845087828803e-06,1.2350028592676862e-07,0.0,0.0,3.2980490408866064e-06,1.035518711858101e-07,2.2563373952615817e-06,1.4595534310130372e-07,8.635112875880359e-07,4.58289015859328e-09,0.0,0.0,3.3739387872953246e-06,2.0796984105471442e-07,1.0001106724353116e-05,1.707123850238926e-06,5.446270364612441e-06,7.328490137589176e-08,0.0,3.585199899215097e-06,2.102095558085018e-05,4.629162913807947e-08,1.1485508193231796e-08,2.826976947770397e-07,1.042920492389558e-08,3.0322425718954444e-08,0.0,0.0,3.812264627512011e-07,1.680364538139812e-07,3.322198987375061e-06,2.635884974529369e-07,1.2446918619839725e-06,1.580224186158127e-08,0.0,0.0,5.014318042487532e-06,1.0812850966187061e-07,6.162559345004957e-06,3.147825542660703e-07,3.455933855633369e-06,1.479722279614614e-06,0.0,0.0,1.152112654418088e-05,1.1326539160391366e-08,1.444489677524052e-06,3.162689999905351e-07,3.336154241028812e-06,1.689757763086953e-07,0.0,9.866577249685813e-08,5.375881006509343e-06,1.4185523854331892e-07,9.98795129853101e-06,3.0214637353304965e-07,3.0558803427185943e-06,2.68506606689711e-07,0.0,2.8123560003998025e-06,1.6568695860415488e-05,1.456045496469673e-07,1.856041085905056e-05,2.803555359889227e-07,5.2723870923583245e-06,4.750347926848189e-07,0.0,0.0,2.47337928297296e-05,4.9835315129198776e-08,5.446047748971773e-06,2.0815323207020018e-07,2.205533142543179e-06,2.632459137300167e-07,0.0,0.0,8.172815352444367e-06,2.1260598450968986e-07,1.0761642809074337e-05,3.802173526814224e-07,3.71700404565786e-06,3.461372090992513e-07,0.0,0.0,1.5417607401022557e-05,1.3771428949531837e-07,8.21020898644245e-06,3.021514193599005e-07,3.0504511385028668e-06,2.6851157691027165e-07,0.0,0.0,1.1969037410710804e-05,8.647755842275371e-07,1.578094128412386e-05,6.063060758650251e-07,6.63422812703532e-06,2.5023457852065026e-07,0.0,0.0,2.413648564977239e-05,4.09317460862912e-06,1.9721650098145804e-05,3.3457787640353305e-07,7.574955343409003e-06,3.1397838648606465e-07,0.0,0.0,3.203833631307352e-05,0.0,1.8603148570655664e-05,5.157337773381788e-07,8.098826325173493e-06,1.86446131320668e-07,0.0,0.0,2.740415480448801e-05,5.887097092624404e-08,7.349030976372184e-06,2.89331937333171e-07,2.7020137064516177e-06,2.576033218482253e-07,0.0,0.0,1.0656850912931444e-05,2.215920272582455e-07,5.567921561833653e-06,4.497118209486533e-07,1.0042493988328554e-06,2.391340771736331e-07,0.0,0.0,7.4826088860470395e-06,0.0,0.0,0.0,0.0,0.0,0.0,0.0,0.0,0.0,0.0,0.0,0.0,0.0,0.0,0.0,0.0,0.0,0.0,0.0,0.0,0.0,0.0,0.0,0.0,0.0,0.0,0.0,0.0,0.0,0.0,0.0,0.0,0.0,0.0,0.0,0.0,0.0,0.0,0.0,0.0,0.0,0.0,0.0,0.0,0.0,0.0,0.0,0.0
0_00339,2.003311156750019e-07,8.517857336128233e-06,3.143336123287551e-07,2.184287487415754e-06,1.425514051155195e-07,0.0,0.0,1.1359360956663264e-05,3.887093862174152e-07,5.959589800358394e-06,6.922223129206642e-07,1.6022922438322895e-06,0.0,0.0,0.0,8.642813743328764e-06,4.214130887702099e-07,1.8712202108789253e-07,7.819502386286463e-07,1.900726121495112e-06,0.0,0.0,0.0,3.2912114699818606e-06,2.392766593691831e-07,3.946474279826642e-08,7.525424143054022e-08,2.022067160438172e-06,8.573949308687728e-08,0.0,0.0,2.4618022971230384e-06,1.1500145541764744e-07,2.3614218774038657e-06,1.20995330403309e-07,5.08305864423925e-07,3.575814925994818e-09,0.0,0.0,3.1093003425747417e-06,1.6711084670018217e-07,1.0257255671116951e-05,1.537462053977935e-06,4.786796851327367e-06,4.925449313035868e-08,0.0,3.755247733166728e-06,2.055312764941952e-05,4.189776853360181e-08,4.346361041835963e-08,2.4953972797826584e-07,4.8360817654049e-09,4.4924409052792944e-08,0.0,0.0,3.846615977484251e-07,2.266410491620153e-07,3.4711392108424105e-06,2.503139842776937e-07,5.904436201971022e-07,6.857792732031524e-09,0.0,0.0,4.545395657211252e-06,4.696173844271142e-08,6.17550270695741e-06,3.050518930799853e-07,2.3299324491670334e-06,1.4129328428308345e-06,0.0,0.0,1.0270381630477974e-05,3.36216429968113e-08,1.3835178489021025e-06,2.533138838025092e-07,2.684011522911411e-06,1.6031370702504836e-07,0.0,9.430068050536e-08,4.609079286143242e-06,2.026225076730655e-07,1.0423016125184563e-05,3.143336123287551e-07,2.184287487415754e-06,1.425514051155195e-07,0.0,2.30925705153124e-06,1.5576068189248893e-05,2.463605723437412e-07,1.914542348036421e-05,2.680866316925703e-07,3.815345317173283e-06,3.376488365187648e-07,0.0,0.0,2.3812864838092564e-05,7.972866915256138e-08,5.650901644669429e-06,2.3764678119263065e-07,1.6424363171285416e-06,1.802406849160832e-07,0.0,0.0,7.790954097059247e-06,3.138800096594984e-07,1.1102837965690995e-05,3.002153490283159e-07,2.5748468370601405e-06,2.3471684974140485e-07,0.0,0.0,1.4526497011180356e-05,2.0033286289694661e-07,8.517943277096029e-06,3.1433646305016857e-07,2.1843088535532004e-06,1.425528232055999e-07,0.0,0.0,1.1359474279801944e-05,1.0963156326087062e-06,1.6490046807768425e-05,6.709539880686268e-07,4.9365999083160445e-06,1.7668564702010993e-07,0.0,0.0,2.337060198378192e-05,4.661710806244925e-06,2.118507081148117e-05,2.837448024835946e-07,5.7521759220859335e-06,1.7420529599060024e-07,0.0,0.0,3.2056907638286245e-05,0.0,2.001941357929803e-05,5.721663608277454e-07,6.262723990913829e-06,1.0228968007755677e-07,0.0,0.0,2.695659361111717e-05,8.582377950380043e-08,7.552764071695695e-06,1.861003689986849e-07,1.809596771479998e-06,1.52510786079171e-07,0.0,0.0,9.78679577775735e-06,2.765609030150596e-07,3.5352994166950056e-06,4.714980000562176e-07,7.131525752080549e-07,1.2707275985416329e-07,0.0,0.0,5.123583654828501e-06,0.0,0.0,0.0,0.0,0.0,0.0,0.0,0.0,0.0,0.0,0.0,0.0,0.0,0.0,0.0,0.0,0.0,0.0,0.0,0.0,0.0,0.0,0.0,0.0,0.0,0.0,0.0,0.0,0.0,0.0,0.0,0.0,0.0,0.0,0.0,0.0,0.0,0.0,0.0,0.0,0.0,0.0,0.0,0.0,0.0,0.0,0.0,0.0
0_00378,3.567910831688427e-07,8.68151177455029e-06,3.1469691768725285e-07,1.3615261146895836e-06,5.152198002387113e-08,0.0,0.0,1.0766047870119838e-05,3.63556976590771e-07,5.844756689803366e-06,6.606994495757753e-07,7.772034145440197e-07,0.0,0.0,0.0,7.646216530513932e-06,4.390802215849946e-07,1.8313152178515506e-07,7.657722032787254e-07,9.877912764618257e-07,0.0,0.0,0.0,2.3757752231107006e-06,2.246619681553868e-07,6.353740268753345e-08,7.204456310934684e-08,1.1156651235419552e-06,3.626582845997336e-08,0.0,0.0,1.5121748859541957e-06,1.1730684109174466e-07,2.4357878190378992e-06,1.3658064157677813e-07,2.360777346011541e-07,0.0,0.0,0.0,2.925753036307576e-06,2.3860437956842844e-07,1.1105445330300073e-05,1.682713540258382e-06,2.997172828946877e-06,1.33074356221449e-08,0.0,3.3057557727379163e-06,1.934299928743381e-05,1.0366676138115762e-08,2.6877296778049576e-08,3.001242331300599e-07,6.625371377076964e-10,0.0,0.0,0.0,3.3803074318393295e-07,2.721143125100578e-07,3.630533964447004e-06,3.330544653801733e-07,3.182770686923021e-07,3.5482249663700142e-09,0.0,0.0,4.557528035995908e-06,1.196958382742771e-07,6.295423199709836e-06,2.908984722436484e-07,1.5797902263408622e-06,1.2720681997434233e-06,0.0,0.0,9.557875936312048e-06,4.747471725922776e-08,1.2407315470268944e-06,3.111289769870267e-07,2.0121533160129097e-06,1.1408569704245305e-07,0.0,5.4834859327366216e-08,3.780409113655877e-06,3.687465296914695e-07,1.0990119984447457e-05,3.1469691768725285e-07,1.3615261146895836e-06,5.152198002387113e-08,0.0,2.134002501356172e-06,1.5220614027895808e-05,2.8481876003238544e-07,1.9868568055816755e-05,2.529981142406179e-07,1.8414252687617287e-06,1.049176905904036e-07,0.0,0.0,2.2352727889441896e-05,1.2086400678435538e-07,5.753997002391905e-06,2.04472080012354e-07,1.037151247854957e-06,1.6937147924986477e-07,0.0,0.0,7.2858558162934366e-06,4.555843427563267e-07,1.1247391586091506e-05,3.377011748763401e-07,1.5733411585750893e-06,1.1156332220316777e-07,0.0,0.0,1.3725581584502428e-05,3.568470172879739e-07,8.683266648107482e-06,3.1475665115405186e-07,1.361792310892548e-06,5.1531834632963926e-08,0.0,0.0,1.0768194462075016e-05,1.4790290114845448e-06,1.7334235126911455e-05,7.587966541963776e-07,3.4451479838560496e-06,7.60720224269919e-08,0.0,0.0,2.309328079887542e-05,4.9965746307888615e-06,2.260695231479352e-05,3.3225945879408664e-07,4.19664241603913e-06,7.209839473676007e-08,0.0,0.0,3.220452721515236e-05,0.0,2.1580134888631786e-05,5.072723089770032e-07,4.31556702069083e-06,3.82215353015382e-08,0.0,0.0,2.644119575360116e-05,1.3635263206730438e-07,7.812619260249678e-06,2.4746206414289905e-07,1.1842696611099358e-06,7.898923582599982e-08,0.0,0.0,9.459692853395816e-06,4.766254710729498e-07,2.12165121098104e-06,3.966323439066701e-07,4.410421770989308e-07,3.1186042612782544e-08,0.0,0.0,3.4671372456723728e-06,0.0,0.0,0.0,0.0,0.0,0.0,0.0,0.0,0.0,0.0,0.0,0.0,0.0,0.0,0.0,0.0,0.0,0.0,0.0,0.0,0.0,0.0,0.0,0.0,0.0,0.0,0.0,0.0,0.0,0.0,0.0,0.0,0.0,0.0,0.0,0.0,0.0,0.0,0.0,0.0,0.0,0.0,0.0,0.0,0.0,0.0,0.0,0.0
0_00422,3.5950406460476695e-07,8.80979285495335e-06,2.734814550097196e-07,7.497955581452311e-07,5.150190345752677e-08,0.0,0.0,1.0244075836170594e-05,3.99075078356448e-07,5.498940399711291e-06,6.609060586166075e-07,3.183494660881647e-07,0.0,0.0,0.0,6.877271002772511e-06,4.164202741224809e-07,2.127965056534304e-07,7.762844834292474e-07,3.88199187640508e-07,0.0,0.0,0.0,1.7937004508456667e-06,3.15855136169222e-07,6.57292620251005e-08,4.8338939967053225e-08,5.852277860762057e-07,1.5180854438120045e-08,0.0,0.0,1.0303319786757011e-06,2.234888274295251e-07,2.3887167740441763e-06,1.2598943821588898e-07,4.930920694943432e-08,0.0,0.0,0.0,2.7875042466390245e-06,4.532478169945244e-07,1.0811134458545931e-05,1.6907858899060586e-06,1.527268193135112e-06,3.8541718796989e-09,0.0,3.355006525071021e-06,1.7841297055532347e-05,5.664892141370687e-09,3.708971731656319e-09,3.005799454384204e-07,0.0,0.0,0.0,0.0,3.0995380931144744e-07,2.987586816998507e-07,3.516767007132084e-06,2.531970165855394e-07,1.980367769520598e-07,1.5141911594539393e-08,0.0,0.0,4.281901393964073e-06,1.479835195218558e-07,6.22170693156983e-06,2.8649860039674005e-07,1.0679738960837872e-06,1.0124801671009032e-06,0.0,0.0,8.736643114673116e-06,3.189027388451232e-08,1.208414647993884e-06,3.556119165330857e-07,1.3908227366602884e-06,7.692891029564309e-08,0.0,2.2144791755231752e-08,3.085813277122645e-06,3.5950406460476695e-07,1.066495496704209e-05,2.734814550097196e-07,7.497955581452311e-07,5.150190345752677e-08,0.0,2.1541919369289326e-06,1.4253429885188269e-05,3.10388503989554e-07,2.0402506521688303e-05,2.781886193229192e-07,6.97638912679335e-07,3.0836797214796456e-08,0.0,0.0,2.1719559354894908e-05,1.3895040091385697e-07,5.889349903543015e-06,1.9601335800790922e-07,6.658065029716601e-07,1.473406174584425e-07,0.0,0.0,7.037460782894884e-06,5.368219026776468e-07,1.1249917119922888e-05,3.02605967533584e-07,8.014433152028637e-07,3.38155441020117e-08,0.0,0.0,1.2924603849438992e-05,3.595209643377645e-07,8.810282073463644e-06,2.734958587993377e-07,7.49834681482529e-07,5.150456797644931e-08,0.0,0.0,1.0244638146059726e-05,1.8911515589996745e-06,1.7771489472718477e-05,6.345892480636004e-07,1.91014508994766e-06,4.2513511770629496e-08,0.0,0.0,2.224988888150004e-05,5.492394301405641e-06,2.4067211011390068e-05,2.530050956886599e-07,2.4714032255563544e-06,2.935914721294896e-08,0.0,0.0,3.231337278125367e-05,0.0,2.3118193774788825e-05,5.606005945339379e-07,2.676683062873502e-06,3.1820468617223174e-08,0.0,0.0,2.638729790081349e-05,1.4578496593935002e-07,8.002217495743948e-06,2.6765351093000964e-07,6.730741510109243e-07,4.2721306586378695e-08,0.0,0.0,9.131451430210609e-06,5.99475744934419e-07,1.1483583555469276e-06,3.3096833157631697e-07,3.734011758842581e-07,1.1850372178912941e-08,0.0,0.0,2.464053980120834e-06,0.0,0.0,0.0,0.0,0.0,0.0,0.0,0.0,0.0,0.0,0.0,0.0,0.0,0.0,0.0,0.0,0.0,0.0,0.0,0.0,0.0,0.0,0.0,0.0,0.0,0.0,0.0,0.0,0.0,0.0,0.0,0.0,0.0,0.0,0.0,0.0,0.0,0.0,0.0,0.0,0.0,0.0,0.0,0.0,0.0,0.0,0.0,0.0
0_00471,3.4923767505316885e-07,8.696848935055311e-06,2.640504838989384e-07,3.875519509607911e-07,4.071395756860086e-08,0.0,0.0,9.73840300253681e-06,3.598825033067797e-07,4.776971243674453e-06,7.150460989264162e-07,8.844870176150165e-08,0.0,0.0,0.0,5.94034854766915e-06,4.828423651661815e-07,3.323752970331684e-07,6.768784358397903e-07,1.7494854961562145e-07,0.0,0.0,0.0,1.6670446476547615e-06,4.231503835903847e-07,7.28181421831856e-08,4.350611295976404e-08,3.208440067607714e-07,0.0,0.0,0.0,8.603186454941056e-07,2.4733247186000943e-07,2.379328353727636e-06,1.376113625024044e-07,5.4486413900887234e-08,0.0,0.0,0.0,2.8187586019909367e-06,5.62926620576899e-07,1.1058781352255153e-05,1.421848387281944e-06,9.846797185243235e-07,3.355611526138978e-09,0.0,3.104902196776644e-06,1.71364938869411e-05,0.0,1.1944510008555455e-09,2.326752954187068e-07,0.0,0.0,0.0,0.0,2.338697464195624e-07,3.523665738778859e-07,3.2789444552709685e-06,2.407234675248007e-07,1.4769822272475276e-08,0.0,0.0,0.0,3.88680431894613e-06,2.179378664413895e-07,6.292134915869927e-06,3.062896940345421e-07,5.344551998507462e-07,7.158137440440611e-07,0.0,0.0,8.066631420240667e-06,3.5801452760566146e-08,1.01558929364224e-06,3.173147801378919e-07,9.845099660558625e-07,5.22475865926683e-08,0.0,0.0,2.4054630791892285e-06,3.758034972152187e-07,1.103545050004425e-05,2.640504838989384e-07,3.875519509607911e-07,4.071395756860086e-08,0.0,2.150187786512975e-06,1.4253758176200774e-05,4.000748327357345e-07,1.9949402935138216e-05,2.696759310019892e-07,4.1114716620262025e-07,1.0913741635029345e-08,0.0,0.0,2.104121460671359e-05,1.522066983824741e-07,5.818921566684204e-06,2.1447077661328626e-07,3.675348016495229e-07,1.0891935905145921e-07,0.0,0.0,6.662053202380946e-06,6.086511595713966e-07,1.08644935985336e-05,3.251680714974188e-07,4.202264235945383e-07,6.1601716283959155e-09,0.0,0.0,1.2224699424825349e-05,3.492236727405023e-07,8.696465298382951e-06,2.6403962032823e-07,3.875355392920353e-07,4.0712219682971124e-08,0.0,0.0,9.73797635042669e-06,2.5393790022895807e-06,1.7929098841996217e-05,6.383773209110228e-07,1.2378294396815354e-06,5.3216626344570593e-08,0.0,0.0,2.239790123122292e-05,5.991495829874764e-06,2.431409748480992e-05,2.576461260583225e-07,1.5098264287398774e-06,2.6528340363214733e-08,0.0,0.0,3.20995942098461e-05,0.0,2.342665759657029e-05,5.148765759023378e-07,1.6447870895678284e-06,2.1469642411455053e-08,0.0,0.0,2.560779090445192e-05,1.8809019362181173e-07,8.272005290150143e-06,2.072174042980346e-07,3.5736378342004965e-07,5.1062092642708014e-08,0.0,0.0,9.075738764132748e-06,7.261977944505693e-07,5.394765063468404e-07,2.205959987061163e-07,2.820282559168704e-07,1.7949369456912762e-08,0.0,0.0,1.786247924877309e-06,0.0,0.0,0.0,0.0,0.0,0.0,0.0,0.0,0.0,0.0,0.0,0.0,0.0,0.0,0.0,0.0,0.0,0.0,0.0,0.0,0.0,0.0,0.0,0.0,0.0,0.0,0.0,0.0,0.0,0.0,0.0,0.0,0.0,0.0,0.0,0.0,0.0,0.0,0.0,0.0,0.0,0.0,0.0,0.0,0.0,0.0,0.0,0.0
0_00526,5.291555439428783e-07,8.518672802935401e-06,2.2577270650278725e-07,3.0504188043631824e-07,1.9608297309720844e-08,0.0,0.0,9.598251231127107e-06,5.140821385457665e-07,3.796408855497738e-06,6.511840995495884e-07,4.47680263352998e-08,0.0,0.0,0.0,5.006443119928393e-06,5.371853581465675e-07,3.418848052815836e-07,6.707844189938584e-07,1.0198997221184389e-07,0.0,0.0,0.0,1.6518445546338534e-06,5.84831867949359e-07,6.914100387431664e-08,2.8517644783277293e-08,1.7478144129975177e-07,0.0,0.0,0.0,8.572719579067047e-07,2.290258086911685e-07,2.1954459355457294e-06,1.3090695964365216e-07,2.099536326936489e-08,0.0,0.0,0.0,2.576374067149915e-06,7.124234152923212e-07,1.0798084887906148e-05,1.4303675325324786e-06,5.130737929751629e-07,0.0,0.0,3.370851704081015e-06,1.682480133278713e-05,0.0,0.0,2.287523106248139e-07,0.0,0.0,0.0,0.0,2.287523106248139e-07,4.027518463480032e-07,3.098197643502141e-06,2.380402800945861e-07,1.7914983788160183e-08,0.0,0.0,0.0,3.7569047537328895e-06,2.471129784829288e-07,5.9921118033665776e-06,2.872501610235289e-07,2.849094409731151e-07,4.879278821236763e-07,0.0,0.0,7.299312265969827e-06,2.9470342472592092e-08,9.28171586029024e-07,2.537756726886115e-07,7.105668832642899e-07,2.3710224480497244e-08,0.0,0.0,1.945694708935015e-06,5.554313364978654e-07,1.0424185544198995e-05,2.2577270650278725e-07,3.0504188043631824e-07,1.9608297309720844e-08,0.0,2.139973449453865e-06,1.3670013214399552e-05,4.489228483178817e-07,1.918146397426169e-05,2.440848194343202e-07,2.5681880648425816e-07,3.821175903204494e-09,0.0,0.0,2.0135111624401355e-05,2.071274279856835e-07,5.753570964151794e-06,2.245725826276977e-07,2.517537935279163e-07,5.978049515992e-08,0.0,0.0,6.49680526345301e-06,7.621243244017362e-07,1.0234871018788812e-05,2.7385740214832817e-07,3.272410901931346e-07,7.220563184529572e-09,0.0,0.0,1.160531439871654e-05,5.291532580298277e-07,8.518630594643496e-06,2.2577165444807578e-07,3.050404396865989e-07,1.960820905482855e-08,0.0,0.0,9.598204155862827e-06,3.2559736448362845e-06,1.724011069297941e-05,6.462285397820304e-07,5.675243384413692e-07,1.5396830326759233e-08,0.0,0.0,2.172523404636585e-05,6.5588288108282524e-06,2.381555535589442e-05,1.954775135815392e-07,7.327606078547014e-07,1.9651224061585063e-08,0.0,0.0,3.1322273512220504e-05,0.0,2.2881664799056543e-05,5.226698396165804e-07,8.085851817414632e-07,2.0729125719969684e-08,0.0,0.0,2.423364894613455e-05,1.8792837820808445e-07,8.15496993725411e-06,2.39226565697841e-07,2.7563399135647764e-07,2.71254215647604e-08,0.0,0.0,8.884884294081274e-06,7.489827770653805e-07,2.141163289866453e-07,1.4449132805203317e-07,2.3956111873409565e-07,0.0,0.0,0.0,1.3471515528381546e-06,0.0,0.0,0.0,0.0,0.0,0.0,0.0,0.0,0.0,0.0,0.0,0.0,0.0,0.0,0.0,0.0,0.0,0.0,0.0,0.0,0.0,0.0,0.0,0.0,0.0,0.0,0.0,0.0,0.0,0.0,0.0,0.0,0.0,0.0,0.0,0.0,0.0,0.0,0.0,0.0,0.0,0.0,0.0,0.0,0.0,0.0,0.0,0.0
0_00587,4.492202747176202e-07,8.397346391598303e-06,2.720978547524467e-07,2.8490426283343136e-07,2.6897230658612883e-08,0.0,0.0,9.430466014560413e-06,5.322514164612837e-07,3.190310981725608e-06,6.234920311652768e-07,3.66198105171744e-08,0.0,0.0,0.0,4.382674239869343e-06,5.471611310261324e-07,3.338813096853525e-07,6.628063666532023e-07,7.919524425569206e-08,0.0,0.0,0.0,1.6230440516203792e-06,4.6076298878292297e-07,8.33824271206466e-08,2.297340842745072e-08,1.4393829925165322e-07,1.7473895897162187e-09,0.0,0.0,7.128045131723897e-07,2.4321361294139617e-07,2.064205132801554e-06,1.4418868833934186e-07,4.113441197532527e-08,3.4490192381649607e-09,0.0,0.0,2.4961908652957823e-06,5.697272162731765e-07,1.0561547354994472e-05,1.6862786304787714e-06,5.498098080192293e-07,3.4490192381649607e-09,0.0,3.221548388155097e-06,1.6592360417158913e-05,0.0,0.0,2.4655497400723804e-07,0.0,0.0,0.0,0.0,2.4655497400723804e-07,4.4659309159369574e-07,3.294270313537344e-06,2.509150343997038e-07,1.5358619108589504e-08,0.0,0.0,0.0,4.0071370586393325e-06,2.924430970133596e-07,5.92380018099396e-06,3.066283204855221e-07,3.608379685432861e-07,3.392249815360506e-07,0.0,0.0,7.2229345485721795e-06,4.12154040366402e-08,9.328405902897386e-07,2.719251720593887e-07,5.281922453151514e-07,2.13452208577939e-08,0.0,0.0,1.7955186325587127e-06,4.581892907450627e-07,1.0479059212751726e-05,2.720978547524467e-07,2.8490426283343136e-07,2.6897230658612883e-08,0.0,1.994361777789061e-06,1.351550962953034e-05,4.7258222512767924e-07,1.8855838518050582e-05,2.850948465854179e-07,2.5918068059537904e-07,0.0,0.0,0.0,1.987269627035906e-05,2.1678989136387138e-07,5.950854431372592e-06,1.6864420495404437e-07,2.4256378359123533e-07,1.20610225311055e-07,0.0,0.0,6.699462536592799e-06,7.136567293237895e-07,1.0186948796419985e-05,3.089860048672609e-07,3.238894983316835e-07,5.2671831329164115e-09,0.0,0.0,1.1538748212075637e-05,4.492001636220062e-07,8.396937989914956e-06,2.7208535336109345e-07,2.848917764832248e-07,2.6895949501706705e-08,0.0,0.0,9.430011232882987e-06,2.8456030359720834e-06,1.7272503396891463e-05,6.378293332636518e-07,7.868033404168386e-07,2.3002170260248472e-08,0.0,0.0,2.1565741276804283e-05,6.1688322687125e-06,2.4827337261466203e-05,2.771208164758009e-07,1.1390718871139395e-06,9.910923509764128e-09,0.0,0.0,3.242227315727821e-05,0.0,2.3867976612204e-05,5.126013275404195e-07,1.230638996177454e-06,1.982686272309019e-08,0.0,0.0,2.563104379864496e-05,2.9933950581897973e-07,8.271737641669323e-06,2.306609123698867e-07,2.276006932899052e-07,3.6638747063362455e-08,0.0,0.0,9.065977500211458e-06,5.751643670434352e-07,1.0623361623173297e-07,3.140670493434564e-08,1.4895317346226457e-07,9.578206339366524e-09,0.0,0.0,8.713360680111449e-07,0.0,0.0,0.0,0.0,0.0,0.0,0.0,0.0,0.0,0.0,0.0,0.0,0.0,0.0,0.0,0.0,0.0,0.0,0.0,0.0,0.0,0.0,0.0,0.0,0.0,0.0,0.0,0.0,0.0,0.0,0.0,0.0,0.0,0.0,0.0,0.0,0.0,0.0,0.0,0.0,0.0,0.0,0.0,0.0,0.0,0.0,0.0,0.0
0_00655,4.95459849565786e-07,8.146620175944126e-06,2.562884772142559e-07,1.166444520378008e-07,7.231374242317675e-09,0.0,0.0,9.022244329004288e-06,5.63978071754235e-07,2.6367778227533063e-06,6.634472602073025e-07,3.721515377032652e-08,0.0,0.0,0.0,3.90141830848517e-06,6.085571041718069e-07,3.112217819253596e-07,5.735472405078726e-07,5.176307503878719e-08,0.0,0.0,0.0,1.5450892016438265e-06,5.032168116305216e-07,1.1131958715129737e-07,1.2096300128657849e-08,6.049245479239235e-08,1.8731443232257627e-09,0.0,0.0,6.889982980260949e-07,1.7222058204621969e-07,1.9700642403612624e-06,1.3929752282967557e-07,1.6476279702386527e-09,0.0,0.0,0.0,2.283229973207396e-06,7.143122779716287e-07,1.0596931629689275e-05,1.824852048129294e-06,5.676757242802788e-07,0.0,0.0,3.0052131988930568e-06,1.6708984878963533e-05,1.379488136493912e-09,1.3739345241900072e-08,2.6282856057964375e-07,0.0,0.0,0.0,0.0,2.779473939580377e-07,4.225042696445684e-07,3.6114433009962376e-06,2.4371463018049845e-07,5.612079404003948e-08,5.3022017599891645e-09,0.0,0.0,4.339085196621334e-06,1.8398742509633282e-07,5.570123388820017e-06,2.7362561830994585e-07,3.7629877756762257e-07,2.492602690352711e-07,0.0,0.0,6.653295478829189e-06,5.5848303750780384e-08,8.847931003828618e-07,2.4566830623405124e-07,4.051502252067725e-07,2.1082307209455172e-08,0.0,0.0,1.612542242783921e-06,5.475723402349988e-07,1.0301437433808484e-05,2.562884772142559e-07,1.166444520378008e-07,7.231374242317675e-09,0.0,2.327844926677738e-06,1.3557019004215596e-05,4.77624384266143e-07,1.848169640632164e-05,2.5438967135471253e-07,3.23514689574066e-07,0.0,0.0,0.0,1.9537225151516564e-05,3.560102226890215e-07,5.98197504293125e-06,1.7005573577750397e-07,1.2979321216714277e-07,9.562910118585733e-08,0.0,0.0,6.733463314750776e-06,6.969766498332726e-07,9.866250976338172e-06,3.052222306426808e-07,1.0788989008455825e-07,0.0,0.0,0.0,1.0976339746898684e-05,4.954400914493346e-07,8.146263343748654e-06,2.562781813130316e-07,1.1664065513191525e-07,7.231070954783772e-09,0.0,0.0,9.02185334259772e-06,2.4309917315535143e-06,1.7283939352260947e-05,6.355278218860564e-07,5.032925297074201e-07,9.906093948146916e-09,0.0,0.0,2.086365752935609e-05,5.378723073653062e-06,2.5920900252213067e-05,2.445282424435713e-07,7.182696207536972e-07,0.0,0.0,0.0,3.22624211890634e-05,0.0,2.44448979958776e-05,5.149275397225819e-07,8.656163974341363e-07,0.0,0.0,0.0,2.582544193303432e-05,2.499369700507399e-07,8.098040611525068e-06,2.313297991455935e-07,1.6305212084644345e-07,6.818171615350905e-09,0.0,0.0,8.749177673183194e-06,4.730779310962461e-07,9.389176604021805e-08,0.0,3.4521440454233055e-08,0.0,0.0,0.0,6.014911375906972e-07,0.0,0.0,0.0,0.0,0.0,0.0,0.0,0.0,0.0,0.0,0.0,0.0,0.0,0.0,0.0,0.0,0.0,0.0,0.0,0.0,0.0,0.0,0.0,0.0,0.0,0.0,0.0,0.0,0.0,0.0,0.0,0.0,0.0,0.0,0.0,0.0,0.0,0.0,0.0,0.0,0.0,0.0,0.0,0.0,0.0,0.0,0.0,0.0
0_00732,7.450320483173947e-07,7.93827122747334e-06,2.1077180320633482e-07,1.4358882039712365e-07,0.0,0.0,0.0,9.03766389939419e-06,8.527849369482029e-07,2.188881760724027e-06,6.180258536199005e-07,8.658770341114594e-08,0.0,0.0,0.0,3.746280254703277e-06,7.896590196465228e-07,2.078790764197341e-07,5.676941759878293e-07,8.18193840314068e-08,0.0,0.0,0.0,1.6470516560854928e-06,7.865153036992209e-07,2.8765626503954866e-08,8.870538550562804e-09,9.943544013381344e-08,0.0,0.0,0.0,9.23586908887552e-07,2.939789636429838e-07,2.000994868498417e-06,1.3005811615893169e-07,1.6127595932476146e-08,0.0,0.0,0.0,2.4411595442328094e-06,8.945429657415248e-07,1.0208636039741794e-05,1.7691751969123792e-06,7.09539519303769e-07,0.0,0.0,3.397063166747901e-06,1.6978956888447367e-05,1.3984546172157526e-08,1.0072867112352025e-07,2.436902315799966e-07,8.515136360936531e-10,0.0,0.0,0.0,3.59254962511768e-07,6.518705844970015e-07,3.9025387805980645e-06,2.1871528132874002e-07,5.461684306971812e-08,2.542047701130761e-09,0.0,0.0,4.830283537194653e-06,2.62754139238651e-07,5.227317710318864e-06,2.4194953358835265e-07,3.7127642814972884e-07,2.2764424863281177e-07,0.0,0.0,6.330942059928408e-06,4.274601981272735e-08,7.207666315181414e-07,2.47786805199178e-07,3.0707333875837305e-07,0.0,0.0,0.0,1.3183727952884198e-06,7.450320483173947e-07,1.0215596838907508e-05,2.1077180320633482e-07,1.4358882039712365e-07,0.0,0.0,2.47359913489248e-06,1.3788588645720842e-05,7.095039144568295e-07,1.744039053801152e-05,2.897467792781174e-07,6.536571964927101e-07,0.0,0.0,0.0,1.909329842823917e-05,5.776980341532024e-07,5.835596654219882e-06,1.7730374853805017e-07,1.5960075611742665e-07,7.312659648080002e-08,0.0,0.0,6.823325789509361e-06,9.44628475468012e-07,9.254172242664902e-06,2.525266271448653e-07,1.245113535354593e-07,0.0,0.0,0.0,1.0575838698813235e-05,7.450012271294069e-07,7.937909447043153e-06,2.1076303614432654e-07,1.435833472193472e-07,0.0,0.0,0.0,9.037257057536232e-06,2.45333965823566e-06,1.703392794955294e-05,6.089363838908668e-07,3.8120098478088345e-07,9.127420578100234e-09,0.0,0.0,2.048653239703845e-05,5.155278327700024e-06,2.689040487701331e-05,2.0999822696317882e-07,6.6160658934118e-07,0.0,0.0,0.0,3.291728802101769e-05,0.0,2.490944660707733e-05,5.302704456534237e-07,7.027540306124642e-07,0.0,0.0,0.0,2.614247108334321e-05,4.418054269727042e-07,7.92180065449326e-06,2.0743749972393642e-07,1.7212405023566009e-07,2.331538265376753e-08,0.0,0.0,8.766483014079329e-06,4.476300103731299e-07,2.1486703988978464e-08,0.0,3.0718260787453503e-09,0.0,0.0,0.0,4.721885404408537e-07,0.0,0.0,0.0,0.0,0.0,0.0,0.0,0.0,0.0,0.0,0.0,0.0,0.0,0.0,0.0,0.0,0.0,0.0,0.0,0.0,0.0,0.0,0.0,0.0,0.0,0.0,0.0,0.0,0.0,0.0,0.0,0.0,0.0,0.0,0.0,0.0,0.0,0.0,0.0,0.0,0.0,0.0,0.0,0.0,0.0,0.0,0.0,0.0
0_00817,7.247529706742877e-07,7.589084347071304e-06,2.520439648244759e-07,1.540299162363154e-07,6.518628000353038e-09,0.0,0.0,8.726429826806737e-06,7.173748625362439e-07,1.763149521175311e-06,5.09470047012684e-07,1.385030566002562e-07,0.0,0.0,0.0,3.128497487324495e-06,6.620924175089075e-07,1.8724060100199017e-07,4.991533932151107e-07,1.513298588127683e-07,0.0,0.0,0.0,1.4998162705387769e-06,6.807835772792315e-07,1.4391275538506204e-08,6.4809765980289314e-09,1.4188867275424388e-07,4.700774333808458e-09,0.0,0.0,8.48245276503819e-07,2.483697559665412e-07,2.031551977047118e-06,9.195860155865677e-08,4.8285078023070144e-08,0.0,0.0,0.0,2.4201654125953863e-06,8.542875138898121e-07,9.508240491311564e-06,1.5463979255734726e-06,4.502974507503367e-07,4.3159676270280645e-09,0.0,3.4928097413651486e-06,1.5856349090517363e-05,1.579749469003895e-09,2.336965654688617e-07,2.051665137780104e-07,0.0,0.0,0.0,0.0,4.40442828715876e-07,6.096893821094686e-07,3.869736821822394e-06,1.774777913585772e-07,1.0947681631228017e-07,4.094118507095419e-09,0.0,0.0,4.770474930109815e-06,2.922173408808181e-07,4.747873236582549e-06,2.489165238243232e-07,3.37629970113706e-07,1.3802667810987398e-07,0.0,0.0,5.764663749511271e-06,2.5992763185065e-08,6.257600251976324e-07,2.2069600683726721e-07,2.50597464664822e-07,0.0,0.0,0.0,1.1230462598847863e-06,7.247529706742877e-07,9.561482842522208e-06,2.520439648244759e-07,1.540299162363154e-07,6.518628000353038e-09,0.0,2.438929215954911e-06,1.3137757538212552e-05,5.736512096852736e-07,1.631745224408975e-05,2.416433378763676e-07,5.689273457655925e-07,0.0,0.0,0.0,1.7701674137416983e-05,4.1781763479124266e-07,5.562449398027622e-06,1.5601279353098134e-07,1.4361569749660924e-07,4.3108692193113626e-08,0.0,0.0,6.323004216039567e-06,8.100251969891832e-07,8.518347082420043e-06,2.620318841603388e-07,2.161016523493364e-07,1.1695414143527769e-08,0.0,0.0,9.818201230062429e-06,7.24833224310078e-07,7.590020720070193e-06,2.520721276791551e-07,1.5404833770742173e-07,6.519200391331946e-09,0.0,0.0,8.72749361015818e-06,2.6947376174871864e-06,1.6542579482741965e-05,5.979967558180851e-07,4.950060487537512e-07,3.55645604398704e-09,0.0,0.0,2.0333876360844973e-05,4.762249663884562e-06,2.6802944500758463e-05,1.784599588496915e-07,6.047093556949838e-07,0.0,0.0,0.0,3.2348363479187696e-05,0.0,2.510713512952208e-05,4.706195663353072e-07,7.171284898662431e-07,0.0,0.0,0.0,2.6294883185723624e-05,2.843829977801617e-07,7.579932166018146e-06,1.883392479748991e-07,1.9314422828849906e-07,0.0,0.0,0.0,8.245798640061708e-06,8.684714488863668e-08,1.8616218489480937e-08,0.0,0.0,0.0,0.0,0.0,1.0546336337811764e-07,0.0,0.0,0.0,0.0,0.0,0.0,0.0,0.0,0.0,0.0,0.0,0.0,0.0,0.0,0.0,0.0,0.0,0.0,0.0,0.0,0.0,0.0,0.0,0.0,0.0,0.0,0.0,0.0,0.0,0.0,0.0,0.0,0.0,0.0,0.0,0.0,0.0,0.0,0.0,0.0,0.0,0.0,0.0,0.0,0.0,0.0,0.0,0.0
0_00912,3.107309209272284e-07,6.9898757351316725e-06,2.446416058399863e-07,2.2079152460378505e-07,1.8945070275908983e-08,0.0,0.0,7.78498485677858e-06,3.262913862432477e-07,1.4730684799087516e-06,5.599355183110276e-07,1.596827943520266e-07,0.0,0.0,0.0,2.5189781788150534e-06,3.296633241475125e-07,9.04337177258835e-08,4.651060958597718e-07,1.905744327232192e-07,0.0,0.0,0.0,1.075777570456387e-06,3.158299548811787e-07,1.601915949329205e-08,4.760530241449685e-10,1.676415038743198e-07,1.1328213737219371e-08,0.0,0.0,5.112948850101549e-07,1.1195209914554352e-07,1.8994508184006448e-06,1.4488698220107414e-07,6.55812963673106e-08,0.0,0.0,0.0,2.221871196114573e-06,3.664157562141966e-07,9.74981852239284e-06,1.7206716344159198e-06,4.507940653533271e-07,0.0,0.0,3.465347561618467e-06,1.5753047539994747e-05,1.7305182795889412e-08,4.430438995396068e-07,2.2786138993686602e-07,0.0,0.0,0.0,0.0,6.882104722723623e-07,2.503911581347473e-07,3.7689929937551584e-06,2.2363199447397614e-07,8.819258604125067e-08,0.0,0.0,0.0,4.331208732405132e-06,1.325271967573467e-07,4.350712737405107e-06,2.5059035821691455e-07,1.701686396847931e-07,9.532897407969242e-08,0.0,0.0,4.999327906143853e-06,5.364152319155562e-09,5.552312538558356e-07,2.769646521551099e-07,2.106222494457876e-07,0.0,0.0,0.0,1.0481823077758888e-06,3.334903784809875e-07,9.461122013324508e-06,2.446416058399863e-07,2.3499729872897653e-07,1.8945070275908983e-08,0.0,2.5026687175829625e-06,1.279586508423333e-05,2.781542358782867e-07,1.528647288558488e-05,2.768223970112548e-07,2.724939194388078e-07,0.0,0.0,0.0,1.6113943437913228e-05,2.785056527335461e-07,5.2562750162543055e-06,1.482453091723723e-07,1.248207851639701e-07,2.9795311660731223e-08,0.0,0.0,5.837642074984925e-06,3.501011508037697e-07,7.532581445384049e-06,2.834610808363784e-07,2.3331614328035818e-07,5.3142837960000275e-09,0.0,0.0,8.404774104100556e-06,3.1073879774879244e-07,6.990076107986532e-06,2.446481279462752e-07,2.2079744639318938e-07,1.8945569737605682e-08,0.0,0.0,7.785206049812396e-06,2.123798664286573e-06,1.5592754345409795e-05,5.43536998382252e-07,4.868048846882124e-07,1.7779341377440518e-08,0.0,0.0,1.876467423414428e-05,4.822353461704698e-06,2.6341317685320325e-05,1.5287889247013e-07,7.207950550112624e-07,6.419425805261151e-09,0.0,0.0,3.204376452031169e-05,0.0,2.481027647944194e-05,4.927351843131164e-07,6.43291241477218e-07,0.0,0.0,0.0,2.594630290523227e-05,2.170645200177045e-07,7.265489183599879e-06,1.8683277106624725e-07,2.900610712838248e-07,1.041940366798286e-08,0.0,0.0,7.969866949635639e-06,1.468537642081264e-08,0.0,0.0,0.0,0.0,0.0,0.0,1.4685376420812641e-08,0.0,0.0,0.0,0.0,0.0,0.0,0.0,0.0,0.0,0.0,0.0,0.0,0.0,0.0,0.0,0.0,0.0,0.0,0.0,0.0,0.0,0.0,0.0,0.0,0.0,0.0,0.0,0.0,0.0,0.0,0.0,0.0,0.0,0.0,0.0,0.0,0.0,0.0,0.0,0.0,0.0,0.0,0.0,0.0,0.0,0.0,0.0,0.0
0_01018,2.901807626371121e-07,6.07354119546894e-06,2.052481979462866e-07,1.0853999597248788e-07,1.1745525454539857e-08,0.0,0.0,6.689255677479369e-06,2.3288148178199106e-07,1.1154833492948469e-06,5.017030633112467e-07,1.1348969442661605e-07,0.0,0.0,0.0,1.9635575888147005e-06,3.007156087294816e-07,6.469064393168998e-08,4.325150705240962e-07,1.17420345692574e-07,0.0,0.0,0.0,9.153416688778418e-07,3.0778294167988613e-07,3.0847212205711526e-09,0.0,1.4023325199345354e-07,6.290796322477906e-09,0.0,0.0,4.573917112163888e-07,8.168089904691164e-08,1.5403943873331971e-06,9.64304214380998e-08,3.647386864828723e-08,0.0,0.0,0.0,1.7549795764664955e-06,3.544218083964781e-07,8.726249130886154e-06,1.7249288669342764e-06,3.992955262483631e-07,0.0,0.0,2.952511422777944e-06,1.4157406755243211e-05,1.5877793806950807e-08,2.4795368035862015e-07,1.94271700728744e-07,2.986174441997162e-09,0.0,0.0,0.0,4.61089349336312e-07,2.2500935878553722e-07,3.1691302255475345e-06,1.9935628006952657e-07,5.0777755247559386e-08,0.0,0.0,0.0,3.6442736196501576e-06,6.75079786484266e-08,3.7224449083487993e-06,2.1466083150338105e-07,1.0543457119994897e-07,4.06458366542446e-08,0.0,0.0,4.150694126354801e-06,1.6290457164334512e-08,4.7476841544663817e-07,1.899542866990188e-07,1.447663168395758e-07,0.0,0.0,0.0,8.257794761495674e-07,3.041270508583216e-07,8.687097302437829e-06,2.052481979462866e-07,1.108996227665041e-07,1.1745525454539857e-08,0.0,2.133598160628012e-06,1.14527158600915e-05,2.391431621010328e-07,1.3590327150501529e-05,2.263218325628333e-07,1.3963902236202696e-07,0.0,0.0,0.0,1.419543116752742e-05,1.797310400803665e-07,4.893585423492566e-06,9.95738035904128e-08,9.60147007965191e-08,1.1525545178934022e-08,0.0,0.0,5.280430513138799e-06,2.760315980844543e-07,6.362659209054107e-06,2.3221907563527162e-07,1.330046283223859e-07,0.0,0.0,0.0,7.003914511096221e-06,2.9015575408357965e-07,6.072957847518985e-06,2.0523014006431682e-07,1.0852981303370253e-07,1.1744520924183508e-08,0.0,0.0,6.688618075624767e-06,2.0987435385828663e-06,1.409072108540335e-05,5.478545399838917e-07,3.328864917439524e-07,6.077118885208398e-09,0.0,0.0,1.7076282774599266e-05,4.496746209324392e-06,2.4487014997260782e-05,1.4537270061159422e-07,4.254640043234368e-07,0.0,0.0,0.0,2.9554597911520207e-05,0.0,2.3162206202311275e-05,4.900680698080361e-07,4.162472428844938e-07,0.0,0.0,0.0,2.4068521515003803e-05,2.1182445965822642e-07,6.885752378813653e-06,1.7882452086585253e-07,1.0761360040512337e-07,9.04128839146902e-09,0.0,0.0,7.3930562481343234e-06,2.646501104311939e-09,0.0,0.0,0.0,0.0,0.0,0.0,2.646501104311939e-09,0.0,0.0,0.0,0.0,0.0,0.0,0.0,0.0,0.0,0.0,0.0,0.0,0.0,0.0,0.0,0.0,0.0,0.0,0.0,0.0,0.0,0.0,0.0,0.0,0.0,0.0,0.0,0.0,0.0,0.0,0.0,0.0,0.0,0.0,0.0,0.0,0.0,0.0,0.0,0.0,0.0,0.0,0.0,0.0,0.0,0.0,0.0,0.0
0_01137,1.5027559843454366e-07,4.570659910020532e-06,1.8326187825736694e-07,1.0265177070100149e-08,1.5488096135138151e-09,0.0,0.0,4.916011373396056e-06,1.3745507983974897e-07,1.489592519447794e-06,4.84972970900153e-07,2.1909818533589542e-09,0.0,0.0,0.0,2.114211552041055e-06,1.882005903985193e-07,1.812229554799069e-07,3.596419155562263e-07,0.0,0.0,0.0,0.0,7.290654614346524e-07,2.021828880102225e-07,4.910588233044129e-09,0.0,0.0,0.0,0.0,0.0,2.0709347624326659e-07,1.0022832395058686e-07,1.3445634047674873e-06,5.688269196964357e-08,2.405772206670906e-10,0.0,0.0,0.0,1.5019149979083849e-06,4.268728987472933e-07,5.962397063378088e-06,1.3967218346366314e-06,8.457094823048606e-08,0.0,0.0,9.131429078227022e-08,7.96187703577477e-06,0.0,1.005533513496824e-09,1.9006963740110773e-07,0.0,0.0,0.0,0.0,1.9107517091460457e-07,3.250621658738859e-07,4.949964433083865e-06,1.7405832562072837e-07,2.628440406722056e-10,0.0,0.0,0.0,5.449347768619151e-06,4.20070466441268e-08,1.818577984750524e-06,1.7933827796615668e-07,2.3586409813409973e-08,1.244556057962963e-09,0.0,0.0,2.06475427523218e-06,7.913823418219221e-10,2.621325342179459e-07,1.785526798804828e-07,1.4869851447781214e-07,0.0,0.0,0.0,5.901751109180627e-07,1.7077562095249217e-07,4.591165407449448e-06,1.8326187825736694e-07,1.0265177070100149e-08,1.5488096135138151e-09,0.0,1.230329845735026e-07,5.0800498779164245e-06,8.0881446002642e-08,8.691595522057574e-06,2.566763820589674e-07,0.0,0.0,0.0,0.0,9.029153350119185e-06,1.240625213965227e-07,3.836947245211452e-06,1.4458240115810374e-07,6.128132348796038e-09,6.814165877020067e-09,0.0,0.0,4.118534465991895e-06,1.4561021054906106e-07,4.6243203802212464e-06,2.126098166441688e-07,9.96093707538333e-09,0.0,0.0,0.0,4.9925013444898585e-06,1.5028282280593617e-07,4.570932856432659e-06,1.832718780078416e-07,1.0265709278955413e-08,1.5488965463051338e-09,0.0,0.0,4.916302163071696e-06,1.842514626110872e-06,1.4954125009211578e-05,5.34393162516125e-07,2.8552112892519803e-08,0.0,0.0,0.0,1.7359584910731094e-05,5.462736037105772e-06,3.3189465899079024e-05,1.650953329718091e-07,5.110226976524394e-08,0.0,0.0,0.0,3.886839953892185e-05,0.0,3.120994907647188e-05,4.4261978383481893e-07,2.4662221955847852e-08,0.0,0.0,0.0,3.1677231082262546e-05,1.4718836266752506e-07,5.8867897748862765e-06,1.876857044288557e-07,0.0,0.0,0.0,0.0,6.221663841982655e-06,1.3603416201010992e-08,2.310655425927902e-09,0.0,0.0,0.0,0.0,0.0,1.59140716269389e-08,0.0,0.0,0.0,0.0,0.0,0.0,0.0,0.0,0.0,0.0,0.0,0.0,0.0,0.0,0.0,0.0,0.0,0.0,0.0,0.0,0.0,0.0,0.0,0.0,0.0,0.0,0.0,0.0,0.0,0.0,0.0,0.0,0.0,0.0,0.0,0.0,0.0,0.0,0.0,0.0,0.0,0.0,0.0,0.0,0.0,0.0,0.0,0.0
0_01269,1.1075306807382397e-07,3.6186736708938135e-06,1.707629889330907e-07,7.549355937667151e-10,0.0,0.0,0.0,3.900944663494495e-06,8.965862751508492e-08,1.0131123860841298e-06,4.419641965725251e-07,0.0,0.0,0.0,0.0,1.5447352101717398e-06,6.158963845427828e-08,1.5090755283901401e-07,3.047955807446699e-07,0.0,0.0,0.0,0.0,5.17292772037962e-07,3.6724057387434247e-08,4.43853877290723e-09,0.0,0.0,0.0,0.0,0.0,4.116259616034147e-08,3.762559351101839e-08,7.253867140713778e-07,9.314339416053857e-08,2.1617691888855164e-10,0.0,0.0,0.0,8.563718786618233e-07,2.420613353938048e-07,4.7750908957461385e-06,1.7766206863869915e-06,1.4236838865361028e-08,0.0,0.0,7.266605035687137e-08,6.880675806749168e-06,0.0,0.0,2.052391348024537e-07,0.0,0.0,0.0,0.0,2.052391348024537e-07,1.7010891293099917e-07,3.6120642982844176e-06,1.9214577378255725e-07,2.590387008955481e-09,0.0,0.0,0.0,3.976909372006929e-06,1.4581886081950962e-08,1.322631191889379e-06,1.727770822832706e-07,6.819697937942545e-09,0.0,0.0,0.0,1.516809858192543e-06,0.0,1.8329051288011694e-07,1.568054405981355e-07,8.141937448759829e-08,0.0,0.0,0.0,4.215153279658508e-07,1.3022886918549444e-07,3.680058734864207e-06,1.707629889330907e-07,7.549355937667151e-10,0.0,0.0,7.79304969792719e-08,4.059736025555831e-06,7.940955814378697e-08,7.266831133810011e-06,2.72831487939118e-07,1.5141654316165356e-09,0.0,0.0,0.0,7.620586345324533e-06,6.963195489210377e-08,3.202309284015684e-06,1.4927423939730984e-07,0.0,3.922631595310631e-09,0.0,0.0,3.425138109900408e-06,8.515796530489011e-08,3.5133700034738703e-06,1.961408151919568e-07,7.532255272564983e-10,0.0,0.0,0.0,3.795422009497974e-06,1.107460077528217e-07,3.618280730853956e-06,1.7074652719546044e-07,7.54853189220877e-10,0.0,0.0,0.0,3.900528118991459e-06,1.5807514087074314e-06,1.248461491619658e-05,5.208700353442863e-07,2.7381606204486912e-08,0.0,0.0,0.0,1.4613617966452783e-05,5.171703071500525e-06,2.9674406917550268e-05,1.678463067344776e-07,5.2089940792957735e-08,0.0,0.0,0.0,3.506604623657823e-05,0.0,2.8495112664517788e-05,4.734750819938053e-07,1.368590740294628e-09,0.0,0.0,0.0,2.896995633725189e-05,1.404878125455929e-07,5.547456121514189e-06,1.6916825089145768e-07,0.0,0.0,0.0,0.0,5.85711218495124e-06,9.05564971128492e-09,2.189207219131425e-09,0.0,0.0,0.0,0.0,0.0,1.1244856930416346e-08,0.0,0.0,0.0,0.0,0.0,0.0,0.0,0.0,0.0,0.0,0.0,0.0,0.0,0.0,0.0,0.0,0.0,0.0,0.0,0.0,0.0,0.0,0.0,0.0,0.0,0.0,0.0,0.0,0.0,0.0,0.0,0.0,0.0,0.0,0.0,0.0,0.0,0.0,0.0,0.0,0.0,0.0,0.0,0.0,0.0,0.0,0.0,0.0
0_01416,8.351493901043663e-08,2.5171679251299605e-06,1.989980665470747e-07,1.523110993967437e-09,0.0,0.0,0.0,2.801204041681439e-06,8.27740140190416e-08,7.224959804012986e-07,4.4467108295985734e-07,0.0,0.0,0.0,0.0,1.2499410773801976e-06,8.72390543975553e-08,8.340689375834482e-08,2.364504997869869e-07,0.0,0.0,0.0,0.0,4.07096447942887e-07,7.039481263038792e-08,0.0,0.0,0.0,0.0,0.0,0.0,7.039481263038792e-08,2.0772426264616943e-08,2.202555352478061e-07,5.6628792178998096e-08,1.6128134488463928e-10,0.0,0.0,0.0,2.978180350363057e-07,2.4070756476022853e-07,3.387172449628259e-06,1.723956039110563e-06,1.4096500702459329e-08,0.0,0.0,8.364506079613157e-08,5.449577614997642e-06,0.0,0.0,1.7022412339276065e-07,0.0,0.0,0.0,0.0,1.7022412339276065e-07,1.3805263755463588e-07,2.209199953940267e-06,1.6826482302509e-07,2.5470457411666872e-09,0.0,0.0,0.0,2.51806446026116e-06,2.0759658610482985e-08,7.92218237876738e-07,1.669990647746762e-07,0.0,0.0,0.0,0.0,9.799769612618972e-07,6.649926556348643e-10,9.791821078607541e-08,1.4958269959551328e-07,5.1187393846195625e-08,0.0,0.0,0.0,2.993532968834192e-07,1.0203539985771512e-07,2.5579953811491743e-06,1.989980665470747e-07,1.523110993967437e-09,0.0,0.0,1.852271297707003e-08,2.879074671525002e-06,2.9070874942251225e-08,5.989782919519677e-06,1.927348437112201e-07,0.0,0.0,0.0,0.0,6.211588638173148e-06,6.387507646912027e-08,2.4748463925079497e-06,1.443251145484939e-07,0.0,2.4687312415813404e-09,0.0,0.0,2.685515314767145e-06,1.004187739983748e-07,2.357140966999834e-06,1.803033115579166e-07,1.520901903960409e-09,0.0,0.0,0.0,2.639383954460086e-06,8.350637670890565e-08,2.5167796583881345e-06,1.98968965158886e-07,1.5228803680993915e-09,0.0,0.0,0.0,2.800777880624025e-06,1.4157525674068111e-06,1.030075319290125e-05,4.347400595152835e-07,1.3936720696626509e-08,0.0,0.0,0.0,1.2165182540519971e-05,5.339188636052169e-06,2.598470530178931e-05,1.2354148915444313e-07,4.791444324096773e-08,0.0,0.0,0.0,3.1495349870236883e-05,0.0,2.560155235694718e-05,4.037887864090215e-07,2.2345816663333912e-08,0.0,0.0,0.0,2.602768696001953e-05,1.475623032194028e-07,5.043474856012721e-06,1.151443075011918e-07,0.0,2.2389826129094782e-09,0.0,0.0,5.308420449346226e-06,1.931673355230054e-09,7.237695324702691e-10,0.0,0.0,0.0,0.0,0.0,2.6554428877003237e-09,0.0,0.0,0.0,0.0,0.0,0.0,0.0,0.0,0.0,0.0,0.0,0.0,0.0,0.0,0.0,0.0,0.0,0.0,0.0,0.0,0.0,0.0,0.0,0.0,0.0,0.0,0.0,0.0,0.0,0.0,0.0,0.0,0.0,0.0,0.0,0.0,0.0,0.0,0.0,0.0,0.0,0.0,0.0,0.0,0.0,0.0,0.0,0.0
0_01581,6.292791957230529e-08,1.6928109426323472e-06,1.6922402460024089e-07,1.6202165347846607e-10,0.0,0.0,0.0,1.925124908458372e-06,4.154291876251673e-08,4.893574623071625e-07,3.846806370276976e-07,0.0,0.0,0.0,0.0,9.15581018097377e-07,2.2239494662312952e-08,3.7997728824606334e-08,1.5272272915210497e-07,0.0,0.0,0.0,0.0,2.129599526390243e-07,1.6937111461164127e-08,0.0,0.0,0.0,0.0,0.0,0.0,1.6937111461164127e-08,5.108122267105139e-09,4.4735661185172585e-08,1.0235714149979457e-07,6.479791714491818e-10,0.0,0.0,0.0,1.5284890412352148e-07,1.6298658174884281e-07,2.2532814055568503e-06,1.87198832841158e-06,4.0748192282879163e-08,0.0,0.0,5.346718786166221e-08,4.382471695861814e-06,2.6685947065057073e-09,0.0,1.5962046415070321e-07,0.0,0.0,0.0,0.0,1.6228905885720897e-07,8.22671384754408e-08,1.0766883330744306e-06,1.7003943304586544e-07,1.5654657945956127e-09,0.0,0.0,0.0,1.3305603703903323e-06,4.669785927400708e-09,4.938574565565055e-07,1.662306328913095e-07,1.0302100368120604e-08,0.0,0.0,0.0,6.750599757433363e-07,1.1271259853699503e-09,4.313367079518115e-08,1.6089332999816325e-07,6.993082198722695e-08,0.0,0.0,0.0,2.750849487659413e-07,6.292791957230529e-08,1.744116629566762e-06,1.6922402460024089e-07,1.6202165347846607e-10,0.0,0.0,1.8024140879009346e-08,1.9944547362717966e-06,2.5942432296888973e-08,4.841028126846779e-06,2.228041212770562e-07,0.0,0.0,0.0,0.0,5.089774680420725e-06,4.0698664511854564e-08,1.664513039806453e-06,1.0919501402154652e-07,4.128093486335826e-09,0.0,0.0,0.0,1.8185348118261904e-06,2.9280146661469123e-08,1.5172335719907488e-06,1.733588969815115e-07,6.825698326582101e-10,0.0,0.0,0.0,1.7205551854663874e-06,6.292723363236317e-08,1.692762542412065e-06,1.6921947109313298e-07,1.6201694062470682e-10,0.0,0.0,0.0,1.9250712640781857e-06,9.685168800608438e-07,8.147155857433637e-06,3.7192198811323483e-07,2.4692552546837765e-08,0.0,0.0,0.0,9.512287278154554e-06,5.311567055804094e-06,2.2394750574988663e-05,9.491825747550068e-08,5.01061335821684e-08,0.0,0.0,0.0,2.7851342021850435e-05,0.0,2.2626402465407284e-05,3.529889002042369e-07,4.745693667414503e-08,0.0,0.0,0.0,2.3026848302285668e-05,1.5713411818619858e-07,4.679945614734284e-06,1.179619351926449e-07,4.325898999704943e-09,0.0,0.0,0.0,4.959367567112833e-06,8.98959902528257e-10,1.9977832891146801e-10,0.0,0.0,0.0,0.0,0.0,1.098738231439725e-09,0.0,0.0,0.0,0.0,0.0,0.0,0.0,0.0,0.0,0.0,0.0,0.0,0.0,0.0,0.0,0.0,0.0,0.0,0.0,0.0,0.0,0.0,0.0,0.0,0.0,0.0,0.0,0.0,0.0,0.0,0.0,0.0,0.0,0.0,0.0,0.0,0.0,0.0,0.0,0.0,0.0,0.0,0.0,0.0,0.0,0.0,0.0,0.0
0_01765,2.4041424455249533e-08,1.1395998548032494e-06,6.587408106944401e-08,0.0,0.0,0.0,0.0,1.2295153603279429e-06,1.5463364447721656e-08,4.015378731593688e-07,3.3789684860826773e-07,0.0,0.0,0.0,0.0,7.54898086215358e-07,1.2084230676018636e-08,3.3851428123515443e-08,9.390602923783373e-08,0.0,0.0,0.0,0.0,1.398416880373678e-07,1.0574784347782026e-08,0.0,0.0,0.0,0.0,0.0,0.0,1.0574784347782026e-08,9.436887389134198e-09,9.667775337212687e-09,6.251749110571135e-08,0.0,0.0,0.0,0.0,8.162215383205825e-08,6.800834505456715e-08,1.5506224202348723e-06,1.6316530682203202e-06,3.91941442475631e-08,0.0,0.0,3.919414428318794e-08,3.328672122040511e-06,0.0,0.0,9.370416847685989e-08,0.0,0.0,0.0,0.0,9.370416847685989e-08,3.860621924816116e-08,4.561205681969927e-07,4.936283463207603e-08,0.0,0.0,0.0,0.0,5.440896220772299e-07,1.3085969668497421e-08,4.3263167089963306e-07,6.386511482072879e-08,0.0,0.0,0.0,0.0,5.095827553888591e-07,0.0,6.674089446273132e-10,5.6621784514504905e-08,1.2389271321568398e-08,0.0,0.0,0.0,6.967846478070063e-08,2.4041424455249533e-08,1.1718095208804778e-06,6.587408106944401e-08,0.0,0.0,0.0,3.329144439233382e-08,1.2950164707975054e-06,6.341897454091035e-09,3.966248194683336e-06,1.667328599338939e-07,8.485048580146201e-10,0.0,0.0,0.0,4.140171456929335e-06,2.6581032497777852e-08,1.2877685962270484e-06,1.1883429151769713e-07,0.0,0.0,0.0,0.0,1.4331839202425231e-06,2.4742854050146417e-08,1.0371257299580566e-06,7.115447090486654e-08,0.0,0.0,0.0,0.0,1.1330230549130695e-06,2.40422622166812e-08,1.1396497255614523e-06,6.587665638705214e-08,0.0,0.0,0.0,0.0,1.2295686441651858e-06,7.112172816335152e-07,6.354072795534059e-06,3.68162811689433e-07,8.74405433862777e-09,0.0,0.0,0.0,7.442196943195634e-06,5.053184275748349e-06,1.88461123555161e-05,9.067322009032236e-08,1.9988726156303248e-08,0.0,0.0,0.0,2.400995857751108e-05,0.0,1.980225435542132e-05,2.991802994441996e-07,8.89116986079282e-10,0.0,0.0,0.0,2.0102323771851592e-05,1.7718334083336294e-07,4.162297009344479e-06,9.021049670279112e-08,0.0,0.0,0.0,0.0,4.429690846880632e-06,0.0,0.0,0.0,0.0,0.0,0.0,0.0,0.0,0.0,0.0,0.0,0.0,0.0,0.0,0.0,0.0,0.0,0.0,0.0,0.0,0.0,0.0,0.0,0.0,0.0,0.0,0.0,0.0,0.0,0.0,0.0,0.0,0.0,0.0,0.0,0.0,0.0,0.0,0.0,0.0,0.0,0.0,0.0,0.0,0.0,0.0,0.0,0.0,0.0,0.0,0.0,0.0,0.0,0.0,0.0,0.0
0_01971,4.481785360445381e-09,7.620410592423465e-07,1.1128574872496325e-07,0.0,0.0,0.0,0.0,8.778085933277551e-07,8.658317763081493e-09,2.99198803161408e-07,2.742141757261967e-07,0.0,0.0,0.0,0.0,5.82071296650686e-07,1.867182910611825e-08,1.3643833306369072e-08,4.601789374503415e-08,0.0,0.0,0.0,0.0,7.833355615752148e-08,3.150680677149682e-09,0.0,0.0,0.0,0.0,0.0,0.0,3.150680677149682e-09,2.814553103231104e-09,0.0,4.058448586142596e-08,0.0,0.0,0.0,0.0,4.3399038964657073e-08,1.4331539460637745e-07,9.823316055475552e-07,1.9127909042637387e-06,0.0,0.0,0.0,2.6126412742694133e-08,3.0645643171603653e-06,0.0,0.0,8.236946938845387e-08,0.0,0.0,0.0,0.0,8.236946938845387e-08,2.755290598417949e-08,1.545004240530702e-07,7.040977728032716e-08,0.0,0.0,0.0,0.0,2.524631073175768e-07,1.2393553126359563e-09,3.09397983969514e-07,9.84154783793929e-08,0.0,0.0,0.0,0.0,4.090528176615429e-07,0.0,7.01373414997707e-10,7.018105532513632e-08,2.422870691603843e-09,0.0,0.0,0.0,7.330529943173787e-08,1.4881726306022993e-08,7.936775956227588e-07,1.1128574872496325e-07,0.0,0.0,0.0,1.7079354190250443e-08,9.369244248439952e-07,8.459172941228224e-09,3.213291249717717e-06,1.6747945074270285e-07,6.021091886690326e-10,0.0,0.0,0.0,3.389831982590317e-06,1.3205484677844118e-08,8.073019071155202e-07,8.52880419715668e-08,1.1496088437629467e-09,0.0,0.0,0.0,9.06945042608694e-07,2.749192793095714e-09,6.329658599710903e-07,1.013456635340846e-07,0.0,0.0,0.0,0.0,7.370607162982706e-07,4.4809379489807594e-09,7.618940212981403e-07,1.1126500770173161e-07,0.0,0.0,0.0,0.0,8.776399669488526e-07,5.689355050130878e-07,4.81063353682543e-06,2.8659929188379016e-07,9.797773088755876e-09,0.0,0.0,0.0,5.675966106811064e-06,4.736722015508752e-06,1.5640454489920853e-05,4.133683763429148e-08,2.9747473545070013e-08,0.0,0.0,0.0,2.0448260816608963e-05,0.0,1.6947229333697136e-05,2.345454888520221e-07,7.900661226644052e-09,0.0,0.0,0.0,1.7189675483775794e-05,2.143368944231309e-07,3.777261349019233e-06,1.0671146761713536e-07,0.0,0.0,0.0,0.0,4.0983097110594985e-06,0.0,0.0,0.0,0.0,0.0,0.0,0.0,0.0,0.0,0.0,0.0,0.0,0.0,0.0,0.0,0.0,0.0,0.0,0.0,0.0,0.0,0.0,0.0,0.0,0.0,0.0,0.0,0.0,0.0,0.0,0.0,0.0,0.0,0.0,0.0,0.0,0.0,0.0,0.0,0.0,0.0,0.0,0.0,0.0,0.0,0.0,0.0,0.0,0.0,0.0,0.0,0.0,0.0,0.0,0.0,0.0
0_022,0.0,1.0297480005057654e-08,3.712746464716232e-08,0.0,0.0,0.0,0.0,4.7424944652219973e-08,0.0,0.0,1.0635763331349737e-07,0.0,0.0,0.0,0.0,1.0635763331349737e-07,0.0,6.317073890710994e-10,0.0,0.0,0.0,0.0,0.0,6.317073890710994e-10,9.571874100749338e-10,0.0,0.0,0.0,0.0,0.0,0.0,9.571874100749338e-10,0.0,0.0,2.573715887889193e-08,0.0,0.0,0.0,0.0,2.5737158878891932e-08,2.573715887889193e-08,7.72114766366758e-08,1.904549757038003e-06,1.2868579439445966e-08,0.0,0.0,1.2868579439445966e-08,2.0332355514324626e-06,0.0,0.0,4.570070813626007e-08,0.0,0.0,0.0,0.0,4.570070813626007e-08,0.0,0.0,4.5914357905688114e-08,0.0,0.0,0.0,0.0,4.5914357905688114e-08,0.0,0.0,5.51624063608636e-08,0.0,0.0,0.0,0.0,5.51624063608636e-08,0.0,0.0,6.507718961248148e-08,0.0,0.0,0.0,0.0,6.507718961248148e-08,2.8740531675629268e-08,7.880707629260177e-08,3.712746464716232e-08,0.0,0.0,0.0,1.4370265837814635e-08,1.59045338453208e-07,0.0,8.261672236481005e-08,9.524397414527917e-08,0.0,0.0,0.0,0.0,1.778606965100892e-07,0.0,0.0,6.511804688975792e-08,0.0,0.0,0.0,0.0,6.511804688975792e-08,0.0,0.0,1.9140865717786512e-08,0.0,0.0,0.0,0.0,1.9140865717786512e-08,0.0,1.0297903303367816e-08,3.7131784658973874e-08,0.0,0.0,0.0,0.0,4.7429687962341684e-08,0.0,5.475870347596523e-08,2.1044958301584654e-07,0.0,0.0,0.0,0.0,2.6520828649181185e-07,0.0,3.094793021453659e-07,6.638014501350246e-08,0.0,0.0,0.0,0.0,3.758594471588683e-07,0.0,4.988147586681135e-07,1.804288828504749e-07,0.0,0.0,0.0,0.0,6.792436415185884e-07,0.0,5.796973864968572e-09,8.060645570092345e-08,0.0,0.0,0.0,0.0,8.640342956589202e-08,0.0,0.0,0.0,0.0,0.0,0.0,0.0,0.0,0.0,0.0,0.0,0.0,0.0,0.0,0.0,0.0,0.0,0.0,0.0,0.0,0.0,0.0,0.0,0.0,0.0,0.0,0.0,0.0,0.0,0.0,0.0,0.0,0.0,0.0,0.0,0.0,0.0,0.0,0.0,0.0,0.0,0.0,0.0,0.0,0.0,0.0,0.0,0.0,0.0,0.0,0.0,0.0,0.0,0.0,0.0,0.0
0_0244,0.0,0.0,1.8086110033522112e-08,0.0,0.0,0.0,0.0,1.8086110033522112e-08,0.0,0.0,4.8066035193512243e-08,0.0,0.0,0.0,0.0,4.8066035193512243e-08,0.0,0.0,0.0,0.0,0.0,0.0,0.0,0.0,0.0,0.0,0.0,0.0,0.0,0.0,0.0,0.0,0.0,0.0,0.0,0.0,0.0,0.0,0.0,0.0,3.86057383183379e-08,5.1474317757783865e-08,1.582835271051854e-06,2.5737158878891932e-08,0.0,0.0,2.573715887889193e-08,1.7243896448857596e-06,0.0,0.0,2.2040394981798444e-08,0.0,0.0,0.0,0.0,2.2040394981798444e-08,0.0,0.0,1.5114544173613998e-08,0.0,0.0,0.0,0.0,1.5114544173613998e-08,0.0,0.0,2.1930034468660057e-08,0.0,0.0,0.0,0.0,2.1930034468660057e-08,0.0,0.0,4.74098059536477e-10,0.0,0.0,0.0,0.0,4.74098059536477e-10,1.4379733500588636e-08,2.8540327552474425e-08,1.8086110033522112e-08,0.0,0.0,0.0,0.0,6.100617108658516e-08,0.0,8.874093455441305e-08,5.1209849357509103e-08,6.493903562250681e-09,0.0,0.0,0.0,1.4644468747417284e-07,0.0,0.0,2.050480308645567e-08,0.0,0.0,0.0,0.0,2.050480308645567e-08,0.0,0.0,9.001978060233715e-09,0.0,0.0,0.0,0.0,9.001978060233715e-09,0.0,0.0,1.809706753261829e-08,0.0,0.0,0.0,0.0,1.8097067532618292e-08,0.0,2.918382546402432e-08,1.2116297077555828e-07,0.0,0.0,0.0,0.0,1.5034679623958257e-07,0.0,2.0723866449746e-07,3.58953688500392e-08,0.0,0.0,0.0,0.0,2.431340333474992e-07,0.0,4.667894227128721e-07,9.761817295172248e-08,0.0,0.0,0.0,0.0,5.644075956645946e-07,0.0,5.987220498836163e-08,7.357387366581056e-08,0.0,0.0,0.0,0.0,1.3344607865417213e-07,0.0,0.0,0.0,0.0,0.0,0.0,0.0,0.0,0.0,0.0,0.0,0.0,0.0,0.0,0.0,0.0,0.0,0.0,0.0,0.0,0.0,0.0,0.0,0.0,0.0,0.0,0.0,0.0,0.0,0.0,0.0,0.0,0.0,0.0,0.0,0.0,0.0,0.0,0.0,0.0,0.0,0.0,0.0,0.0,0.0,0.0,0.0,0.0,0.0,0.0,0.0,0.0,0.0,0.0,0.0,0.0
0_02705,0.0,3.94889492092498e-10,0.0,0.0,0.0,0.0,0.0,3.94889492092498e-10,0.0,0.0,7.962128105617731e-09,0.0,0.0,0.0,0.0,7.962128105617731e-09,0.0,0.0,0.0,0.0,0.0,0.0,0.0,0.0,0.0,0.0,0.0,0.0,0.0,0.0,0.0,0.0,0.0,0.0,0.0,0.0,0.0,0.0,0.0,0.0,5.1474317757783865e-08,2.5737158878891932e-08,8.621948224428798e-07,2.5737158878891932e-08,0.0,0.0,0.0,9.651434579584475e-07,0.0,0.0,0.0,0.0,0.0,0.0,0.0,0.0,0.0,0.0,0.0,0.0,0.0,0.0,0.0,0.0,0.0,0.0,0.0,0.0,0.0,0.0,0.0,0.0,0.0,0.0,0.0,0.0,0.0,0.0,0.0,0.0,0.0,1.3937813118653461e-08,0.0,0.0,0.0,0.0,0.0,1.3937813118653461e-08,0.0,8.985116510503255e-08,2.4636426245677423e-08,1.3581027631662042e-09,0.0,0.0,0.0,1.1584569411387617e-07,1.3678016383637299e-09,7.68264071755924e-10,2.1632182693218543e-08,0.0,0.0,0.0,0.0,2.37682484033382e-08,0.0,3.949658735314383e-10,0.0,2.7809239175692847e-09,0.0,0.0,0.0,3.175889791100723e-09,0.0,3.9504522980436366e-10,0.0,0.0,0.0,0.0,0.0,3.9504522980436366e-10,0.0,3.116128217158423e-08,1.1569807948899306e-07,0.0,0.0,0.0,0.0,1.468593616605773e-07,0.0,1.7387796257339169e-07,4.8859047425174944e-08,1.3951011161613711e-08,0.0,0.0,0.0,2.3668802116018026e-07,0.0,2.993605436767604e-07,3.762368267377311e-08,7.643858681131871e-10,0.0,0.0,0.0,3.377486122186467e-07,0.0,3.4818902824691074e-08,8.05201833356433e-08,0.0,0.0,0.0,0.0,1.1533908616033433e-07,0.0,0.0,0.0,0.0,0.0,0.0,0.0,0.0,0.0,0.0,0.0,0.0,0.0,0.0,0.0,0.0,0.0,0.0,0.0,0.0,0.0,0.0,0.0,0.0,0.0,0.0,0.0,0.0,0.0,0.0,0.0,0.0,0.0,0.0,0.0,0.0,0.0,0.0,0.0,0.0,0.0,0.0,0.0,0.0,0.0,0.0,0.0,0.0,0.0,0.0,0.0,0.0,0.0,0.0,0.0,0.0
0_03,8.008279830302086e-10,0.0,1.0125815156154817e-08,0.0,0.0,0.0,0.0,1.0926643139185024e-08,0.0,0.0,0.0,0.0,0.0,0.0,0.0,0.0,0.0,0.0,0.0,0.0,0.0,0.0,0.0,0.0,0.0,0.0,0.0,0.0,0.0,0.0,0.0,0.0,1.2868579439445966e-08,0.0,0.0,0.0,0.0,0.0,0.0,1.2868579439445966e-08,3.86057383183379e-08,1.2868579439445966e-08,4.375317009411629e-07,0.0,0.0,0.0,0.0,4.890060186989467e-07,0.0,0.0,5.951690753352883e-10,0.0,0.0,0.0,0.0,5.951690753352883e-10,7.359710268968258e-10,0.0,1.186273029582062e-08,0.0,0.0,0.0,0.0,1.2598701322717443e-08,0.0,5.608513105753785e-10,2.5339618601235806e-10,0.0,0.0,0.0,0.0,8.14247496587736e-10,0.0,5.28866743198461e-10,9.46937030921573e-10,0.0,0.0,0.0,0.0,1.475803774120034e-09,2.3519061380265644e-09,1.4863270753478253e-08,1.0125815156154817e-08,0.0,0.0,0.0,0.0,2.7340992047659653e-08,0.0,6.908162425825482e-08,1.3517394700265478e-08,0.0,0.0,0.0,0.0,8.25990189585203e-08,0.0,0.0,0.0,0.0,0.0,0.0,0.0,0.0,8.010540797783685e-10,0.0,1.0127049531024125e-08,0.0,0.0,0.0,0.0,1.0928103610802494e-08,8.007225075073745e-10,0.0,1.0125239191233616e-08,0.0,0.0,0.0,0.0,1.0925961698740992e-08,0.0,1.0967473682224403e-08,4.602617165852163e-08,0.0,0.0,0.0,0.0,5.6993645340746025e-08,0.0,5.6381888059690735e-08,2.4319105528911143e-08,0.0,0.0,0.0,0.0,8.070099358860186e-08,1.765966677660126e-09,2.0077243037454242e-07,1.0308563232813996e-08,0.0,0.0,0.0,0.0,2.128469602850165e-07,0.0,2.2095018622255493e-08,5.7066833073155344e-08,0.0,0.0,0.0,0.0,7.91618516954108e-08,0.0,0.0,0.0,0.0,0.0,0.0,0.0,0.0,0.0,0.0,0.0,0.0,0.0,0.0,0.0,0.0,0.0,0.0,0.0,0.0,0.0,0.0,0.0,0.0,0.0,0.0,0.0,0.0,0.0,0.0,0.0,0.0,0.0,0.0,0.0,0.0,0.0,0.0,0.0,0.0,0.0,0.0,0.0,0.0,0.0,0.0,0.0,0.0,0.0,0.0,0.0,0.0,0.0,0.0,0.0,0.0
