Z_i,A channel V  [Msun^{-1}],A channel I  [Msun^{-1}],A channel II  [Msun^{-1}],A channel III  [Msun^{-1}],A channel IV  [Msun^{-1}],A channel VI  [Msun^{-1}],A channel VII  [Msun^{-1}],A All  [Msun^{-1}],B channel V  [Msun^{-1}],B channel I  [Msun^{-1}],B channel II  [Msun^{-1}],B channel III  [Msun^{-1}],B channel IV  [Msun^{-1}],B channel VI  [Msun^{-1}],B channel VII  [Msun^{-1}],B All  [Msun^{-1}],C channel V  [Msun^{-1}],C channel I  [Msun^{-1}],C channel II  [Msun^{-1}],C channel III  [Msun^{-1}],C channel IV  [Msun^{-1}],C channel VI  [Msun^{-1}],C channel VII  [Msun^{-1}],C All  [Msun^{-1}],D channel V  [Msun^{-1}],D channel I  [Msun^{-1}],D channel II  [Msun^{-1}],D channel III  [Msun^{-1}],D channel IV  [Msun^{-1}],D channel VI  [Msun^{-1}],D channel VII  [Msun^{-1}],D All  [Msun^{-1}],E channel V  [Msun^{-1}],E channel I  [Msun^{-1}],E channel II  [Msun^{-1}],E channel III  [Msun^{-1}],E channel IV  [Msun^{-1}],E channel VI  [Msun^{-1}],E channel VII  [Msun^{-1}],E All  [Msun^{-1}],F channel V  [Msun^{-1}],F channel I  [Msun^{-1}],F channel II  [Msun^{-1}],F channel III  [Msun^{-1}],F channel IV  [Msun^{-1}],F channel VI  [Msun^{-1}],F channel VII  [Msun^{-1}],F All  [Msun^{-1}],G channel V  [Msun^{-1}],G channel I  [Msun^{-1}],G channel II  [Msun^{-1}],G channel III  [Msun^{-1}],G channel IV  [Msun^{-1}],G channel VI  [Msun^{-1}],G channel VII  [Msun^{-1}],G All  [Msun^{-1}],H channel V  [Msun^{-1}],H channel I  [Msun^{-1}],H channel II  [Msun^{-1}],H channel III  [Msun^{-1}],H channel IV  [Msun^{-1}],H channel VI  [Msun^{-1}],H channel VII  [Msun^{-1}],H All  [Msun^{-1}],I channel V  [Msun^{-1}],I channel I  [Msun^{-1}],I channel II  [Msun^{-1}],I channel III  [Msun^{-1}],I channel IV  [Msun^{-1}],I channel VI  [Msun^{-1}],I channel VII  [Msun^{-1}],I All  [Msun^{-1}],J channel V  [Msun^{-1}],J channel I  [Msun^{-1}],J channel II  [Msun^{-1}],J channel III  [Msun^{-1}],J channel IV  [Msun^{-1}],J channel VI  [Msun^{-1}],J channel VII  [Msun^{-1}],J All  [Msun^{-1}],K channel V  [Msun^{-1}],K channel I  [Msun^{-1}],K channel II  [Msun^{-1}],K channel III  [Msun^{-1}],K channel IV  [Msun^{-1}],K channel VI  [Msun^{-1}],K channel VII  [Msun^{-1}],K All  [Msun^{-1}],L channel V  [Msun^{-1}],L channel I  [Msun^{-1}],L channel II  [Msun^{-1}],L channel III  [Msun^{-1}],L channel IV  [Msun^{-1}],L channel VI  [Msun^{-1}],L channel VII  [Msun^{-1}],L All  [Msun^{-1}],M channel V  [Msun^{-1}],M channel I  [Msun^{-1}],M channel II  [Msun^{-1}],M channel III  [Msun^{-1}],M channel IV  [Msun^{-1}],M channel VI  [Msun^{-1}],M channel VII  [Msun^{-1}],M All  [Msun^{-1}],N channel V  [Msun^{-1}],N channel I  [Msun^{-1}],N channel II  [Msun^{-1}],N channel III  [Msun^{-1}],N channel IV  [Msun^{-1}],N channel VI  [Msun^{-1}],N channel VII  [Msun^{-1}],N All  [Msun^{-1}],O channel V  [Msun^{-1}],O channel I  [Msun^{-1}],O channel II  [Msun^{-1}],O channel III  [Msun^{-1}],O channel IV  [Msun^{-1}],O channel VI  [Msun^{-1}],O channel VII  [Msun^{-1}],O All  [Msun^{-1}],P channel V  [Msun^{-1}],P channel I  [Msun^{-1}],P channel II  [Msun^{-1}],P channel III  [Msun^{-1}],P channel IV  [Msun^{-1}],P channel VI  [Msun^{-1}],P channel VII  [Msun^{-1}],P All  [Msun^{-1}],Q channel V  [Msun^{-1}],Q channel I  [Msun^{-1}],Q channel II  [Msun^{-1}],Q channel III  [Msun^{-1}],Q channel IV  [Msun^{-1}],Q channel VI  [Msun^{-1}],Q channel VII  [Msun^{-1}],Q All  [Msun^{-1}],R channel V  [Msun^{-1}],R channel I  [Msun^{-1}],R channel II  [Msun^{-1}],R channel III  [Msun^{-1}],R channel IV  [Msun^{-1}],R channel VI  [Msun^{-1}],R channel VII  [Msun^{-1}],R All  [Msun^{-1}],S channel V  [Msun^{-1}],S channel I  [Msun^{-1}],S channel II  [Msun^{-1}],S channel III  [Msun^{-1}],S channel IV  [Msun^{-1}],S channel VI  [Msun^{-1}],S channel VII  [Msun^{-1}],S All  [Msun^{-1}],T channel V  [Msun^{-1}],T channel I  [Msun^{-1}],T channel II  [Msun^{-1}],T channel III  [Msun^{-1}],T channel IV  [Msun^{-1}],T channel VI  [Msun^{-1}],T channel VII  [Msun^{-1}],T All  [Msun^{-1}],U channel V  [Msun^{-1}],U channel I  [Msun^{-1}],U channel II  [Msun^{-1}],U channel III  [Msun^{-1}],U channel IV  [Msun^{-1}],U channel VI  [Msun^{-1}],U channel VII  [Msun^{-1}],U All  [Msun^{-1}],V channel V  [Msun^{-1}],V channel I  [Msun^{-1}],V channel II  [Msun^{-1}],V channel III  [Msun^{-1}],V channel IV  [Msun^{-1}],V channel VI  [Msun^{-1}],V channel VII  [Msun^{-1}],V All  [Msun^{-1}],W channel V  [Msun^{-1}],W channel I  [Msun^{-1}],W channel II  [Msun^{-1}],W channel III  [Msun^{-1}],W channel IV  [Msun^{-1}],W channel VI  [Msun^{-1}],W channel VII  [Msun^{-1}],W All  [Msun^{-1}],X channel V  [Msun^{-1}],X channel I  [Msun^{-1}],X channel II  [Msun^{-1}],X channel III  [Msun^{-1}],X channel IV  [Msun^{-1}],X channel VI  [Msun^{-1}],X channel VII  [Msun^{-1}],X All  [Msun^{-1}],Y channel V  [Msun^{-1}],Y channel I  [Msun^{-1}],Y channel II  [Msun^{-1}],Y channel III  [Msun^{-1}],Y channel IV  [Msun^{-1}],Y channel VI  [Msun^{-1}],Y channel VII  [Msun^{-1}],Y All  [Msun^{-1}],Z channel V  [Msun^{-1}],Z channel I  [Msun^{-1}],Z channel II  [Msun^{-1}],Z channel III  [Msun^{-1}],Z channel IV  [Msun^{-1}],Z channel VI  [Msun^{-1}],Z channel VII  [Msun^{-1}],Z All  [Msun^{-1}]
0_0001,4.23306014388296e-06,2.097512963406164e-05,1.9203944483809635e-05,1.6630362714312996e-07,9.370501589190764e-07,0.0,7.389028136158634e-08,4.558937832917803e-05,4.436218495221592e-06,4.062762092698337e-05,1.308336976426863e-06,4.146862290922342e-08,0.0,0.0,3.4583227428117554e-06,4.98719677643528e-05,5.098536063299538e-06,2.9791768600995e-05,5.544802701103205e-06,1.4831092187000233e-07,0.0,0.0,1.974208377751911e-06,4.255762666501964e-05,4.445109302084282e-06,2.037415067692778e-05,1.709745338750921e-05,2.359379590633271e-07,0.0,0.0,5.746830719131207e-07,4.272733439749772e-05,4.084450527674251e-06,2.0704614046651783e-05,1.912731707956073e-05,1.804429666968875e-07,7.972887913317714e-07,0.0,6.196387586196503e-08,4.495607728777738e-05,4.086349990654907e-06,2.383214042565836e-05,1.914810667115553e-05,1.8363378441180865e-07,8.237357047480813e-07,0.0,6.973699233746912e-07,4.877133650000338e-05,1.1552814017941594e-06,4.270367564593059e-06,1.9118407012232547e-05,0.0,0.0,0.0,1.4891508840889161e-08,2.4558947487460656e-05,3.394922898815538e-06,1.4785279626225258e-05,1.9353777346637427e-05,2.829381314691947e-07,1.0496399944238828e-07,0.0,1.3983158271397174e-08,3.793586516086121e-05,3.694221898234277e-06,2.4218624607851827e-05,1.89910512709301e-05,3.6476256217472975e-06,7.199522518732924e-06,0.0,1.3745932726803906e-07,5.7888505244764455e-05,4.25004249965994e-07,1.1431637793844173e-05,1.87890675795527e-05,6.058621491878965e-06,5.530417996651257e-06,0.0,1.4646373511070368e-07,4.23812128470038e-05,4.239003637639293e-06,2.378756437910841e-05,1.9203944483809635e-05,1.6630362714312996e-07,9.370501589190764e-07,0.0,6.901237390199271e-07,4.902399002563948e-05,4.011517697494119e-06,2.128324095155405e-05,1.900769332537094e-05,8.535924126146879e-08,9.258601520874486e-07,0.0,1.4031090154847556e-08,4.532770245792288e-05,4.146047447191615e-06,2.1287957578131577e-05,1.9089087713976635e-05,3.20876252783173e-07,1.01219891167594e-06,0.0,1.5443708861723444e-07,4.601060499237617e-05,4.1714860563580044e-06,2.068604387149563e-05,1.917048273945284e-05,1.530316272892501e-07,8.793802755671326e-07,0.0,3.20983645454408e-08,4.509252293470829e-05,4.447758654098087e-06,2.200676923809501e-05,2.39348842049546e-05,1.5917356044002158e-07,9.404723744449448e-07,0.0,7.29410156719995e-08,5.156199904770466e-05,5.234830619010041e-06,2.2223872964612765e-05,1.869445067870146e-05,5.1182618514638193e-08,1.03498264696777e-06,0.0,3.12591997403731e-07,4.75519115252104e-05,5.6230372004962855e-06,2.3472689306795228e-05,1.827056025920313e-05,4.671223929077681e-09,1.0855392406109349e-06,0.0,5.854951562364239e-07,4.9041992387271074e-05,3.82673708783455e-06,2.3665190602231865e-05,1.832305479406594e-05,3.1084680399531382e-09,1.0367365869040826e-06,0.0,8.62356362197534e-07,4.771718390127392e-05,4.114241545143921e-06,2.080529858138904e-05,1.887626966328764e-05,2.778527486409806e-07,9.218384155805812e-07,0.0,7.334956838055054e-08,4.506885052242273e-05,4.279499504662485e-06,2.222711021399012e-05,2.0192469128010363e-05,2.845186864626001e-07,9.226000724006904e-07,0.0,5.311490205420947e-08,4.795931250758048e-05,0.0,0.0,0.0,0.0,0.0,0.0,0.0,0.0,0.0,0.0,0.0,0.0,0.0,0.0,0.0,0.0,0.0,0.0,0.0,0.0,0.0,0.0,0.0,0.0,0.0,0.0,0.0,0.0,0.0,0.0,0.0,0.0,0.0,0.0,0.0,0.0,0.0,0.0,0.0,0.0,0.0,0.0,0.0,0.0,0.0,0.0,0.0,0.0
0_00011,3.96214652816254e-06,2.281681941923393e-05,1.870432915220566e-05,2.261769259495149e-07,9.545706594892345e-07,0.0,8.023618546150521e-08,4.674427887050239e-05,4.112722992153252e-06,4.06042329880267e-05,1.336977626132814e-06,4.5998010170564526e-08,0.0,0.0,3.793655609265563e-06,4.9893587225748894e-05,4.302583927822729e-06,3.0815851526187096e-05,5.318230982916189e-06,1.6838751555181685e-07,0.0,0.0,2.381115728676178e-06,4.2986169681154006e-05,4.211867950772347e-06,2.163845947808956e-05,1.645757711881901e-05,1.6927213925262129e-07,0.0,0.0,6.838719717957153e-07,4.316104865872925e-05,4.004142425361507e-06,2.2750638963987542e-05,1.879184650188689e-05,2.335396940881012e-07,8.108889448553963e-07,0.0,9.220135931838837e-08,4.668325788949784e-05,4.01527137030756e-06,2.6543151802024845e-05,1.881637144582406e-05,2.3680251245781946e-07,8.418571900798234e-07,0.0,8.31367149736778e-07,5.128482147043088e-05,2.140031723701269e-06,2.8884885817947803e-06,1.8605708661101967e-05,0.0,0.0,0.0,2.5080449681142264e-08,2.3659309416279163e-05,3.90826890392183e-06,1.562913392471914e-05,1.876195863888468e-05,2.404239289054337e-07,5.8912210990044884e-08,0.0,3.914134636615219e-08,3.863783895378726e-05,3.265474097110617e-06,2.4959846604704817e-05,1.8775863561273443e-05,3.261340075273432e-06,7.501125168329419e-06,0.0,9.894353171130969e-08,5.786259303840302e-05,3.389928931770234e-07,9.541499234117158e-06,1.873671645799637e-05,5.481538181610851e-06,5.241336052758578e-06,0.0,1.2321564787501153e-07,3.946329846753498e-05,3.969524082627929e-06,2.6213372966333457e-05,1.870432915220566e-05,2.261769259495149e-07,9.545706594892345e-07,0.0,8.135553432777608e-07,5.088152912988356e-05,3.892595203536093e-06,2.362081994830546e-05,1.8315565364505425e-05,1.46151884553673e-07,9.66098410515626e-07,0.0,2.54761624101742e-08,4.696670697382645e-05,4.1287995840603184e-06,2.319161072901809e-05,1.874373899914453e-05,3.802620145374229e-07,1.0476415554701105e-06,0.0,1.799845376583616e-07,4.767203741988885e-05,3.932379557826521e-06,2.244212974057519e-05,1.8616911719805937e-05,1.960309184081673e-07,8.702666456030991e-07,0.0,3.3858550989281934e-08,4.609157713320821e-05,4.28132026378585e-06,2.388349344172896e-05,2.310856016316063e-05,2.0617371116363789e-07,9.259678832395652e-07,0.0,6.917720856584134e-08,5.247469267164448e-05,5.052059432844972e-06,2.4604881797721257e-05,1.8100538354053163e-05,7.33592170709542e-08,1.0256018563209983e-06,0.0,2.850391167740979e-07,4.914147977478545e-05,5.594875881652184e-06,2.5892726884309862e-05,1.7849444573123962e-05,3.928291406640013e-08,1.0762775146436058e-06,0.0,5.498733094759659e-07,5.100248107727199e-05,3.659561546580688e-06,2.6457732150216147e-05,1.7845271623791174e-05,3.2601070451745016e-08,1.0696343464049776e-06,0.0,8.915101938531119e-07,4.995631093129785e-05,4.018448180187316e-06,2.2558509968339502e-05,1.824677299163102e-05,2.1371894320110573e-07,9.9026340151264e-07,0.0,1.106427810422452e-07,4.613835626591383e-05,4.035415517058404e-06,2.411093780726629e-05,1.9562065229774e-05,2.7093868781875826e-07,9.85165518211097e-07,0.0,2.875026455101083e-08,4.899327302467956e-05,0.0,0.0,0.0,0.0,0.0,0.0,0.0,0.0,0.0,0.0,0.0,0.0,0.0,0.0,0.0,0.0,0.0,0.0,0.0,0.0,0.0,0.0,0.0,0.0,0.0,0.0,0.0,0.0,0.0,0.0,0.0,0.0,0.0,0.0,0.0,0.0,0.0,0.0,0.0,0.0,0.0,0.0,0.0,0.0,0.0,0.0,0.0,0.0
0_00012,4.372549161587396e-06,2.3433170083500145e-05,1.828862865934421e-05,2.6025335069408256e-07,9.458816748671384e-07,0.0,6.368981034939869e-08,4.736417274034237e-05,4.667950870714238e-06,4.023430432012706e-05,1.3444502071506373e-06,7.113198810607065e-08,0.0,0.0,3.899537504681073e-06,5.021737489077909e-05,4.629412450767395e-06,3.0748070434973966e-05,5.127813510718297e-06,1.4751102911127824e-07,0.0,0.0,2.5038779006132715e-06,4.3156685326184194e-05,4.51515105034027e-06,2.176525839800256e-05,1.5663585376321057e-05,2.433593559788329e-07,0.0,0.0,7.420986466181082e-07,4.2929452827260825e-05,4.323382910216552e-06,2.3363850563902032e-05,1.8284389522455205e-05,2.324587984006198e-07,7.729228411200218e-07,0.0,5.6508824972484486e-08,4.703351346106691e-05,4.331681300253881e-06,2.750251472018932e-05,1.830142095576737e-05,2.33708802792008e-07,7.986966738075737e-07,0.0,8.723927482004945e-07,5.204041520101064e-05,3.081909910257231e-06,1.1913900839973606e-06,1.8253387052415667e-05,0.0,0.0,0.0,3.634201266708552e-08,2.256302905933734e-05,5.400289184370591e-06,1.4681588171972536e-05,1.844180460556392e-05,1.875699223947543e-07,7.55073458289168e-08,0.0,4.462617278793318e-08,3.8831385402918646e-05,3.1680452082399336e-06,2.465693739522012e-05,1.846504805653521e-05,3.231901907000116e-06,7.56909032543282e-06,0.0,7.247006187948845e-08,5.716349295430767e-05,2.4501610157849825e-07,8.211209696603724e-06,1.8556511662181977e-05,5.014170403733796e-06,5.043912238730854e-06,0.0,8.925119358509205e-08,3.716007129641394e-05,4.384098623952022e-06,2.728781788717342e-05,1.828862865934421e-05,2.6025335069408256e-07,9.458816748671384e-07,0.0,8.469568616621894e-07,5.201363705769306e-05,4.147950125384803e-06,2.4293634336059712e-05,1.808394418788366e-05,5.720162301457889e-08,9.697590018088515e-07,0.0,3.631417116903846e-08,4.758880344532064e-05,4.290325386977038e-06,2.395038524315509e-05,1.8433329459314628e-05,3.4742598796702785e-07,1.027561283462326e-06,0.0,1.843034368530765e-07,4.823333079772918e-05,4.352500779644221e-06,2.311537413827728e-05,1.8270763232023985e-05,1.9270922710951565e-07,9.001377517629002e-07,0.0,3.4838536662256524e-08,4.686632366548016e-05,4.449210972218364e-06,2.445352730953627e-05,2.228959447777739e-05,2.269649363500596e-07,9.81736540074812e-07,0.0,7.30643116624034e-08,5.24740985476193e-05,5.538075063846386e-06,2.5547583462501107e-05,1.7837083207264682e-05,4.5508601930372224e-08,1.0510163139772998e-06,0.0,2.080474151365672e-07,5.022731406465641e-05,5.706194985107454e-06,2.69705977404806e-05,1.7128873536652432e-05,2.3673085501006056e-08,1.1039741511420816e-06,0.0,4.3315241171780933e-07,5.1366465910601375e-05,3.911750481774441e-06,2.784748964149492e-05,1.7372735621448696e-05,1.853319033620643e-08,1.0807986707470845e-06,0.0,6.918002407233926e-07,5.0923107846524754e-05,4.308035479564534e-06,2.32474617990645e-05,1.811699201696646e-05,2.584966950596195e-07,8.976733069130007e-07,0.0,8.36382721482112e-08,4.691229756971632e-05,4.372496598533624e-06,2.499580815839488e-05,1.9063229570271346e-05,2.3237060865215482e-07,9.671751582482803e-07,0.0,2.3881736521877265e-08,4.965496183062216e-05,0.0,0.0,0.0,0.0,0.0,0.0,0.0,0.0,0.0,0.0,0.0,0.0,0.0,0.0,0.0,0.0,0.0,0.0,0.0,0.0,0.0,0.0,0.0,0.0,0.0,0.0,0.0,0.0,0.0,0.0,0.0,0.0,0.0,0.0,0.0,0.0,0.0,0.0,0.0,0.0,0.0,0.0,0.0,0.0,0.0,0.0,0.0,0.0
0_00014,5.037686637876675e-06,2.3597808986481985e-05,1.7922591651100944e-05,2.021300665789018e-07,9.393738868243896e-07,0.0,5.9025749903749385e-08,4.775861697876665e-05,5.769099851377648e-06,3.905320975554332e-05,1.425486361728385e-06,2.4584978399007345e-08,0.0,0.0,3.994032261153704e-06,5.026641320820206e-05,5.496971298138791e-06,3.03981412081296e-05,5.181650350781072e-06,1.0312744096290917e-07,0.0,0.0,2.6722492289163222e-06,4.385213952692871e-05,5.212746620076905e-06,2.1435823807696106e-05,1.529237713813829e-05,2.0433432887657005e-07,0.0,0.0,7.469488780561824e-07,4.289223077284405e-05,5.055565802737046e-06,2.324959743102377e-05,1.7960980670805186e-05,2.046508519284216e-07,7.302958892651309e-07,0.0,6.625349222693552e-08,4.7267344137986486e-05,5.082240359700452e-06,2.804389067791772e-05,1.7977705500977907e-05,2.0725929211415565e-07,7.592892865490516e-07,0.0,9.312505180272114e-07,5.30016356352865e-05,2.717541856158391e-06,8.532845539702985e-07,1.7394977162510436e-05,0.0,0.0,0.0,4.9553297430094544e-08,2.1015356870069216e-05,6.538040747073946e-06,1.3189702143196606e-05,1.7889851832425585e-05,1.6591121326843026e-07,7.61567126237181e-08,0.0,5.7580417079130063e-08,3.791724306566742e-05,3.353820017358436e-06,2.419043526357038e-05,1.802128947485843e-05,2.6444209412419745e-06,7.869613419785694e-06,0.0,7.260049966962192e-08,5.615217961648454e-05,2.398545867058434e-07,6.7838412531152285e-06,1.833471301650255e-05,4.695742171539971e-06,4.930187200236344e-06,0.0,8.311311696789394e-08,3.5067451345067835e-05,5.057875774708065e-06,2.795827338084712e-05,1.7922591651100944e-05,2.021300665789018e-07,9.393738868243896e-07,0.0,9.357093184432888e-07,5.301595407850271e-05,5.034909771692882e-06,2.435379307985535e-05,1.787680064325091e-05,5.928809968050899e-08,9.539968776915108e-07,0.0,5.480668750536263e-08,4.8333595159676506e-05,5.1413498958715084e-06,2.418239117906193e-05,1.807741002080884e-05,3.095490953623611e-07,9.861495426697618e-07,0.0,2.0022000933311125e-07,4.88970697431075e-05,5.051927947212297e-06,2.2981865983862563e-05,1.789861654922099e-05,1.2668345317010928e-07,8.568221306552966e-07,0.0,5.1529203716507135e-08,4.696744526783776e-05,5.103801693187435e-06,2.4373704039479905e-05,2.030421354447409e-05,1.8554361686548733e-07,9.490772052611192e-07,0.0,2.114863735804765e-07,5.1127826472848506e-05,6.236184251659791e-06,2.6186074113567625e-05,1.7469132793692954e-05,9.342687259436584e-08,9.931971714642588e-07,0.0,1.236850596225371e-07,5.110170026260155e-05,6.846177384641367e-06,2.8157277668212985e-05,1.720141634453775e-05,2.3724512072916003e-08,1.0433870879159258e-06,0.0,2.123099432413947e-07,5.348429294062234e-05,4.771689230654551e-06,2.8737330476366924e-05,1.7209676724572956e-05,1.0357859880574114e-08,1.038263576408534e-06,0.0,3.653990367797252e-07,5.213271690466326e-05,4.989534864881776e-06,2.321258033868824e-05,1.7813860405898317e-05,2.072012728945855e-07,9.581046827457615e-07,0.0,8.318039020706466e-08,4.7264461955315736e-05,5.122014952758971e-06,2.5297651434675905e-05,1.887083718884953e-05,2.485004027787802e-07,9.204242615903828e-07,0.0,1.4157619451437149e-08,5.047358586010502e-05,0.0,0.0,0.0,0.0,0.0,0.0,0.0,0.0,0.0,0.0,0.0,0.0,0.0,0.0,0.0,0.0,0.0,0.0,0.0,0.0,0.0,0.0,0.0,0.0,0.0,0.0,0.0,0.0,0.0,0.0,0.0,0.0,0.0,0.0,0.0,0.0,0.0,0.0,0.0,0.0,0.0,0.0,0.0,0.0,0.0,0.0,0.0,0.0
0_00016,4.4806991986926985e-06,2.461146268329208e-05,1.766802419145389e-05,2.323013111965044e-07,8.934527134089788e-07,0.0,6.819843998726243e-08,4.7954138538031424e-05,5.171910896390887e-06,3.92460150907667e-05,1.4016849425740697e-06,4.928116118706494e-08,0.0,0.0,3.929470116635699e-06,4.979836220755444e-05,4.726204580380692e-06,3.115400971574642e-05,5.0149165519814576e-06,8.42920817310316e-08,0.0,0.0,2.702837588026616e-06,4.368226051786622e-05,4.598542911066587e-06,2.192345234561269e-05,1.4702660187623168e-05,1.824071540935892e-07,0.0,0.0,7.94956552972044e-07,4.220201915136808e-05,4.414894727823886e-06,2.4064297137866577e-05,1.76619625042714e-05,2.543357189690697e-07,7.251115428622725e-07,0.0,7.045671627456828e-08,4.7191058348067774e-05,4.428677633323935e-06,2.919939871402317e-05,1.7684395052409407e-05,2.543357189690697e-07,7.498311549973897e-07,0.0,9.848832997750722e-07,5.3301521573498045e-05,2.1418796135302022e-06,8.816729699599483e-07,1.6940675508561326e-05,0.0,0.0,0.0,6.552666259254009e-08,2.002975475464401e-05,6.136883515000157e-06,1.3769566264345904e-05,1.7480901634893932e-05,9.596163291395149e-08,4.640225664501804e-08,0.0,6.232134619885347e-08,3.759203664999781e-05,2.868080407064203e-06,2.447208916314271e-05,1.801188934043331e-05,2.493044988596981e-06,7.945443654485263e-06,0.0,7.322949326865348e-08,5.586377704699112e-05,2.771488966731779e-07,6.182339255418444e-06,1.7935664457485507e-05,4.538286108729605e-06,4.814011255293118e-06,0.0,9.307008971275754e-08,3.384052006331262e-05,4.495190404139676e-06,2.954226832824084e-05,1.766802419145389e-05,2.323013111965044e-07,8.934527134089788e-07,0.0,9.827860924665122e-07,5.3814023040906406e-05,4.474066512106851e-06,2.5697361144081347e-05,1.761299099832536e-05,3.942690158665872e-08,8.645029635117243e-07,0.0,6.015241131119496e-08,4.874850093092314e-05,4.580356596576292e-06,2.5229469397018872e-05,1.769760121148262e-05,2.237914315729232e-07,9.474220797653524e-07,0.0,1.624758828068002e-07,4.884111659922286e-05,4.433027888111863e-06,2.4038939000374823e-05,1.757804821559852e-05,1.5672336144077337e-07,8.330018679167966e-07,0.0,6.272414803353449e-08,4.710246448147631e-05,4.574221487140089e-06,2.527412069979397e-05,1.923796536597354e-05,1.3678942357399854e-07,8.697550665299371e-07,0.0,3.663973056517808e-07,5.0459249348663305e-05,5.913040240698619e-06,2.7614887534145424e-05,1.7395958650877897e-05,6.483123699767818e-08,9.52992203678705e-07,0.0,8.827243676079335e-08,5.20299823031591e-05,6.41110264133642e-06,2.9946077743427114e-05,1.729152166257617e-05,2.9774955814990564e-08,1.0423220933401737e-06,0.0,1.3102961731244458e-07,5.485182871380733e-05,4.313176629877173e-06,3.071817386975522e-05,1.718374786741462e-05,2.4557651553466173e-08,9.368711011726862e-07,0.0,2.1455418853107986e-07,5.339108130830426e-05,4.401778402516263e-06,2.403459792486347e-05,1.7457714182404204e-05,1.749023452201309e-07,8.930516552185753e-07,0.0,9.065613047177969e-08,4.705270064069441e-05,4.51012136664743e-06,2.661734011997926e-05,1.820576845536013e-05,2.0818638625038745e-07,8.984535366437125e-07,0.0,5.6720655377976457e-08,5.04965905202589e-05,0.0,0.0,0.0,0.0,0.0,0.0,0.0,0.0,0.0,0.0,0.0,0.0,0.0,0.0,0.0,0.0,0.0,0.0,0.0,0.0,0.0,0.0,0.0,0.0,0.0,0.0,0.0,0.0,0.0,0.0,0.0,0.0,0.0,0.0,0.0,0.0,0.0,0.0,0.0,0.0,0.0,0.0,0.0,0.0,0.0,0.0,0.0,0.0
0_00017,3.972824877492157e-06,2.521627775526296e-05,1.7700326221081225e-05,1.5784288708586916e-07,7.852241075625009e-07,0.0,8.076135556616759e-08,4.7913257204050864e-05,4.6062532145993175e-06,4.0030189463737696e-05,1.5443550337464728e-06,4.238149452232813e-08,0.0,0.0,3.943554548362252e-06,5.016673375496806e-05,4.243086143183374e-06,3.215171733416305e-05,5.334888021201264e-06,1.1478869452412425e-07,0.0,0.0,2.6998633781927374e-06,4.454434357126454e-05,4.054072672053364e-06,2.2592473272694933e-05,1.4735627138149333e-05,1.8478331438137946e-07,0.0,0.0,8.098613117999225e-07,4.237681770907893e-05,3.944582085852925e-06,2.4883350596963345e-05,1.7632279907059312e-05,1.4298460211263237e-07,6.781157470785822e-07,0.0,8.287100925630209e-08,4.736418394832309e-05,3.957897567006803e-06,3.02645379048075e-05,1.7656234574354642e-05,1.4298460211263237e-07,6.971287096645519e-07,0.0,1.0688064627076757e-06,5.37875898206538e-05,1.8463194968770497e-06,9.205469683957898e-07,1.686044240794415e-05,0.0,0.0,0.0,7.738566381551695e-08,1.9704694537032504e-05,5.495850971603626e-06,1.4594181461944735e-05,1.755155622176852e-05,1.0111174744504873e-07,5.462501887527528e-08,0.0,7.302747079876392e-08,3.787035289243597e-05,2.6234005672462725e-06,2.4713339634007047e-05,1.7778069484254327e-05,2.38572511995042e-06,8.068992255622451e-06,0.0,8.17255916693266e-08,5.565125265274984e-05,2.4055843819473613e-07,5.812685048463304e-06,1.789676205623461e-05,4.232165681942643e-06,4.649317851463669e-06,0.0,9.838078184185622e-08,3.292986985814082e-05,3.979615992258347e-06,3.054710391033577e-05,1.7700326221081225e-05,1.5784288708586916e-07,7.852241075625009e-07,0.0,1.1137982485796632e-06,5.428391136690338e-05,3.895206495857421e-06,2.635224292522054e-05,1.7611129030026645e-05,5.0670099898082384e-08,8.976269494545346e-07,0.0,8.30127228204744e-08,4.88898882232777e-05,4.0898179916247376e-06,2.574132561784046e-05,1.7786363622102496e-05,2.7146657096791866e-07,8.680196743845136e-07,0.0,1.352684717746965e-07,4.889226194869482e-05,3.895750142722422e-06,2.4582846590965384e-05,1.7608990675111937e-05,1.1047751614565577e-07,7.483990392492958e-07,0.0,8.16218296857502e-08,4.702808579388045e-05,4.031989638914491e-06,2.559737962403481e-05,1.9004045327566024e-05,1.6535085158068277e-07,8.26443319243258e-07,0.0,4.235855473198194e-07,5.004879430865908e-05,5.435367725683473e-06,2.839515168712495e-05,1.7555007301779993e-05,3.3587573320363255e-08,9.75293699554971e-07,0.0,8.55268512181932e-08,5.247993483868194e-05,5.747795755606055e-06,3.102328459937296e-05,1.735966185489036e-05,1.3711829337725852e-08,9.17551734196686e-07,0.0,1.005214753715861e-07,5.516252724877538e-05,3.717637276074377e-06,3.157805128916825e-05,1.7147722139536866e-05,7.838325646265012e-09,9.629375872405485e-07,0.0,1.805315144925507e-07,5.359471813215884e-05,3.929000642384001e-06,2.4680804457454204e-05,1.7196149039573034e-05,1.334393855864945e-07,8.272628071561685e-07,0.0,1.0111308454617117e-07,4.686776941670007e-05,3.973526372205928e-06,2.7064338273049204e-05,1.7681785146806354e-05,1.504228219045333e-07,8.683066074112588e-07,0.0,9.091463236751345e-08,4.98292938537448e-05,0.0,0.0,0.0,0.0,0.0,0.0,0.0,0.0,0.0,0.0,0.0,0.0,0.0,0.0,0.0,0.0,0.0,0.0,0.0,0.0,0.0,0.0,0.0,0.0,0.0,0.0,0.0,0.0,0.0,0.0,0.0,0.0,0.0,0.0,0.0,0.0,0.0,0.0,0.0,0.0,0.0,0.0,0.0,0.0,0.0,0.0,0.0,0.0
0_00019,2.6991581098222283e-06,2.749848459036484e-05,1.7712698200630845e-05,1.3435511384022402e-07,7.60652396702768e-07,0.0,1.297584759519512e-07,4.893510688731284e-05,3.294948489369035e-06,4.299189721861929e-05,1.6253892982498483e-06,4.3365953329768363e-08,0.0,0.0,3.89989959566263e-06,5.185550055523058e-05,2.986792968932661e-06,3.4804593966400045e-05,5.338674097696817e-06,9.483775980790168e-08,0.0,0.0,2.8148809458286525e-06,4.603977973866609e-05,2.5978576696324005e-06,2.4508197140300903e-05,1.504279485772376e-05,1.8605787050798455e-07,0.0,0.0,9.11480320813308e-07,4.3246387858978346e-05,2.6624589842371648e-06,2.705064286081954e-05,1.7626144380715632e-05,1.8995803047355125e-07,5.654446864385725e-07,0.0,1.420958716270504e-07,4.823674481431151e-05,2.670747066841443e-06,3.275507336721261e-05,1.7648056911608355e-05,1.941871427148951e-07,5.876026854136348e-07,0.0,1.0633020525998485e-06,5.49189692263908e-05,1.3011678703866964e-06,9.940646190859006e-07,1.677508811041373e-05,0.0,0.0,0.0,1.345107595387007e-07,1.920483135942504e-05,3.95321316765227e-06,1.6318410534748048e-05,1.7462027839212672e-05,6.239107999977177e-08,9.844167388771252e-09,0.0,1.3469046536367277e-07,3.7940577254365205e-05,1.8996342380913312e-06,2.6463969747416287e-05,1.793399585788751e-05,2.184248910208534e-06,7.847190716694388e-06,0.0,1.421992422115805e-07,5.6471238712509634e-05,2.247165649035203e-07,5.7037896837633786e-06,1.7962114804940956e-05,4.114768908883396e-06,4.551362031502863e-06,0.0,1.4943124836058313e-07,3.27061832423547e-05,2.7035293184075083e-06,3.289244291216419e-05,1.7712698200630845e-05,1.3435511384022402e-07,7.60652396702768e-07,0.0,1.0934669988912416e-06,5.529714494063677e-05,2.684266510003157e-06,2.866134122614097e-05,1.7768731475196816e-05,5.7341484898568456e-08,7.480025383912945e-07,0.0,1.3600081260579964e-07,5.005568404723661e-05,2.686530115584492e-06,2.786407359141844e-05,1.7764048185647883e-05,1.9917359497995665e-07,7.779157632569936e-07,0.0,1.7745375214158028e-07,4.946919500302935e-05,2.680265332523313e-06,2.6819734245094275e-05,1.7651410207663984e-05,9.407848985610508e-08,6.85045639167519e-07,0.0,1.341264877757391e-07,4.806466040208095e-05,2.712809887098969e-06,2.714728291045884e-05,1.836284785288773e-05,1.337842384920977e-07,7.218159851707098e-07,0.0,4.7680837906671394e-07,4.9555349253175055e-05,4.315193653893112e-06,3.088133608247822e-05,1.7735983045952128e-05,4.9246996864287924e-08,8.049662450274124e-07,0.0,1.3182428962327066e-07,5.391855031383844e-05,4.716349738702775e-06,3.390843730718731e-05,1.7671141356557824e-05,2.1203646741396496e-08,8.222242416908566e-07,0.0,1.408907284719611e-07,5.728024701935213e-05,2.410779653740752e-06,3.43324129513556e-05,1.7278503931681763e-05,4.242071162561796e-08,8.413949416590919e-07,0.0,1.616471522363621e-07,5.50671593422992e-05,2.6748535462361408e-06,2.6005190725440503e-05,1.6983320300120607e-05,1.976082655693939e-07,7.095847372932642e-07,0.0,1.0012857570073805e-07,4.6670686150360656e-05,2.615986925440689e-06,2.86789526848689e-05,1.6990041807227617e-05,2.305356516719576e-07,7.808432805997838e-07,0.0,1.231180367796678e-07,4.941947838658861e-05,0.0,0.0,0.0,0.0,0.0,0.0,0.0,0.0,0.0,0.0,0.0,0.0,0.0,0.0,0.0,0.0,0.0,0.0,0.0,0.0,0.0,0.0,0.0,0.0,0.0,0.0,0.0,0.0,0.0,0.0,0.0,0.0,0.0,0.0,0.0,0.0,0.0,0.0,0.0,0.0,0.0,0.0,0.0,0.0,0.0,0.0,0.0,0.0
0_00022,1.7044149432015128e-06,2.804945057627845e-05,1.7344865183069822e-05,2.2249472811160805e-07,7.908270657605113e-07,0.0,1.871088088455461e-07,4.829916130526748e-05,2.464297829754462e-06,4.456414943279101e-05,1.471127419363987e-06,2.8112006714333225e-08,0.0,0.0,3.904945621583266e-06,5.243263231020704e-05,2.075791428479394e-06,3.700963565007699e-05,5.211192217217119e-06,1.1438127684562865e-07,0.0,0.0,2.877011168429116e-06,4.728801174104824e-05,1.8610680433490888e-06,2.603737387282e-05,1.480302383662306e-05,2.159080409957747e-07,0.0,0.0,9.630329767764922e-07,4.388040677056441e-05,1.754411028700385e-06,2.7533057413798432e-05,1.7277441302281943e-05,2.132963409976193e-07,6.753084508474927e-07,0.0,1.877911533264707e-07,4.764130568995236e-05,1.781457516608327e-06,3.370089726931236e-05,1.7298642031484583e-05,2.1480128958469325e-07,6.966709950888008e-07,0.0,1.18005316920859e-06,5.487252227128733e-05,1.2589882964033732e-06,1.8636053713752984e-06,1.656599991159837e-05,0.0,0.0,0.0,1.734884377725156e-07,1.9862082017149563e-05,2.6854946050469643e-06,1.8363716510308794e-05,1.7480529570571787e-05,1.0067328499217641e-07,4.6953582034576014e-08,0.0,1.818649539679848e-07,3.885923250692229e-05,1.191575747556491e-06,2.647959952810964e-05,1.7764547923759707e-05,2.4648180705524643e-06,8.070493730892968e-06,0.0,1.8838342737220625e-07,5.615941842824347e-05,1.9881711250036294e-07,5.115911280232624e-06,1.790792110719547e-05,4.163207994260469e-06,4.424956503247227e-06,0.0,1.9333939881866417e-07,3.200415339625482e-05,1.7224182758456871e-06,3.3946101205439696e-05,1.7344865183069822e-05,2.2249472811160805e-07,7.908270657605113e-07,0.0,1.1914587021646118e-06,5.5218165160391926e-05,1.6128941928893028e-06,2.9551700161579545e-05,1.7460060597757774e-05,1.0882428537146957e-07,8.517121464129645e-07,0.0,1.8095605636799538e-07,4.976614744037905e-05,1.8782384951674225e-06,2.8693993106089885e-05,1.752633013316038e-05,2.1563457768255666e-07,8.927645321163674e-07,0.0,1.910807939320317e-07,4.939804163814863e-05,1.7276395441142964e-06,2.742568692845317e-05,1.7291022038013183e-05,2.044151262419572e-07,7.483565252764793e-07,0.0,1.846606748138535e-07,4.758178083691294e-05,1.6918549692799614e-06,2.7732794813911903e-05,1.7884814114064625e-05,1.5126213382098282e-07,7.951329193758164e-07,0.0,5.101439442462626e-07,4.876600289469955e-05,3.294444300917656e-06,3.165694409469977e-05,1.7429975516169077e-05,8.959193386906576e-08,9.7270849323217e-07,0.0,1.9019817431681734e-07,5.363386251320455e-05,3.679727463012481e-06,3.475662213745056e-05,1.7581882481004304e-05,7.146018904685784e-08,9.869799509138632e-07,0.0,1.9345979023269945e-07,5.727013201166074e-05,1.4918150953391269e-06,3.537228330370329e-05,1.7320111143248214e-05,7.46020022523842e-08,9.600295074075123e-07,0.0,1.8513052318522293e-07,5.540397157513576e-05,1.7641704564349156e-06,2.6896267622186606e-05,1.6870138194172708e-05,2.816982775500513e-07,8.331415591764122e-07,0.0,1.3602055201263025e-07,4.678143666153333e-05,1.6376755550031986e-06,2.905041448522691e-05,1.6063963931965103e-05,3.123220582289053e-07,8.73716898377231e-07,0.0,1.2033737638683033e-07,4.805843030518817e-05,0.0,0.0,0.0,0.0,0.0,0.0,0.0,0.0,0.0,0.0,0.0,0.0,0.0,0.0,0.0,0.0,0.0,0.0,0.0,0.0,0.0,0.0,0.0,0.0,0.0,0.0,0.0,0.0,0.0,0.0,0.0,0.0,0.0,0.0,0.0,0.0,0.0,0.0,0.0,0.0,0.0,0.0,0.0,0.0,0.0,0.0,0.0,0.0
0_00024,1.818502357142496e-06,2.850742651462161e-05,1.7464424412150163e-05,2.458077733810967e-07,9.61881709536603e-07,0.0,1.9150020456268985e-07,4.918954297139465e-05,2.4816227088221648e-06,4.553926540674924e-05,1.47475842774106e-06,6.074512728248487e-08,0.0,0.0,3.970487492593517e-06,5.352687916318847e-05,2.200735358051989e-06,3.8053307797183326e-05,5.109387379585965e-06,1.4526331993128632e-07,0.0,0.0,2.8699612239868714e-06,4.837865507873944e-05,1.940853964312787e-06,2.66553130277195e-05,1.5030420780533049e-05,2.7572558953406204e-07,0.0,0.0,9.8147000005396e-07,4.4883783362153374e-05,1.7387191140301388e-06,2.7919785114328664e-05,1.7327505089080924e-05,2.882972785020856e-07,7.810283953554276e-07,0.0,1.911554158210511e-07,4.824649040711827e-05,1.7477833031278398e-06,3.420142984560059e-05,1.7341944846791917e-05,2.9045826482157e-07,8.148906222652549e-07,0.0,1.1736080921496498e-06,5.557011497475681e-05,1.038201604757123e-06,2.7909125746514754e-06,1.655031834147828e-05,5.196892279986373e-09,0.0,0.0,1.840807068960835e-07,2.0568710120062945e-05,2.138047645693617e-06,1.9327098442070084e-05,1.7314560003914914e-05,1.0155295395425728e-07,6.12097447792424e-08,0.0,2.0503970185613865e-07,3.914750849226825e-05,1.1701402567840712e-06,2.6610244352434345e-05,1.7753190926898668e-05,2.759329818747733e-06,8.249446092662796e-06,0.0,2.0052661783207e-07,5.6742878065359686e-05,1.5895930740223616e-07,4.893495987252253e-06,1.7740199978350607e-05,4.241293241866056e-06,4.341010584434985e-06,0.0,2.031927891080801e-07,3.157815188841422e-05,1.8214444381955216e-06,3.4639625100883496e-05,1.7464424412150163e-05,2.458077733810967e-07,9.61881709536603e-07,0.0,1.1497216924259884e-06,5.628290512657287e-05,1.6460242177321878e-06,2.9915217274760128e-05,1.7511391069206297e-05,1.2269032388257445e-07,9.93815157985512e-07,0.0,2.025315717618473e-07,5.039166961532856e-05,1.8439553209776069e-06,2.878868094279468e-05,1.7486601865981873e-05,3.051507627204205e-07,1.011299691023646e-06,0.0,1.994948559094259e-07,4.963518343940765e-05,1.7845106869490253e-06,2.7754241553271867e-05,1.7440809558239407e-05,1.849084879739908e-07,8.929655628285656e-07,0.0,1.878659592353576e-07,4.824530180849821e-05,1.7762045402012427e-06,2.7862291813447364e-05,1.7957455119920647e-05,2.44716055377721e-07,9.336704201188154e-07,0.0,5.351243638723076e-07,4.930946231293811e-05,3.2248507782388576e-06,3.186504963880377e-05,1.7382410502219172e-05,8.364393730906472e-08,1.1042204682778032e-06,0.0,1.988459295663226e-07,5.3859021254414977e-05,3.857378010049023e-06,3.491664302984922e-05,1.7528687484808423e-05,5.5492260435373865e-08,1.1308650085348149e-06,0.0,2.057864023988213e-07,5.769485219607568e-05,1.5844640161085068e-06,3.553045286485719e-05,1.717575683659862e-05,1.8476627360718898e-08,1.1616938095615152e-06,0.0,1.9788132773680658e-07,5.566872548222336e-05,1.8412032348742377e-06,2.7413072511405663e-05,1.7089494207194447e-05,2.888624289700727e-07,9.17048285418297e-07,0.0,1.615080041110015e-07,4.771118867197373e-05,1.703221443285633e-06,2.955195531017974e-05,1.574081250511328e-05,3.994093362294513e-07,9.589663396320846e-07,0.0,1.2159415337577076e-07,4.8475959087815954e-05,0.0,0.0,0.0,0.0,0.0,0.0,0.0,0.0,0.0,0.0,0.0,0.0,0.0,0.0,0.0,0.0,0.0,0.0,0.0,0.0,0.0,0.0,0.0,0.0,0.0,0.0,0.0,0.0,0.0,0.0,0.0,0.0,0.0,0.0,0.0,0.0,0.0,0.0,0.0,0.0,0.0,0.0,0.0,0.0,0.0,0.0,0.0,0.0
0_00027,1.7841337778255306e-06,2.883459730383496e-05,1.7310768544271828e-05,3.641880901604371e-07,1.022325654088597e-06,0.0,2.0615315255403065e-07,4.952216652273537e-05,2.473645943802084e-06,4.662177420379011e-05,1.5296101502185789e-06,6.078525875954578e-08,0.0,0.0,3.741488888241673e-06,5.442730444481199e-05,2.3340810680971388e-06,3.89181835451765e-05,5.21522563267048e-06,1.539648823685831e-07,0.0,0.0,2.765379330655169e-06,4.938683445896788e-05,1.922355250383988e-06,2.701197630967701e-05,1.4984380106176526e-05,2.593850486978992e-07,0.0,0.0,1.0006777139147566e-06,4.51787744288502e-05,1.6810457825422622e-06,2.841319375896764e-05,1.723521594582823e-05,3.242003978985078e-07,8.797849173507083e-07,0.0,2.065492068992989e-07,4.873999000948665e-05,1.6988853235636936e-06,3.507311749919152e-05,1.7251413293690573e-05,3.259783437478836e-07,9.089938731873712e-07,0.0,1.191897591270949e-06,5.645028592465199e-05,6.493497180922909e-07,4.133484579087609e-06,1.6659148656553465e-05,1.337250989986032e-09,0.0,0.0,1.9440010997064122e-07,2.1637720314694e-05,1.727047092320538e-06,2.0209631690217782e-05,1.7237524555144172e-05,1.6672270849842553e-07,9.73201191432798e-08,0.0,2.005097883731578e-07,3.963875595369736e-05,1.197784142665397e-06,2.664189251928849e-05,1.7574696819806725e-05,3.105646727630257e-06,8.388641694869768e-06,0.0,2.0308040403258139e-07,5.7111742308293225e-05,1.625625365460011e-07,4.507714307436023e-06,1.760078947792077e-05,4.457421460848294e-06,4.260346891182256e-06,0.0,2.064481403676779e-07,3.119528281430102e-05,1.789806777527881e-06,3.550679754644246e-05,1.7310768544271828e-05,3.641880901604371e-07,1.022325654088597e-06,0.0,1.1861080602531633e-06,5.717999467274437e-05,1.5886378048586054e-06,3.023674324471293e-05,1.741325199878621e-05,1.4944817855111769e-07,1.0953616560877045e-06,0.0,1.983484990074133e-07,5.0681791382004e-05,1.7374467551092213e-06,2.922472587691434e-05,1.7324175701075056e-05,4.270099772826024e-07,1.1988826988699335e-06,0.0,2.008629254612564e-07,5.0113103934712405e-05,1.6981214762641564e-06,2.813139592803572e-05,1.727713876761892e-05,2.875784764524453e-07,9.298954215021838e-07,0.0,2.0547700406522217e-07,4.852960707393864e-05,1.770928522205844e-06,2.829136884430146e-05,1.7840461369078282e-05,3.504525445782754e-07,1.0201704878967684e-06,0.0,5.011758180984085e-07,4.977455758615902e-05,3.2995435899439195e-06,3.206477227045105e-05,1.7332642745942718e-05,1.624819605473475e-07,1.2177555441951817e-06,0.0,2.2357876452706309e-07,5.430077487560728e-05,3.667621298091273e-06,3.509741064607082e-05,1.7261395976422092e-05,9.099003157114245e-08,1.2577254136783468e-06,0.0,2.2564669384406225e-07,5.760079005967773e-05,1.4925527317146098e-06,3.5971422769937085e-05,1.709041952220704e-05,8.259496004279936e-08,1.3063466800040696e-06,0.0,2.0374195293536746e-07,5.614707861684098e-05,1.7482720336489392e-06,2.808873870921393e-05,1.688700225664357e-05,3.698565502512904e-07,1.0745193300749024e-06,0.0,1.612756210852009e-07,4.832966450091783e-05,1.6189484771149475e-06,3.0019559316683912e-05,1.523531693862464e-05,4.820880031224072e-07,1.0255938183495017e-06,0.0,1.0659230836428793e-07,4.84880988622597e-05,0.0,0.0,0.0,0.0,0.0,0.0,0.0,0.0,0.0,0.0,0.0,0.0,0.0,0.0,0.0,0.0,0.0,0.0,0.0,0.0,0.0,0.0,0.0,0.0,0.0,0.0,0.0,0.0,0.0,0.0,0.0,0.0,0.0,0.0,0.0,0.0,0.0,0.0,0.0,0.0,0.0,0.0,0.0,0.0,0.0,0.0,0.0,0.0
0_0003,1.7159023077214272e-06,2.916747183688323e-05,1.7331853021826183e-05,4.169139568734613e-07,1.1395699680343512e-06,0.0,2.023830918060523e-07,4.997409418314472e-05,2.513323370962892e-06,4.7430883818380927e-05,1.4996369891418986e-06,1.0933868771601993e-07,0.0,0.0,3.857454916107027e-06,5.5410637782308736e-05,2.4416929390680444e-06,3.986712463599027e-05,5.170964790449923e-06,2.128735654385057e-07,0.0,0.0,2.78937477824056e-06,5.04820307091873e-05,2.103585054982848e-06,2.7225610843787672e-05,1.508330711097669e-05,4.1031299451510803e-07,0.0,0.0,9.938138307820635e-07,4.581662983504438e-05,1.5923689859981644e-06,2.8689165000527973e-05,1.717694197622469e-05,4.295214423705855e-07,9.41404304747611e-07,0.0,1.976236095937367e-07,4.902702531946277e-05,1.6107874485626131e-06,3.577197871540073e-05,1.719407330726309e-05,4.5784093072484973e-07,9.74700050440064e-07,0.0,1.362062197619803e-06,5.737144265001116e-05,6.04445552873185e-07,4.938192575551564e-06,1.666123732011588e-05,0.0,0.0,0.0,1.890598697302252e-07,2.239293531827084e-05,1.5891450027321549e-06,2.0582325633473945e-05,1.7171969831861272e-05,2.257173429236259e-07,1.0302606442594997e-07,0.0,1.983109493466882e-07,3.987049482476364e-05,1.107627010531684e-06,2.664491923339095e-05,1.731565557315142e-05,3.381147774974636e-06,8.487453262973392e-06,0.0,2.333587988276555e-07,5.717016165384974e-05,1.311949000076357e-07,4.208590012186276e-06,1.7553120016371888e-05,4.494806920716679e-06,4.221212458042926e-06,0.0,2.054748814352369e-07,3.081439918876064e-05,1.7360471308424175e-06,3.5837360282386765e-05,1.7331853021826183e-05,4.169139568734613e-07,1.1395699680343512e-06,0.0,1.435012022768644e-06,5.789675638273181e-05,1.5627887871247766e-06,3.0498888493822062e-05,1.743283304317176e-05,2.0597416703481905e-07,1.277309294300512e-06,0.0,2.027305297790361e-07,5.118052431523296e-05,1.673472128821094e-06,2.968707132443568e-05,1.728635435787813e-05,5.76057092276734e-07,1.2495889645597169e-06,0.0,2.007509772614245e-07,5.067329484523279e-05,1.6821506068465672e-06,2.851739808799239e-05,1.7265953230037186e-05,3.199512332688525e-07,1.0477747291639435e-06,0.0,1.985531148244321e-07,4.903178100213338e-05,1.7141681765449914e-06,2.8803125662308428e-05,1.7772940065401894e-05,4.199445319539903e-07,1.1926530662154835e-06,0.0,4.95608420606281e-07,5.039843992303107e-05,2.9305426073266225e-06,3.250923936713311e-05,1.7284474823349705e-05,2.2800728786556375e-07,1.3544440172604078e-06,0.0,2.140282514223557e-07,5.452073635435777e-05,3.370795753834338e-06,3.54495941681258e-05,1.7051069224340676e-05,1.418904277716685e-07,1.3745673905826285e-06,0.0,2.185202845670692e-07,5.760643724922218e-05,1.4706958143357376e-06,3.630260525261895e-05,1.687684645698323e-05,1.4898215356154314e-07,1.346318416371001e-06,0.0,1.852668646201868e-07,5.633071495849064e-05,1.5935142800743964e-06,2.845315224730492e-05,1.6910117271936115e-05,4.195899187920442e-07,1.1633236065332223e-06,0.0,1.5971145278590837e-07,4.8699408777426624e-05,1.5799945173424633e-06,3.052485464448273e-05,1.4607929980838083e-05,6.928126240127319e-07,1.10352703240945e-06,0.0,9.469657600002799e-08,4.860381537508548e-05,0.0,0.0,0.0,0.0,0.0,0.0,0.0,0.0,0.0,0.0,0.0,0.0,0.0,0.0,0.0,0.0,0.0,0.0,0.0,0.0,0.0,0.0,0.0,0.0,0.0,0.0,0.0,0.0,0.0,0.0,0.0,0.0,0.0,0.0,0.0,0.0,0.0,0.0,0.0,0.0,0.0,0.0,0.0,0.0,0.0,0.0,0.0,0.0
0_00034,1.7132338727335513e-06,2.985040475867712e-05,1.713877812831093e-05,5.712741995677827e-07,1.304428610720412e-06,0.0,2.1984467071048725e-07,5.079796424072029e-05,2.621240044706552e-06,4.837423323981409e-05,1.600202874033437e-06,1.502387851143609e-07,0.0,0.0,3.804836309226144e-06,5.6550751252894575e-05,2.49046933924607e-06,4.024946092640138e-05,5.253216878369511e-06,2.732641513310775e-07,0.0,0.0,2.8034376539296176e-06,5.106984894927767e-05,2.0658585910251728e-06,2.7389663800564745e-05,1.5131589511130794e-05,4.762889968902934e-07,0.0,0.0,9.428633380379233e-07,4.6006264237648926e-05,1.63095619489616e-06,2.9209325269127365e-05,1.712810863085045e-05,5.570589032885051e-07,1.0646000391147448e-06,0.0,2.177181785200877e-07,4.980776721579731e-05,1.6657237808546165e-06,3.652669887954773e-05,1.714620346663742e-05,6.544058670394863e-07,1.090963676012803e-06,0.0,1.2837865116897624e-06,5.83677821817818e-05,6.728535603664373e-07,5.823426368295401e-06,1.6926525790621755e-05,1.6062101375177683e-09,0.0,0.0,1.983411295963529e-07,2.3622753059017463e-05,1.6174852006124811e-06,2.133832615729034e-05,1.716144313055519e-05,3.459298862163348e-07,1.705734431550083e-07,0.0,2.2112183009204774e-07,4.08548796479214e-05,9.967987099245473e-07,2.6510632981034404e-05,1.7549049717749754e-05,3.9394464515447286e-06,8.72178051626952e-06,0.0,2.0988302174087613e-07,5.792759139826383e-05,1.1847378820857342e-07,3.986347237602182e-06,1.7385503096222766e-05,4.6604197686045605e-06,4.0707897456496645e-06,0.0,1.900287363479045e-07,3.0411562372635646e-05,1.7351082695108036e-06,3.7099968985737485e-05,1.713877812831093e-05,5.712741995677827e-07,1.304428610720412e-06,0.0,1.4199953463714786e-06,5.926955354021891e-05,1.5118757541098909e-06,3.102073973565166e-05,1.7379942094946377e-05,3.9983327283070666e-07,1.376632197230346e-06,0.0,2.1617957104996065e-07,5.190520262581896e-05,1.660840344236897e-06,3.0384617670341268e-05,1.736954624756974e-05,8.803456867346058e-07,1.4247426489325763e-06,0.0,2.0959812232305626e-07,5.192969072013816e-05,1.6758765282905527e-06,2.913705200589973e-05,1.708274962626084e-05,4.651009408793726e-07,1.1989818109449353e-06,0.0,2.198594240733132e-07,4.977962033634872e-05,1.6270115268422086e-06,2.9534675481798336e-05,1.7703204018030155e-05,6.148104912303056e-07,1.2816719889259194e-06,0.0,5.190352147610272e-07,5.128040872158794e-05,2.840331356886237e-06,3.29466060461871e-05,1.713539341365851e-05,3.888636395058815e-07,1.5501024030029262e-06,0.0,2.055206890699077e-07,5.506681754831056e-05,3.350800226053562e-06,3.5826540461069865e-05,1.7117140483495512e-05,2.5577927595303345e-07,1.5163241773598771e-06,0.0,2.2107625205958586e-07,5.828766087599144e-05,1.3928888844660305e-06,3.668048248079209e-05,1.7103039033880683e-05,2.81933344452114e-07,1.5284501552787024e-06,0.0,2.134308269957343e-07,5.720022472586535e-05,1.6164552013750534e-06,2.8919734429189e-05,1.7042521251706458e-05,5.461781378368602e-07,1.313378814700074e-06,0.0,1.7524535869127606e-07,4.9613513193498725e-05,1.4871340619833582e-06,3.120247049342445e-05,1.4024798757971071e-05,7.651977308816894e-07,1.247304237126546e-06,0.0,7.364392712730891e-08,4.8800549208514435e-05,0.0,0.0,0.0,0.0,0.0,0.0,0.0,0.0,0.0,0.0,0.0,0.0,0.0,0.0,0.0,0.0,0.0,0.0,0.0,0.0,0.0,0.0,0.0,0.0,0.0,0.0,0.0,0.0,0.0,0.0,0.0,0.0,0.0,0.0,0.0,0.0,0.0,0.0,0.0,0.0,0.0,0.0,0.0,0.0,0.0,0.0,0.0,0.0
0_00037,1.5316337026039105e-06,2.977572880962604e-05,1.7201121970170106e-05,7.50961117700215e-07,1.3957179459034077e-06,0.0,1.9089487940712048e-07,5.08460584254108e-05,2.516239135774724e-06,4.841221131012884e-05,1.6781786655845015e-06,1.726705699473304e-07,0.0,0.0,3.751579082752234e-06,5.653087876418762e-05,2.44141831629738e-06,4.036878718269563e-05,5.198900839124497e-06,3.8342549253859537e-07,0.0,0.0,2.7016102305899154e-06,5.109414206124601e-05,2.0410844393913303e-06,2.7108545765261565e-05,1.5018414536006286e-05,6.414162800514788e-07,0.0,0.0,9.59895750677272e-07,4.576935677138793e-05,1.437802876368044e-06,2.9519415652753583e-05,1.7173981078606873e-05,7.05361273499929e-07,1.1628911334874876e-06,0.0,1.8629104000902413e-07,5.018574305472493e-05,1.4490422522322138e-06,3.724680312848302e-05,1.720105172208965e-05,8.189918676382775e-07,1.1934845852805244e-06,0.0,1.248260274560653e-06,5.915763383028432e-05,7.186343535229591e-07,6.284429503506588e-06,1.7085560165533096e-05,4.124147495478294e-09,0.0,0.0,2.083122227153064e-07,2.430106039277343e-05,1.5578576331318168e-06,2.158285587910192e-05,1.708915304480183e-05,3.216201938850176e-07,1.761672400531559e-07,0.0,2.1447181727545457e-07,4.094212580824919e-05,1.0219615907553617e-06,2.6323649566136748e-05,1.7391293877201355e-05,4.266792914284107e-06,8.701436976404863e-06,0.0,2.130269160172086e-07,5.791816184079964e-05,1.211930797693295e-07,3.948452735693906e-06,1.721850327158964e-05,4.741558135072191e-06,3.90345426971764e-06,0.0,2.1875399188439122e-07,3.01519154837271e-05,1.5531874545866678e-06,3.72615849545929e-05,1.7201121970170106e-05,7.50961117700215e-07,1.3957179459034077e-06,0.0,1.375831269883852e-06,5.953840471283717e-05,1.3879875618790376e-06,3.10876299440999e-05,1.7365744628357523e-05,5.062776718192464e-07,1.4690369049366027e-06,0.0,2.233860743406305e-07,5.204006278543294e-05,1.5715280931372493e-06,3.067450759556414e-05,1.7267320708728545e-05,1.185245812158344e-06,1.522223729392444e-06,0.0,2.0974161971681055e-07,5.243056755869754e-05,1.4894707185736194e-06,2.90265873079378e-05,1.7167109170600152e-05,5.966509005705666e-07,1.251511354855932e-06,0.0,1.994691245874896e-07,4.9730798577125536e-05,1.4678878993314406e-06,2.9598948880686485e-05,1.7836811047819128e-05,8.269726197869476e-07,1.3498149020801948e-06,0.0,5.316363973035889e-07,5.161207174700778e-05,2.60541168127402e-06,3.302527969330523e-05,1.7208574973852227e-05,6.139032866927586e-07,1.5970195046749774e-06,0.0,2.180922113809657e-07,5.52682813511802e-05,3.310203787607897e-06,3.589073587390539e-05,1.7027977414602286e-05,4.998654850517205e-07,1.595614643605684e-06,0.0,2.188116068942905e-07,5.8543208811667256e-05,1.1920293529368412e-06,3.413150405437735e-05,1.569093723544025e-05,4.862171366678505e-07,1.5506814191208598e-06,0.0,1.9506385751858485e-07,5.3246433056061725e-05,1.5525922521369697e-06,2.9392353062519503e-05,1.685765508099442e-05,7.64768502095889e-07,1.3274822134511022e-06,0.0,1.956211318338547e-07,5.009047224303175e-05,1.3364115827306929e-06,3.152430790597285e-05,1.3429555030807155e-05,1.0854634937994763e-06,1.2868243032112054e-06,0.0,5.498100115259774e-08,4.871754331767397e-05,0.0,0.0,0.0,0.0,0.0,0.0,0.0,0.0,0.0,0.0,0.0,0.0,0.0,0.0,0.0,0.0,0.0,0.0,0.0,0.0,0.0,0.0,0.0,0.0,0.0,0.0,0.0,0.0,0.0,0.0,0.0,0.0,0.0,0.0,0.0,0.0,0.0,0.0,0.0,0.0,0.0,0.0,0.0,0.0,0.0,0.0,0.0,0.0
0_00042,1.4146430007673169e-06,3.0096831489091607e-05,1.710302227960924e-05,1.2234032162400206e-06,1.393293118430497e-06,0.0,2.3967497171572257e-07,5.14708680758544e-05,2.536524071696483e-06,4.896057439974048e-05,1.7240283768825778e-06,3.03095490827477e-07,0.0,0.0,3.7163037990546487e-06,5.724052613820167e-05,2.489357985260285e-06,4.033919360907185e-05,5.291180077394354e-06,6.204831860773473e-07,0.0,0.0,2.696180368592381e-06,5.143639522639621e-05,1.8204291825084785e-06,2.6456010489565727e-05,1.483763657423297e-05,1.001068729770405e-06,0.0,0.0,9.988050929647755e-07,4.511395006904234e-05,1.3137979253188643e-06,2.982800554672844e-05,1.698418538844988e-05,9.992375652265507e-07,1.1989727672734289e-06,0.0,2.4360715861396215e-07,5.056780635161112e-05,1.3325453961739887e-06,3.805175992387884e-05,1.7003330263931654e-05,1.173699892143215e-06,1.237641893917805e-06,0.0,1.3365611323388878e-06,6.013553850238437e-05,8.239892750646861e-07,7.022156198243781e-06,1.6833034363434695e-05,0.0,0.0,0.0,2.482555788155381e-07,2.4927435415558704e-05,1.426773654046052e-06,2.1961986633291822e-05,1.6856069317095147e-05,4.920911103532116e-07,1.799480900101264e-07,0.0,2.372768264843313e-07,4.1154145631280695e-05,9.362596424634572e-07,2.628583574558204e-05,1.7134031929541675e-05,4.389258474947031e-06,8.567743220964811e-06,0.0,2.3548493218965453e-07,5.754861394568866e-05,1.2992205709760465e-07,3.53262759602954e-06,1.694630847703514e-05,4.83263301125236e-06,3.781206388031371e-06,0.0,2.3280528354756865e-07,2.9455502812993585e-05,1.429560091367446e-06,3.823022026814816e-05,1.710302227960924e-05,1.2234032162400206e-06,1.393293118430497e-06,0.0,1.215673986129308e-06,6.059517295992469e-05,1.35454182650068e-06,3.142511517139242e-05,1.7140475563051736e-05,7.884966730726579e-07,1.5451741904200678e-06,0.0,2.331853400330384e-07,5.248698876447061e-05,1.358423108160872e-06,3.094325356719969e-05,1.7093248035775194e-05,1.5035229227749973e-06,1.5485990846133263e-06,0.0,2.3949462472323805e-07,5.268654134324732e-05,1.3660870204867698e-06,2.9418318217820104e-05,1.6967884651330322e-05,9.47083229668142e-07,1.2796366356382925e-06,0.0,2.4635940912726984e-07,5.0225369164070896e-05,1.4521047892179578e-06,2.9962759166499e-05,1.7505722959555875e-05,1.208868057947892e-06,1.4203707829802506e-06,0.0,5.26075942840034e-07,5.207590169904101e-05,2.620829914028887e-06,3.307864532327886e-05,1.6808351595979228e-05,9.314051443949848e-07,1.656340774439073e-06,0.0,2.305347285964513e-07,5.532610748071749e-05,3.248864202560393e-06,3.572878526331466e-05,1.664461629339168e-05,8.677954571423638e-07,1.6565304205643198e-06,0.0,2.479687025988261e-07,5.839456033957226e-05,1.2262520484388083e-06,3.689063561491825e-05,1.674829432460831e-05,8.716091087575253e-07,1.7709579975875502e-06,0.0,2.260444410288865e-07,5.773379353533934e-05,1.4215997795879603e-06,3.003650490513865e-05,1.6686975297303624e-05,1.161165841306335e-06,1.4177516181707788e-06,0.0,2.0918201548875082e-07,5.093317945699611e-05,1.3890614748136232e-06,3.200301885410477e-05,1.2469478459137366e-05,1.4440551847870748e-06,1.3787988108733506e-06,0.0,4.7263633992906855e-08,4.8731676417709115e-05,0.0,0.0,0.0,0.0,0.0,0.0,0.0,0.0,0.0,0.0,0.0,0.0,0.0,0.0,0.0,0.0,0.0,0.0,0.0,0.0,0.0,0.0,0.0,0.0,0.0,0.0,0.0,0.0,0.0,0.0,0.0,0.0,0.0,0.0,0.0,0.0,0.0,0.0,0.0,0.0,0.0,0.0,0.0,0.0,0.0,0.0,0.0,0.0
0_00047,1.2647751994724564e-06,3.023365179443983e-05,1.6591901495083963e-05,1.4815253263601054e-06,1.3928890171907555e-06,0.0,2.6466630865969266e-07,5.12294091412068e-05,2.5896274532484205e-06,4.904851399369143e-05,1.7827679638302075e-06,3.94330843296059e-07,1.3996127129259042e-08,0.0,3.5614115005360843e-06,5.739064788173146e-05,2.559584713632664e-06,4.028842701200082e-05,5.1962388816304655e-06,7.470499118980317e-07,0.0,0.0,2.722222498131972e-06,5.151352301729395e-05,1.892095007221824e-06,2.619954421114419e-05,1.4636199824055413e-05,1.1971758729943194e-06,0.0,0.0,1.07248775445514e-06,4.4997502669870886e-05,1.257540342780759e-06,2.9925299098898368e-05,1.6548087697763678e-05,1.3289090042177802e-06,1.1487518409571512e-06,0.0,2.824796579411958e-07,5.049106764255893e-05,1.280152644701292e-06,3.826348684257378e-05,1.6561410300973416e-05,1.5140590923493283e-06,1.1914355177293169e-06,0.0,1.3868848477997948e-06,6.019742924612692e-05,9.540317760646777e-07,7.371670352433341e-06,1.6555610690415897e-05,0.0,0.0,0.0,2.8244530753712425e-07,2.516375812645104e-05,1.2709761105874175e-06,2.1937725322327885e-05,1.6517781647725242e-05,6.474727087744771e-07,1.5667758904586997e-07,0.0,2.729150610208023e-07,4.080354843948169e-05,8.445693880817109e-07,2.5933311598390384e-05,1.6716434027648322e-05,4.594113605670488e-06,8.283662441749379e-06,0.0,2.741302384275661e-07,5.6646221299967845e-05,9.589392225354897e-08,3.364279301948252e-06,1.6606157252520447e-05,5.099260559626493e-06,3.486449950131481e-06,0.0,2.782425822947037e-07,2.8930283568774923e-05,1.2866537758407997e-06,3.817593385104344e-05,1.6591901495083963e-05,1.4815253263601054e-06,1.3928890171907555e-06,0.0,1.3037992495109735e-06,6.023270271503002e-05,1.214101528707647e-06,3.111189251633526e-05,1.673231251812776e-05,1.0985535224876057e-06,1.473497445173029e-06,0.0,2.792496213936882e-07,5.1909607152225e-05,1.2382205667517806e-06,3.111549811570843e-05,1.6700057991117133e-05,2.0119491478511112e-06,1.540599811588561e-06,0.0,2.529240839461648e-07,5.285924971696319e-05,1.2387418102662234e-06,2.940037509970947e-05,1.655352965346222e-05,1.1886814677137508e-06,1.2666995169555008e-06,0.0,2.759159167120693e-07,4.992394346481924e-05,1.316271686118164e-06,2.989346891240462e-05,1.7089861800807022e-05,1.3986737237990978e-06,1.3342496326609615e-06,0.0,5.70142068459827e-07,5.1602667824249695e-05,2.3877878748647686e-06,3.298914056673442e-05,1.6492298889661756e-05,1.322086417655382e-06,1.6796989099679297e-06,0.0,2.428211665629035e-07,5.511383382544717e-05,3.108614362043673e-06,3.533753691908005e-05,1.6291491553850277e-05,1.2385110612199697e-06,1.7774573420674138e-06,0.0,2.676602529094352e-07,5.802127149117082e-05,1.0519970280267244e-06,3.638947899809047e-05,1.6267554092613455e-05,1.1959315344268475e-06,1.708890477088254e-06,0.0,2.5359914076301464e-07,5.686745127100878e-05,1.2633604394389047e-06,2.9847532639102343e-05,1.671899636835821e-05,1.3634988803914886e-06,1.4298096740559529e-06,0.0,2.553556839256344e-07,5.087855368527253e-05,1.2684206081917289e-06,3.226412977226316e-05,1.1425583828126252e-05,1.8307364885778047e-06,1.3521277058750987e-06,0.0,4.5484487336255264e-08,4.818648289037029e-05,0.0,0.0,0.0,0.0,0.0,0.0,0.0,0.0,0.0,0.0,0.0,0.0,0.0,0.0,0.0,0.0,0.0,0.0,0.0,0.0,0.0,0.0,0.0,0.0,0.0,0.0,0.0,0.0,0.0,0.0,0.0,0.0,0.0,0.0,0.0,0.0,0.0,0.0,0.0,0.0,0.0,0.0,0.0,0.0,0.0,0.0,0.0,0.0
0_00052,1.1837409691940466e-06,2.993216369214086e-05,1.613678987229251e-05,1.8315714416309487e-06,1.3128535412840528e-06,0.0,3.028101947218788e-07,5.069992971126433e-05,2.6279603243064897e-06,4.854792476405218e-05,1.7393183035826331e-06,5.57150211716596e-07,0.0,0.0,3.6135923875496897e-06,5.7085945991207575e-05,2.41983852068715e-06,3.939356562566705e-05,5.2129470941592e-06,9.158023063293584e-07,0.0,0.0,2.68414424977492e-06,5.062629779661767e-05,1.7058565521972702e-06,2.4971557702729635e-05,1.4322778067988092e-05,1.4761098739143349e-06,0.0,0.0,1.069915250428296e-06,4.354621744725764e-05,1.1582106951803728e-06,2.9641372227807387e-05,1.6139595270856515e-05,1.590974263065048e-06,1.145942157103478e-06,0.0,3.270040145276272e-07,5.000309862854041e-05,1.1636597973542458e-06,3.8459935714306256e-05,1.6156093940455725e-05,1.732139623110108e-06,1.1862562547234575e-06,0.0,1.40362739630642e-06,6.010171272625621e-05,9.307644330994076e-07,7.385648856699647e-06,1.6061677372829876e-05,5.120165887312704e-09,0.0,0.0,2.9404016279961536e-07,2.4677250991315857e-05,1.3080508161087464e-06,2.1352376304723582e-05,1.6127531597884192e-05,9.118015119682288e-07,2.1005723365525538e-07,0.0,3.117965631445147e-07,4.0221614027484525e-05,7.524631392285386e-07,2.579759761494896e-05,1.6070747859636764e-05,4.699507100228709e-06,7.979759830408078e-06,0.0,3.230787406353694e-07,5.562315428508642e-05,8.372947992130275e-08,3.111058999658302e-06,1.6160690973907968e-05,5.082684732367145e-06,3.425997474970567e-06,0.0,3.180670207874712e-07,2.818222868161276e-05,1.2099778426291625e-06,3.875345190755362e-05,1.613678987229251e-05,1.8315714416309487e-06,1.3128535412840528e-06,0.0,1.3931673988448645e-06,6.063781200423516e-05,1.0981575467749209e-06,3.081704210319997e-05,1.6410329721167758e-05,1.356715225033004e-06,1.53826025055232e-06,0.0,3.1230126945913506e-07,5.153280611618711e-05,1.2186543624039938e-06,3.066513340782728e-05,1.6239126878733124e-05,2.310330117986446e-06,1.471483103725123e-06,0.0,3.313201751086817e-07,5.2236048045784656e-05,1.0957890065254542e-06,2.9074904081122594e-05,1.6150414798388037e-05,1.5133817360896644e-06,1.1995448581873506e-06,0.0,3.042774499587753e-07,4.933831193027188e-05,1.1273526401091395e-06,2.978845396881413e-05,1.6509675543890444e-05,1.757435546049394e-06,1.3631384728827129e-06,0.0,5.851211533656244e-07,5.113117732511144e-05,2.266273766711545e-06,3.264806527861894e-05,1.5967574104264916e-05,1.735306884822474e-06,1.620894541714606e-06,0.0,3.138408771630742e-07,5.455195545329556e-05,3.0638120276089632e-06,3.481007293605128e-05,1.5861187441459373e-05,1.5677505805554149e-06,1.73625073940184e-06,0.0,3.118675021873084e-07,5.735094122726416e-05,9.706032131825612e-07,3.5724173184658914e-05,1.5818951920353334e-05,1.6240655870632209e-06,1.6904648822750498e-06,0.0,3.272742745539939e-07,5.615553306208707e-05,1.2014623266562834e-06,2.9590472271009564e-05,1.6153160933173122e-05,1.7967795870537437e-06,1.393183722768671e-06,0.0,3.091868379851025e-07,5.044424567864647e-05,1.252568777068433e-06,3.197796584766444e-05,1.0425780028520824e-05,2.198891283253773e-06,1.2772737170413842e-06,0.0,3.376595391858464e-08,4.716624560746744e-05,0.0,0.0,0.0,0.0,0.0,0.0,0.0,0.0,0.0,0.0,0.0,0.0,0.0,0.0,0.0,0.0,0.0,0.0,0.0,0.0,0.0,0.0,0.0,0.0,0.0,0.0,0.0,0.0,0.0,0.0,0.0,0.0,0.0,0.0,0.0,0.0,0.0,0.0,0.0,0.0,0.0,0.0,0.0,0.0,0.0,0.0,0.0,0.0
0_00058,1.0822174081006163e-06,2.9662249106325253e-05,1.5761404788846804e-05,2.1092204829011063e-06,1.2397582083933062e-06,0.0,3.750418265868287e-07,5.022989182115392e-05,2.6581605668683063e-06,4.829772250270615e-05,1.7567550984060793e-06,6.397834486153282e-07,0.0,0.0,3.491487224676781e-06,5.684390884127265e-05,2.536210964426769e-06,3.8541722911123306e-05,5.10190559715653e-06,1.0767851607973858e-06,0.0,0.0,2.740849048335591e-06,4.999747368183958e-05,1.551062137197625e-06,2.4496973077775066e-05,1.3975889425476495e-05,1.6341838104978295e-06,0.0,0.0,1.0861480127064445e-06,4.274425646365346e-05,1.1072414733490603e-06,2.9308996542111253e-05,1.5655334497108897e-05,1.913256901677574e-06,1.024636798030893e-06,0.0,3.981710527405956e-07,4.940763726501827e-05,1.152184371454508e-06,3.874182387326804e-05,1.567994200529097e-05,2.05761213728012e-06,1.066304030612335e-06,0.0,1.5034575776191792e-06,6.020132399552515e-05,9.093858628186084e-07,7.392780183413516e-06,1.5532589333621742e-05,4.0710141848329735e-08,0.0,0.0,3.8255960180449e-07,2.4258025123506693e-05,1.2658427421084391e-06,2.114489616924202e-05,1.5616519791332295e-05,1.1035897505729977e-06,2.0147071950428125e-07,0.0,3.858538156955193e-07,3.971817298845556e-05,7.044144928550185e-07,2.5580705329688653e-05,1.559644380288629e-05,4.616123008038092e-06,7.572671618499957e-06,0.0,3.7935658494487073e-07,5.444971483691288e-05,8.444421407963088e-08,3.2387062103408866e-06,1.55523781606568e-05,4.950886422943472e-06,3.18763801209641e-06,0.0,3.847879301862817e-07,2.739884095030348e-05,1.1059462468557842e-06,3.8558633140351886e-05,1.5761404788846804e-05,2.1092204829011063e-06,1.2397582083933062e-06,0.0,1.5509064189829678e-06,6.032586928633186e-05,9.497642348083788e-07,3.0390392899857897e-05,1.5782968966200468e-05,1.5575659262238113e-06,1.4232418618056347e-06,0.0,3.831097834089432e-07,5.048704367230513e-05,1.08012585101366e-06,3.0359720950757124e-05,1.568486762535417e-05,2.676689367027193e-06,1.4772483589589928e-06,0.0,3.729697913328147e-07,5.165162194444396e-05,1.043823947841085e-06,2.8865234534441888e-05,1.5678354996601594e-05,1.692125558038817e-06,1.112245261685876e-06,0.0,3.783452282424895e-07,4.8770129526851744e-05,1.0662226572120356e-06,2.959552493527692e-05,1.5981491516003518e-05,2.093040868531013e-06,1.2315697411751495e-06,0.0,6.428786007211816e-07,5.061072831891984e-05,2.153626379771752e-06,3.208899747849559e-05,1.5484164071639246e-05,1.9518353204923526e-06,1.5166933991702853e-06,0.0,3.642902743210741e-07,5.355960692389029e-05,2.740829043378373e-06,3.408609526774257e-05,1.5397619188390226e-05,1.8565243371389943e-06,1.6368015513172091e-06,0.0,3.84370910250322e-07,5.61022402982177e-05,8.540272028798618e-07,3.519903654069069e-05,1.5287241464894318e-05,1.861804348592405e-06,1.677650427973602e-06,0.0,3.773489217828852e-07,5.525710890681376e-05,1.0814436474233117e-06,2.9256706105534783e-05,1.576842237270636e-05,2.0499069017805417e-06,1.2674675254219026e-06,0.0,3.858782474578853e-07,4.9809824800324783e-05,1.1858379492307191e-06,3.186171089464102e-05,9.388583826167538e-06,2.53803225168106e-06,1.221041821260446e-06,0.0,3.0324577773553484e-08,4.622553132075433e-05,0.0,0.0,0.0,0.0,0.0,0.0,0.0,0.0,0.0,0.0,0.0,0.0,0.0,0.0,0.0,0.0,0.0,0.0,0.0,0.0,0.0,0.0,0.0,0.0,0.0,0.0,0.0,0.0,0.0,0.0,0.0,0.0,0.0,0.0,0.0,0.0,0.0,0.0,0.0,0.0,0.0,0.0,0.0,0.0,0.0,0.0,0.0,0.0
0_00065,9.393927631356622e-07,2.936493243773638e-05,1.5122859358878636e-05,2.4351742921215686e-06,1.1999563395341856e-06,0.0,4.2650839313479e-07,4.9488823584541214e-05,2.7675162262356263e-06,4.74926105655796e-05,1.8862331789793108e-06,7.49917029252298e-07,0.0,0.0,3.443303838453685e-06,5.63395808385005e-05,2.282156563058286e-06,3.707291872812104e-05,5.220010350368154e-06,1.1458949692479468e-06,0.0,0.0,2.740723201302805e-06,4.8461703812098224e-05,1.3426997537298071e-06,2.325420927135029e-05,1.3541834386166596e-05,1.7911648660751082e-06,0.0,0.0,1.1916543937602968e-06,4.11215626710821e-05,9.297999691315124e-07,2.888566768973453e-05,1.485815594392923e-05,2.233168626284086e-06,1.0343041817378703e-06,0.0,4.6413804042511573e-07,4.840523445124235e-05,9.3817112307458e-07,3.864734439931331e-05,1.4876535366576855e-05,2.365706871392791e-06,1.0793645832406577e-06,0.0,1.4540944877515268e-06,5.9361216831349726e-05,7.774557055896015e-07,7.200997717734216e-06,1.4906951766537667e-05,2.9696779247735508e-08,0.0,0.0,4.379662762533394e-07,2.3353068245362555e-05,1.1093978948415386e-06,2.047162810991019e-05,1.4960963030070252e-05,1.3520468905642548e-06,1.6084553193506037e-07,0.0,4.323179104137958e-07,3.84871993677351e-05,5.977800579946384e-07,2.5035862632681395e-05,1.4835078782217022e-05,4.63921570438175e-06,7.275329911622129e-06,0.0,4.540363642668044e-07,5.283730345316375e-05,9.534074489922565e-08,2.817028258908105e-06,1.4952782154342857e-05,5.048423471224144e-06,2.889632971614778e-06,0.0,4.2406499518277204e-07,2.622727259617188e-05,1.0014127007009274e-06,3.879785952357036e-05,1.5122859358878636e-05,2.4351742921215686e-06,1.1999563395341856e-06,0.0,1.436181987900013e-06,5.9993444202705705e-05,8.556725553820424e-07,2.964492703507661e-05,1.5226882511592402e-05,1.8531418407202715e-06,1.324679029611927e-06,0.0,4.197717388107693e-07,4.932507471119404e-05,1.0108541156791311e-06,3.0408248460606186e-05,1.5152529803755102e-05,2.876642951923324e-06,1.3749680284655844e-06,0.0,4.203061389620352e-07,5.124354949939136e-05,9.13938881451439e-07,2.849178346790144e-05,1.4989715756735551e-05,1.8899391172781224e-06,1.0664115447507497e-06,0.0,4.238352238419933e-07,4.7775623991959295e-05,9.26035543568857e-07,2.917418379852736e-05,1.535438955207951e-05,2.395157734092345e-06,1.2593876629712902e-06,0.0,6.695092127342379e-07,4.977866350397359e-05,1.998174497560925e-06,3.1875946308317625e-05,1.4985034692490949e-05,2.261625542649876e-06,1.494870649258757e-06,0.0,4.602521660446164e-07,5.307590385632274e-05,2.647172207109814e-06,3.368830236456213e-05,1.4671820513430971e-05,2.26355424712068e-06,1.5562192088172924e-06,0.0,4.228441959582106e-07,5.524991273699911e-05,7.842327138627085e-07,3.486294680482282e-05,1.4676631523180883e-05,2.073001969328701e-06,1.4726027843311105e-06,0.0,4.684760168931173e-07,5.433789181241934e-05,9.849026617675064e-07,2.8990647248969904e-05,1.517067881689945e-05,2.2044855441211984e-06,1.2404824328417674e-06,0.0,4.794868471123055e-07,4.907068355171212e-05,1.0647035165971167e-06,3.136982911622629e-05,8.012929293835663e-06,2.860553699386884e-06,1.0535834506654605e-06,0.0,3.0650746315991226e-08,4.43922498230274e-05,0.0,0.0,0.0,0.0,0.0,0.0,0.0,0.0,0.0,0.0,0.0,0.0,0.0,0.0,0.0,0.0,0.0,0.0,0.0,0.0,0.0,0.0,0.0,0.0,0.0,0.0,0.0,0.0,0.0,0.0,0.0,0.0,0.0,0.0,0.0,0.0,0.0,0.0,0.0,0.0,0.0,0.0,0.0,0.0,0.0,0.0,0.0,0.0
0_00073,7.889484162158591e-07,2.8962385573400087e-05,1.4249744270844887e-05,2.5274095721715213e-06,1.0915013514969845e-06,0.0,5.040328374287787e-07,4.812402202155811e-05,2.6283043897180904e-06,4.643827605406756e-05,1.8469258045097693e-06,8.243513422526026e-07,0.0,0.0,3.393776971069973e-06,5.513163456161802e-05,2.1716706241440177e-06,3.5618568768173926e-05,5.1182108875795626e-06,1.2770955109115771e-06,0.0,0.0,2.8475023147627205e-06,4.7033048105571815e-05,1.1274189351951708e-06,2.251173456975251e-05,1.3408428016469272e-05,1.9540774779404022e-06,0.0,0.0,1.2538675312396445e-06,4.025552653059699e-05,8.90399315912056e-07,2.895739437049613e-05,1.4197822071006996e-05,2.3883732275567355e-06,9.562475654827443e-07,0.0,5.023920802546587e-07,4.789262863070933e-05,9.012077860524064e-07,3.9380029021846245e-05,1.4209837609882725e-05,2.4983155034934173e-06,9.96159880154709e-07,0.0,1.496272972423757e-06,5.948182277385326e-05,6.72088564529422e-07,6.826288806280501e-06,1.420609998894788e-05,1.379735253674919e-09,0.0,0.0,5.106617807731993e-07,2.221651887578468e-05,9.917329052195029e-07,1.992044603417567e-05,1.4244952159177488e-05,1.5544013684483197e-06,1.9055723788787242e-07,0.0,5.398700289778506e-07,3.744195973388671e-05,4.99041923116611e-07,2.4940125727108285e-05,1.4231568802280189e-05,4.311933564193808e-06,6.866545885473978e-06,0.0,5.246755465082778e-07,5.137389144868114e-05,1.0271898496859778e-07,2.739021422658856e-06,1.4231274475955568e-05,4.979662673625139e-06,2.8558104672373177e-06,0.0,4.864337767930785e-07,2.5394921801238555e-05,8.010884469216092e-07,3.906870560112375e-05,1.4249744270844887e-05,2.5274095721715213e-06,1.0915013514969845e-06,0.0,1.5951639417259862e-06,5.933361318428474e-05,7.326719896888861e-07,2.9076927089398588e-05,1.449101516545294e-05,2.0586610183980497e-06,1.1381519264239631e-06,0.0,5.342031557511652e-07,4.803163034511361e-05,8.69829421325274e-07,3.0259432299954432e-05,1.437740248909358e-05,3.171689688162116e-06,1.2735290489490205e-06,0.0,5.125815257988133e-07,5.046446447328324e-05,7.806765889900895e-07,2.791333982550956e-05,1.4158468734684436e-05,2.067886745217535e-06,1.0108018595148222e-06,0.0,5.203014741253066e-07,4.645147522804175e-05,8.496256352191819e-07,2.890629298070488e-05,1.4656877974256045e-05,2.606498827024377e-06,1.083556283531837e-06,0.0,6.883836679052617e-07,4.8791235368641583e-05,2.0108894234641693e-06,3.151770861425619e-05,1.4208350509569184e-05,2.516651852672141e-06,1.3492722715260012e-06,0.0,5.497080272098017e-07,5.215258069869747e-05,2.659467941474128e-06,3.3310965627485664e-05,1.3920628222058508e-05,2.460399811229158e-06,1.3694131619935457e-06,0.0,5.131681984501195e-07,5.4234042962691126e-05,6.74571883338135e-07,3.42752361241926e-05,1.4018050807110106e-05,2.455410506424137e-06,1.4287294132985383e-06,0.0,5.356112367930492e-07,5.338760997115657e-05,8.659012710982486e-07,2.8556256402974464e-05,1.4500445768462783e-05,2.39053919401211e-06,1.117659881858687e-06,0.0,6.055789148814527e-07,4.803638143328775e-05,1.0872067614646802e-06,3.07002756495395e-05,6.595783823220461e-06,3.211471663440275e-06,9.257022431395548e-07,0.0,2.6661888807601133e-08,4.254710202961208e-05,0.0,0.0,0.0,0.0,0.0,0.0,0.0,0.0,0.0,0.0,0.0,0.0,0.0,0.0,0.0,0.0,0.0,0.0,0.0,0.0,0.0,0.0,0.0,0.0,0.0,0.0,0.0,0.0,0.0,0.0,0.0,0.0,0.0,0.0,0.0,0.0,0.0,0.0,0.0,0.0,0.0,0.0,0.0,0.0,0.0,0.0,0.0,0.0
0_00081,7.329195093434814e-07,2.872085174611989e-05,1.3731876538560205e-05,2.611937308990013e-06,1.0195459357720786e-06,0.0,5.492848158277264e-07,4.736641585461339e-05,2.422618981034215e-06,4.524471690775861e-05,1.930384978602384e-06,9.09975983992628e-07,0.0,0.0,3.4053447502980054e-06,5.391304160168584e-05,2.083766589359013e-06,3.431519244010201e-05,5.085787217865079e-06,1.4968369222917225e-06,0.0,0.0,2.8021186111012794e-06,4.5783701780719086e-05,9.128930650058084e-07,2.105696495688972e-05,1.3027700335075055e-05,2.0831409150219978e-06,0.0,0.0,1.2749676826276622e-06,3.8355666954620256e-05,7.201963584962359e-07,2.864355588155941e-05,1.3570527450194127e-05,2.520917534332648e-06,8.394390628745702e-07,0.0,5.732474927099699e-07,4.686788378016698e-05,7.396352591435471e-07,3.975482821101482e-05,1.3591716218333589e-05,2.6352886350304826e-06,8.715798657767484e-07,0.0,1.7864529654293126e-06,5.937950115472851e-05,6.075977594585901e-07,6.364549977421817e-06,1.3627351959565412e-05,0.0,0.0,0.0,5.720919628421324e-07,2.117159165928796e-05,8.872668118669766e-07,1.9071145309570387e-05,1.353922029544855e-05,1.5596033133940487e-06,1.6684220607633356e-07,0.0,5.723618840949748e-07,3.579643982045127e-05,4.410394932930393e-07,2.4492820933116603e-05,1.3578149200707232e-05,4.199453260114186e-06,6.666296599840028e-06,0.0,5.962539735018305e-07,4.997401346057293e-05,4.553661821833116e-08,2.800831104798626e-06,1.365740012796258e-05,4.802194683338022e-06,2.554685685521114e-06,0.0,5.838263144889035e-07,2.4444474534327585e-05,7.394944977647076e-07,3.930863445349778e-05,1.3731876538560205e-05,2.611937308990013e-06,1.0195459357720786e-06,0.0,1.689869703156888e-06,5.910135843774166e-05,6.763644397826435e-07,2.842856156672971e-05,1.3852310835166145e-05,2.1952188393068004e-06,1.035252572206607e-06,0.0,5.820635369220829e-07,4.676977179011397e-05,8.185649758032935e-07,3.0063050809807635e-05,1.3790001695132108e-05,3.233398603767656e-06,1.19237534176976e-06,0.0,5.650861299995806e-07,4.966247755628004e-05,6.828497750213611e-07,2.7611463287750127e-05,1.361305774317948e-05,2.157260047419378e-06,8.920192220513982e-07,0.0,5.525090057516414e-07,4.5509159081173386e-05,7.043595998669091e-07,2.8636166688561827e-05,1.3848189902575058e-05,2.680362736774706e-06,1.0184668778606332e-06,0.0,7.240435516734062e-07,4.761158935731254e-05,1.8866044996916405e-06,3.11548038592627e-05,1.3463912074532446e-05,2.638531533313544e-06,1.2585301344069885e-06,0.0,5.663473963818657e-07,5.096872949758917e-05,2.538961004150754e-06,3.290913685666968e-05,1.3419683279690513e-05,2.533501073373353e-06,1.1951952527232096e-06,0.0,5.825722019132494e-07,5.317904966852076e-05,5.496604901531215e-07,3.383481262553613e-05,1.339532482627642e-05,2.465085972884753e-06,1.2365198419629947e-06,0.0,6.061785146259182e-07,5.208758227143934e-05,7.630544052639155e-07,2.80209749578908e-05,1.3848291677950652e-05,2.5387490542346974e-06,9.718335701865776e-07,0.0,6.868799413280181e-07,4.6829783606854665e-05,1.0132248003258212e-06,3.011963908223608e-05,5.439542406641697e-06,3.4726190038534043e-06,8.659733226862993e-07,0.0,1.4541311875737356e-08,4.092553992761903e-05,0.0,0.0,0.0,0.0,0.0,0.0,0.0,0.0,0.0,0.0,0.0,0.0,0.0,0.0,0.0,0.0,0.0,0.0,0.0,0.0,0.0,0.0,0.0,0.0,0.0,0.0,0.0,0.0,0.0,0.0,0.0,0.0,0.0,0.0,0.0,0.0,0.0,0.0,0.0,0.0,0.0,0.0,0.0,0.0,0.0,0.0,0.0,0.0
0_0009,7.185659115896435e-07,2.8546353330055075e-05,1.291251546134307e-05,2.497831498622443e-06,8.567669349529918e-07,0.0,6.161784901350264e-07,4.614821162669824e-05,2.444304285616734e-06,4.416265112472376e-05,1.868182837959116e-06,1.0461860770665904e-06,0.0,0.0,3.308479567152279e-06,5.28298038925185e-05,2.049747057779802e-06,3.287135372799821e-05,4.915354096913406e-06,1.4704239881725266e-06,0.0,0.0,2.7620687327142045e-06,4.406894760357816e-05,8.046776230560084e-07,1.9162007754939734e-05,1.2608985736575992e-05,2.116683756804099e-06,0.0,0.0,1.3543004973961195e-06,3.604665536877196e-05,7.125646588570691e-07,2.8186804133314224e-05,1.293447358052661e-05,2.5617860156898346e-06,7.385996216584788e-07,0.0,5.919663182623589e-07,4.572619432830856e-05,7.236496635045906e-07,3.936905018639523e-05,1.2950390368804273e-05,2.662409274975696e-06,7.617273600569129e-07,0.0,1.6427878287385184e-06,5.81100146824752e-05,4.510615381209569e-07,5.68030867439693e-06,1.2968895398913445e-05,7.394367839924751e-09,0.0,0.0,6.124631218292205e-07,1.972012310110048e-05,8.978524910695993e-07,1.841165023563964e-05,1.2954936445570202e-05,1.2612382887977522e-06,1.715210166574585e-07,0.0,6.002940406977249e-07,3.429749251843238e-05,3.857944358814562e-07,2.4265123563288428e-05,1.2875461114675289e-05,3.746894505850551e-06,6.409681744893828e-06,0.0,6.265738417472305e-07,4.830952920633679e-05,4.558282193093333e-08,2.7378172130481533e-06,1.2963471688548568e-05,4.7625115822853176e-06,2.394422814139281e-06,0.0,5.951977730568404e-07,2.349900389300909e-05,7.289788977771782e-07,3.923602153961459e-05,1.291251546134307e-05,2.497831498622443e-06,8.567669349529918e-07,0.0,1.676766064705056e-06,5.790888039701532e-05,6.105060292838619e-07,2.785621547237636e-05,1.3269008522330083e-05,2.055355235580062e-06,9.307259806811124e-07,0.0,5.805797503116816e-07,4.530239099056316e-05,7.582879088527397e-07,2.980709063734592e-05,1.309007343451628e-05,3.008857455568916e-06,1.032493129278273e-06,0.0,5.571983756961428e-07,4.825400094125826e-05,6.837150698999788e-07,2.708948821632173e-05,1.2871049447864736e-05,2.1044507182994017e-06,7.615686911304313e-07,0.0,5.954677091951055e-07,4.410573985271138e-05,7.830644768635174e-07,2.8331857368156827e-05,1.3144721890616018e-05,2.534096819746516e-06,8.871226929761643e-07,0.0,7.362535522311055e-07,4.641711680059017e-05,2.0456437621482923e-06,3.08168103661843e-05,1.2808856451690292e-05,2.4537539219365005e-06,1.0431314718811766e-06,0.0,6.127343172355868e-07,4.978093029107616e-05,2.542717179876575e-06,3.2393131355395134e-05,1.2818421258368954e-05,2.2947006029929743e-06,1.1179996421566845e-06,0.0,6.129007837812445e-07,5.177987082257156e-05,4.149043649765327e-07,3.323717564652127e-05,1.2738003809371732e-05,2.4028546969842183e-06,1.0631994633206008e-06,0.0,6.247893867865406e-07,5.048092736796089e-05,7.618129036048883e-07,2.7572329385090312e-05,1.339389582757092e-05,2.2785124595951616e-06,8.81747642163399e-07,0.0,7.090183194881225e-07,4.5597316537512805e-05,1.0215168612017672e-06,2.8619955949715103e-05,4.606350694098774e-06,3.3380079812033867e-06,7.682398382282928e-07,0.0,3.880192569206391e-09,3.835795151701653e-05,0.0,0.0,0.0,0.0,0.0,0.0,0.0,0.0,0.0,0.0,0.0,0.0,0.0,0.0,0.0,0.0,0.0,0.0,0.0,0.0,0.0,0.0,0.0,0.0,0.0,0.0,0.0,0.0,0.0,0.0,0.0,0.0,0.0,0.0,0.0,0.0,0.0,0.0,0.0,0.0,0.0,0.0,0.0,0.0,0.0,0.0,0.0,0.0
0_00101,6.085370078962855e-07,2.845119037716864e-05,1.205238625242384e-05,2.25628233580514e-06,7.674537799322618e-07,0.0,5.980009590746925e-07,4.473385071230087e-05,2.271147845026111e-06,4.305266031362233e-05,1.9297781922359866e-06,9.837562495687657e-07,0.0,0.0,3.127745230560457e-06,5.136508783101364e-05,1.8220973070002043e-06,3.1710566651797905e-05,4.981567740978187e-06,1.4560823275445751e-06,0.0,0.0,2.652608099523144e-06,4.262292212684403e-05,8.521878241907227e-07,1.7987190048153852e-05,1.2293114483621665e-05,1.933598260088079e-06,0.0,0.0,1.2252139332250723e-06,3.4291304549279385e-05,6.056355090078288e-07,2.79424267095729e-05,1.2175496294320837e-05,2.1135659671890847e-06,7.029590296687827e-07,0.0,5.487699826347539e-07,4.4088853492394186e-05,6.87083322208146e-07,3.956719147914479e-05,1.2183790120908105e-05,2.189453475170488e-06,7.296097833714412e-07,0.0,1.6330508884947655e-06,5.699017906929774e-05,3.18129284467843e-07,5.0071731052146045e-06,1.2134009320528537e-05,1.4766286457942683e-09,0.0,0.0,5.593613870388459e-07,1.802014972589562e-05,6.448946161280949e-07,1.7870020245188714e-05,1.2101916450506922e-05,7.440596580962111e-07,1.3678724365327138e-07,0.0,5.558432933948583e-07,3.2053521506968075e-05,3.218234521739373e-07,2.406409183691316e-05,1.2207715785629894e-05,3.3938272178026323e-06,6.077372143961264e-06,0.0,6.044137764509976e-07,4.666924421293188e-05,9.685251596185828e-08,2.554819963028812e-06,1.2175444061216934e-05,4.43606937560531e-06,2.255955173690396e-06,0.0,5.828374687643701e-07,2.210197855826768e-05,6.949345678744625e-07,4.003441204682433e-05,1.205238625242384e-05,2.25628233580514e-06,7.674537799322618e-07,0.0,1.5933448118784796e-06,5.739881379473849e-05,5.632607933435055e-07,2.731492305880042e-05,1.2341267896598826e-05,1.8504793079228395e-06,8.226441695537172e-07,0.0,5.663865553982352e-07,4.345896178161753e-05,6.177969728133473e-07,2.961736483195052e-05,1.2158676555130776e-05,2.796929009682037e-06,9.148737887269052e-07,0.0,5.838432728690223e-07,4.66894844311726e-05,5.54502042901235e-07,2.703074283949713e-05,1.2014835947182352e-05,1.899742192834034e-06,6.453482021707697e-07,0.0,6.017445946430914e-07,4.274691581922861e-05,6.5169439830574e-07,2.8299452892898908e-05,1.2341955766334584e-05,2.22925036039008e-06,7.253463160016705e-07,0.0,6.733325186221652e-07,4.492103225255314e-05,1.9770186230051552e-06,3.074582998334108e-05,1.2069553318484592e-05,2.2002517251955533e-06,9.589155051623833e-07,0.0,5.591991751629546e-07,4.851076833035173e-05,2.2983414224513726e-06,3.2513076665981335e-05,1.196935443434594e-05,2.084682652733449e-06,9.832871791226457e-07,0.0,5.893949076275899e-07,5.0438137262262334e-05,3.424831192516312e-07,3.3166792340952385e-05,1.192310793309767e-05,2.117238847939586e-06,9.15341441565035e-07,0.0,6.035514847597098e-07,4.906851516756602e-05,6.283797630759113e-07,2.7378734101292712e-05,1.2877627448436814e-05,2.1320997210047625e-06,7.955530302825133e-07,0.0,7.945579038945185e-07,4.460695196798723e-05,9.488609846132124e-07,2.7232142234276965e-05,3.802010481799492e-06,2.9616431291183955e-06,6.310312264518847e-07,0.0,2.127099886985535e-09,3.5577815156146944e-05,0.0,0.0,0.0,0.0,0.0,0.0,0.0,0.0,0.0,0.0,0.0,0.0,0.0,0.0,0.0,0.0,0.0,0.0,0.0,0.0,0.0,0.0,0.0,0.0,0.0,0.0,0.0,0.0,0.0,0.0,0.0,0.0,0.0,0.0,0.0,0.0,0.0,0.0,0.0,0.0,0.0,0.0,0.0,0.0,0.0,0.0,0.0,0.0
0_00113,5.036894896029385e-07,2.7925410183030246e-05,1.1290778304260156e-05,4.219405369025063e-06,1.1110541976002554e-06,0.0,5.481375198757517e-07,4.559847506339442e-05,2.337116604386186e-06,4.066433292926154e-05,1.91035453071388e-06,1.8081397844224384e-06,0.0,0.0,3.0122151023717603e-06,4.97321589511558e-05,1.8016022261676584e-06,2.8959192379019102e-05,4.847031461189192e-06,2.50867022731344e-06,0.0,0.0,2.617402097235869e-06,4.073389839092527e-05,7.636461808933192e-07,1.5813540453328716e-05,1.1793237067439529e-05,3.4575134376165018e-06,1.2608795025266787e-08,0.0,1.2391627435143635e-06,3.307970867781769e-05,5.475702052975491e-07,2.7521972204847683e-05,1.1305088283251346e-05,4.073468926363998e-06,9.951143335888592e-07,0.0,5.561855872701397e-07,4.499939954061957e-05,5.596494829554549e-07,4.0205229448567234e-05,1.1321332085101289e-05,4.12454556865931e-06,1.036631010857545e-06,0.0,1.6512762718925787e-06,5.88986638680334e-05,4.299053881780569e-07,6.537352245175472e-06,1.1284470781677049e-05,1.6483359585408714e-08,0.0,0.0,5.185740007991599e-07,1.8786785775415143e-05,6.224714999280298e-07,1.8123147052202378e-05,1.1335622062486483e-05,3.0562608222273668e-06,1.730485927104147e-07,0.0,5.382981099447854e-07,3.3848848139499453e-05,2.859626109367604e-07,2.3163925266360768e-05,1.1384561984877193e-05,4.468360224030071e-06,5.714851450733401e-06,0.0,5.562511778307096e-07,4.55739127147689e-05,4.359177635540837e-08,2.679080138529848e-06,1.1282164214163046e-05,4.48870812324009e-06,2.027667213280473e-06,0.0,5.632101334327214e-07,2.108442159900159e-05,5.346818955051705e-07,3.986071281261354e-05,1.1290778304260156e-05,4.219405369025063e-06,1.1110541976002554e-06,0.0,1.569695464470754e-06,5.858632804347495e-05,4.183006001704109e-07,2.624867662870709e-05,1.168389029692576e-05,3.440034678691689e-06,1.1782090634949944e-06,0.0,5.380690253489449e-07,4.350718029333888e-05,5.270223860836786e-07,2.9394862531700004e-05,1.1506005525131718e-05,4.820980836096688e-06,1.3455665259280865e-06,0.0,5.585872414322834e-07,4.815302504637246e-05,5.230939179886545e-07,2.6240148111411105e-05,1.1219932172310162e-05,3.585898155919386e-06,9.690771439619867e-07,0.0,5.274437120142284e-07,4.306559321360552e-05,5.162134953876495e-07,2.78757056205708e-05,1.1430451770487148e-05,4.148483493976176e-06,1.130134305970372e-06,0.0,5.944325181042199e-07,4.5695421204496366e-05,1.4534214096906471e-06,3.0198365791037388e-05,1.1301153515692324e-05,4.2469807733041015e-06,1.382846439404931e-06,0.0,5.292936097262988e-07,4.91120615388557e-05,2.2047000579147307e-06,3.1760471412754455e-05,1.11589777815143e-05,4.344550092530715e-06,1.4401501199798011e-06,0.0,5.655487182182863e-07,5.147439818291228e-05,2.7843805234234845e-07,3.253072973529449e-05,1.1119193242564604e-05,4.182793600366995e-06,1.3836784930669971e-06,0.0,5.399512753256758e-07,5.0034784398961104e-05,5.299622938239583e-07,2.6642778981297564e-05,1.2321631354670112e-05,3.6962585889621775e-06,1.1857591387593656e-06,0.0,8.049875450633917e-07,4.518137790257657e-05,6.432438838334693e-07,2.490448250296697e-05,2.834529838417736e-06,4.728726482364148e-06,8.464544652784328e-07,0.0,0.0,3.395743717286076e-05,0.0,0.0,0.0,0.0,0.0,0.0,0.0,0.0,0.0,0.0,0.0,0.0,0.0,0.0,0.0,0.0,0.0,0.0,0.0,0.0,0.0,0.0,0.0,0.0,0.0,0.0,0.0,0.0,0.0,0.0,0.0,0.0,0.0,0.0,0.0,0.0,0.0,0.0,0.0,0.0,0.0,0.0,0.0,0.0,0.0,0.0,0.0,0.0
0_00126,4.966742852749257e-07,2.7011752280368725e-05,1.044024716912026e-05,5.043510104451642e-06,1.3947524814514282e-06,0.0,5.022459306265311e-07,4.488918225129352e-05,2.1353273090731582e-06,3.841214615179683e-05,1.962633021333174e-06,2.347012123012332e-06,0.0,0.0,2.9248069057292296e-06,4.778192551094473e-05,1.681159211848254e-06,2.5605074134738363e-05,4.701014565494449e-06,3.408417273624724e-06,0.0,0.0,2.4734126871925605e-06,3.786907787289835e-05,6.08770257477954e-07,1.3176048583474651e-05,1.126302259366541e-05,4.382561474994134e-06,1.1897202824761045e-07,0.0,1.2438310796787337e-06,3.079320601753849e-05,4.70172353935858e-07,2.6723122801235114e-05,1.044511977765887e-05,4.988599514573078e-06,1.220236689185942e-06,0.0,5.274091618533568e-07,4.437466029844222e-05,5.424353781190828e-07,3.936428771306099e-05,1.0457801304599508e-05,5.0586180052496055e-06,1.255211450668975e-06,0.0,1.6925567290943258e-06,5.837091058079247e-05,4.6465344244300724e-07,7.193563869461281e-06,1.0482509971188668e-05,2.262276898407185e-07,1.4018728213891009e-08,0.0,5.189797135930697e-07,1.889995341474064e-05,5.778402840722646e-07,1.7924095992537158e-05,1.0544731979306518e-05,4.400363007066982e-06,2.0745468495998706e-07,0.0,5.166612010364135e-07,3.417114714897933e-05,2.021569430718388e-07,2.225981322559886e-05,1.0523162161777874e-05,4.940012016771193e-06,5.360722266335781e-06,0.0,5.146291066277656e-07,4.380049572018331e-05,1.251743041992915e-08,2.477245726415892e-06,1.0552004686749744e-05,4.13956863756272e-06,1.8117982398876848e-06,0.0,5.232381459770704e-07,1.951637286701304e-05,5.435910350352469e-07,3.91041226777585e-05,1.044024716912026e-05,5.043510104451642e-06,1.3947524814514282e-06,0.0,1.694072997368239e-06,5.822029646518532e-05,3.386188956482369e-07,2.493967589089709e-05,1.0841101739751913e-05,4.352229718289888e-06,1.4033627123131591e-06,0.0,4.806012466367356e-07,4.235559020353702e-05,5.037996306791341e-07,2.8856022502593985e-05,1.0663485609220568e-05,6.147993048560004e-06,1.6102708779322125e-06,0.0,5.233405285506275e-07,4.830491219753653e-05,4.198009579782693e-07,2.5164704813312973e-05,1.0387028529385748e-05,4.370213565761107e-06,1.2104073663582392e-06,0.0,5.080745983398003e-07,4.206022983113613e-05,4.361926246391695e-07,2.6874736980305915e-05,1.0533626765795613e-05,5.098794092928776e-06,1.358054223868066e-06,0.0,5.377494456926994e-07,4.483915413323023e-05,1.1336507616447116e-06,2.953542866380304e-05,1.0355142632624156e-05,5.687993178000567e-06,1.589998209530292e-06,0.0,5.100110878158488e-07,4.881222453341862e-05,1.7746969269628698e-06,3.0938031371108376e-05,1.0323483554148148e-05,5.628370318868279e-06,1.684546545430034e-06,0.0,5.153223440441873e-07,5.086445106056189e-05,2.302281928483545e-07,3.163383239829326e-05,1.0266395603077364e-05,5.656035638357925e-06,1.774093966068285e-06,0.0,4.726675475041837e-07,5.003325334614936e-05,5.2858578718079e-07,2.602887301276634e-05,1.176213496352712e-05,4.947153379045773e-06,1.3935203753308189e-06,0.0,8.441026251027422e-07,4.550437014295358e-05,5.710707140467677e-07,2.20734137510096e-05,2.226559914379717e-06,4.710807680624113e-06,9.178605061444188e-07,0.0,0.0,3.0499712566204613e-05,0.0,0.0,0.0,0.0,0.0,0.0,0.0,0.0,0.0,0.0,0.0,0.0,0.0,0.0,0.0,0.0,0.0,0.0,0.0,0.0,0.0,0.0,0.0,0.0,0.0,0.0,0.0,0.0,0.0,0.0,0.0,0.0,0.0,0.0,0.0,0.0,0.0,0.0,0.0,0.0,0.0,0.0,0.0,0.0,0.0,0.0,0.0,0.0
0_0014,4.892815128630494e-07,2.5625949526738943e-05,9.695863402743538e-06,5.557758127514871e-06,1.5210097251398216e-06,0.0,4.883996206665108e-07,4.337826191566673e-05,1.9086604371058846e-06,3.597534485205201e-05,2.078660868979398e-06,2.769054408696779e-06,0.0,0.0,2.7761173206685683e-06,4.550783788750263e-05,1.619084076438462e-06,2.273823386168573e-05,4.615546177520423e-06,3.814975435951904e-06,0.0,0.0,2.4136252536262005e-06,3.520146480522273e-05,6.266348156014411e-07,1.0871620162276513e-05,1.0848831183613468e-05,4.851648146597369e-06,2.097621209840148e-07,0.0,1.188358591529598e-06,2.8596855020602407e-05,4.61166591901749e-07,2.5367314551575084e-05,9.714179787696716e-06,5.475758148285696e-06,1.440811074383471e-06,0.0,4.889991879165748e-07,4.294822934175929e-05,5.083001476372742e-07,3.801405448594121e-05,9.726984492785993e-06,5.54710382394128e-06,1.4879870339413692e-06,0.0,1.8437763548455083e-06,5.712820633909263e-05,6.038491016420443e-07,7.284490995733258e-06,9.6700386848864e-06,3.647374832088725e-07,3.957120939912678e-09,0.0,5.217198933710457e-07,1.844879327978153e-05,5.958668462477181e-07,1.783198824920326e-05,9.627121345208598e-06,5.155031211182031e-06,2.2566467583440574e-07,0.0,4.808475270289055e-07,3.391651985470492e-05,2.891520039124913e-07,2.136813587858196e-05,9.662211999430872e-06,5.121253175092465e-06,5.165179485812675e-06,0.0,4.81805027684384e-07,4.2087737570514855e-05,1.8268308246975816e-08,2.5389216127252254e-06,9.69684313640912e-06,3.888517497353699e-06,1.7783457044370755e-06,0.0,5.006270419312321e-07,1.842152330110333e-05,5.310927110460492e-07,3.788000509339072e-05,9.695863402743538e-06,5.557758127514871e-06,1.5210097251398216e-06,0.0,1.936608801960328e-06,5.7122337861795344e-05,4.3282484029813793e-07,2.324383359119977e-05,1.0099984856803045e-05,4.668483552130733e-06,1.6718377461806515e-06,0.0,4.88644564222501e-07,4.060560915083484e-05,4.729781990651333e-07,2.7757135419297285e-05,9.878755062907597e-06,6.717897061928479e-06,1.7440858313773916e-06,0.0,5.072324683261828e-07,4.707808404290207e-05,4.368954386350409e-07,2.3513653435175567e-05,9.622898641406833e-06,4.902458676800863e-06,1.3662014686499197e-06,0.0,4.998101594953188e-07,4.034191782016353e-05,4.612830332593188e-07,2.5603946277058663e-05,9.727248083434795e-06,5.558084911063953e-06,1.5454915185222837e-06,0.0,5.057456095511185e-07,4.340179943289013e-05,1.113708681560311e-06,2.830133688503513e-05,9.613312612837183e-06,6.343243733928137e-06,1.959462737435471e-06,0.0,5.08141374264505e-07,4.783920602506073e-05,1.3531903100189583e-06,2.9481471209919047e-05,9.392888308459833e-06,6.495124601490659e-06,1.95832164582308e-06,0.0,4.776390230533816e-07,4.915863509876495e-05,1.800424570498358e-07,3.0030522934955472e-05,9.445470000865043e-06,6.449694822622296e-06,2.031587462164126e-06,0.0,5.206447708702955e-07,4.865796244852708e-05,4.250505166730026e-07,2.48075246493846e-05,1.1129945912319895e-05,5.548043859838574e-06,1.597135750301013e-06,0.0,8.244206490624418e-07,4.4332121337579526e-05,3.429366314042354e-07,1.92698102336036e-05,1.9093326766818035e-06,4.6901341173163314e-06,9.735048104998455e-07,0.0,0.0,2.718571846950581e-05,0.0,0.0,0.0,0.0,0.0,0.0,0.0,0.0,0.0,0.0,0.0,0.0,0.0,0.0,0.0,0.0,0.0,0.0,0.0,0.0,0.0,0.0,0.0,0.0,0.0,0.0,0.0,0.0,0.0,0.0,0.0,0.0,0.0,0.0,0.0,0.0,0.0,0.0,0.0,0.0,0.0,0.0,0.0,0.0,0.0,0.0,0.0,0.0
0_00157,3.9696490411543924e-07,2.4258008421105603e-05,8.879207961825052e-06,5.890811619587335e-06,1.6542092713764295e-06,0.0,4.5434273969936e-07,4.153354491770921e-05,1.644226757280831e-06,3.3568886801448024e-05,1.9096904732190776e-06,3.037875087052589e-06,0.0,0.0,2.3980547429929813e-06,4.255873386199351e-05,1.4601081460995697e-06,2.0018894286709105e-05,4.369140813249406e-06,4.130280390916931e-06,0.0,0.0,2.268866923654499e-06,3.224729056062952e-05,5.146466428313793e-07,8.512632163457595e-06,1.0287509289005186e-05,5.238037020331008e-06,2.955938352601011e-07,0.0,1.1472167903544758e-06,2.5995635741239743e-05,3.407375462055243e-07,2.4071553543992494e-05,8.783360458522282e-06,5.760776705936144e-06,1.4869738859163092e-06,0.0,4.641337456001668e-07,4.090753588617293e-05,3.7336296797705697e-07,3.775710856530167e-05,8.79740327704897e-06,5.832055281929258e-06,1.5344418474093337e-06,0.0,1.996012429796369e-06,5.6290384369462655e-05,5.887831491801123e-07,7.218128619470955e-06,8.910184011126888e-06,6.861352380969066e-07,0.0,0.0,4.592184695912674e-07,1.7862449487466127e-05,4.730463630361708e-07,1.709452589914906e-05,8.837603438493856e-06,5.719763909539009e-06,2.2876949190027409e-07,0.0,4.4901065942756093e-07,3.2802719761545926e-05,2.572137527540345e-07,2.019005933882912e-05,8.915318531875691e-06,5.077430521360059e-06,4.65854089085994e-06,0.0,4.576831571659002e-07,3.955624619284474e-05,2.4289857958233072e-08,2.3319808783558857e-06,8.816108006157191e-06,3.6225814180887775e-06,1.6674549139244335e-06,0.0,4.6035275435579243e-07,1.6922767828840316e-05,4.329485902586122e-07,3.771881699909546e-05,8.879207961825052e-06,5.890811619587335e-06,1.6542092713764295e-06,0.0,1.9481641650410148e-06,5.65241586071839e-05,2.380490155012391e-07,2.1737353776763336e-05,9.30422175650336e-06,4.948080298608138e-06,1.8294996453574489e-06,0.0,4.290735297343468e-07,3.8486278022467865e-05,4.821312400350099e-07,2.6356321840236448e-05,8.888262196512793e-06,6.788905623126605e-06,1.893675418770476e-06,0.0,4.646018718740749e-07,4.4873898190555415e-05,3.181982327859028e-07,2.194968987594999e-05,8.776947503200477e-06,5.095210294073415e-06,1.5050332952205805e-06,0.0,4.418610311422268e-07,3.8086940232372585e-05,3.96933854553515e-07,2.4261377947222672e-05,8.869538095713833e-06,5.890290680683188e-06,1.6540629259715572e-06,0.0,4.504018300367462e-07,4.152260533418152e-05,8.02617010583126e-07,2.736846059478061e-05,8.781675034128637e-06,6.794153040284863e-06,2.1058086555320256e-06,0.0,4.432229836020731e-07,4.6295937318911326e-05,1.027172414971998e-06,2.845973222258513e-05,8.51502019149547e-06,6.792468056969796e-06,2.146449795966621e-06,0.0,4.354177388009544e-07,4.737626042078996e-05,1.2726018435076333e-07,2.935213738449177e-05,8.563796663904219e-06,6.626625665589511e-06,2.213951114997957e-06,0.0,4.91218125461761e-07,4.737498913879598e-05,3.3430235633020737e-07,2.384923082306697e-05,1.0644341791028948e-05,5.944394590563375e-06,1.7870969906344026e-06,0.0,7.361799770620697e-07,4.3295546528685966e-05,3.3466193729629656e-07,1.6455854386024407e-05,1.5763336796451917e-06,4.097255831892931e-06,9.870165157481748e-07,0.0,0.0,2.3451122350607008e-05,0.0,0.0,0.0,0.0,0.0,0.0,0.0,0.0,0.0,0.0,0.0,0.0,0.0,0.0,0.0,0.0,0.0,0.0,0.0,0.0,0.0,0.0,0.0,0.0,0.0,0.0,0.0,0.0,0.0,0.0,0.0,0.0,0.0,0.0,0.0,0.0,0.0,0.0,0.0,0.0,0.0,0.0,0.0,0.0,0.0,0.0,0.0,0.0
0_00175,3.4389356296207574e-07,2.3164327859815293e-05,8.075654490254571e-06,6.073365383158196e-06,1.6902757808223057e-06,0.0,3.890095384664814e-07,3.973652661547892e-05,1.5716990892068678e-06,3.16759040242099e-05,1.9206052005652256e-06,3.112945929823844e-06,0.0,0.0,2.297235665633012e-06,4.0578389909438846e-05,1.281864649165339e-06,1.7654950788868702e-05,4.426687607224471e-06,4.232703402934468e-06,0.0,0.0,2.10417653124456e-06,2.970038297943753e-05,4.207862712098886e-07,6.794700433766123e-06,9.688070308677852e-06,5.305949987712148e-06,2.856471987365326e-07,0.0,1.0578960345430335e-06,2.355305023464558e-05,3.38205123065282e-07,2.272374716299965e-05,7.999002992606176e-06,5.984842969305418e-06,1.5361318007842766e-06,0.0,4.246107873710199e-07,3.900654083613182e-05,4.01411854183782e-07,3.686643047548096e-05,8.006348593706123e-06,6.059966717838175e-06,1.587602813086449e-06,0.0,2.0002058714781384e-06,5.492196632577363e-05,4.910458402626415e-07,7.128839239893471e-06,8.09805821908118e-06,8.263096719539726e-07,3.6034234320859242e-09,0.0,4.057015980948153e-07,1.6953557992718168e-05,4.3580294960755003e-07,1.6119622578847433e-05,8.055261370470587e-06,6.159180686730756e-06,2.315354284701869e-07,0.0,4.139222495816469e-07,3.141532526370816e-05,2.577333317669814e-07,1.902677574408041e-05,8.021021787146262e-06,4.885950654243355e-06,4.523451096027293e-06,0.0,4.033803285805448e-07,3.711831294184484e-05,2.42779991573726e-08,2.164223515293632e-06,8.092765699910103e-06,3.241762857039164e-06,1.4441202568573124e-06,0.0,4.258334578697704e-07,1.539298378612735e-05,3.835490051925274e-07,3.693309596904478e-05,8.075654490254571e-06,6.073365383158196e-06,1.6902757808223057e-06,0.0,1.9295272612303472e-06,5.508546788970273e-05,2.257101349713919e-07,2.0357218565651e-05,8.472772593537292e-06,4.9196703569603305e-06,1.8260001591754104e-06,0.0,4.107135887254793e-07,3.6212085399020895e-05,4.520579347734901e-07,2.515059133233833e-05,8.053537741401137e-06,6.938425758569969e-06,1.9709057503120266e-06,0.0,3.981559956887794e-07,4.296367451308374e-05,3.065290754333862e-07,2.07278744654626e-05,8.060555096833127e-06,5.176800391967719e-06,1.54046786005489e-06,0.0,3.951953258325606e-07,3.6207422215584286e-05,3.398831461712808e-07,2.3183217396310143e-05,8.132330595810246e-06,6.034470748171678e-06,1.7068996788259935e-06,0.0,3.906849602036653e-07,3.9787486525493e-05,8.025194240867294e-07,2.656277638732048e-05,7.829743620844874e-06,7.101280135189159e-06,2.2411366434890324e-06,0.0,4.150642595385657e-07,4.495252047046884e-05,1.1008661986463826e-06,2.808643766465369e-05,7.853510895127504e-06,7.277592138882132e-06,2.278066076326344e-06,0.0,4.05408127413737e-07,4.7001881101049787e-05,9.754488049265337e-08,2.887183947164205e-05,7.739657045697108e-06,6.996337416560195e-06,2.280529510947477e-06,0.0,3.903272542085461e-07,4.637623557954802e-05,2.752245374580563e-07,2.288061616494674e-05,9.967441684849371e-06,6.329260676518087e-06,1.8413752595731264e-06,0.0,8.699932350008816e-07,4.216391155834625e-05,2.426880173574159e-07,1.3871852772985295e-05,1.3648593228415068e-06,3.412168323958604e-06,8.903386694777528e-07,0.0,0.0,1.9781907106620574e-05,0.0,0.0,0.0,0.0,0.0,0.0,0.0,0.0,0.0,0.0,0.0,0.0,0.0,0.0,0.0,0.0,0.0,0.0,0.0,0.0,0.0,0.0,0.0,0.0,0.0,0.0,0.0,0.0,0.0,0.0,0.0,0.0,0.0,0.0,0.0,0.0,0.0,0.0,0.0,0.0,0.0,0.0,0.0,0.0,0.0,0.0,0.0,0.0
0_00195,3.189497511132299e-07,2.2108406982294432e-05,7.278768724241931e-06,6.134032866652017e-06,1.704237826983122e-06,0.0,3.492548094612989e-07,3.789365096074604e-05,1.34419459821379e-06,2.969016757681852e-05,1.928203311300235e-06,3.2675579338174914e-06,0.0,0.0,2.106231817213581e-06,3.833635523736361e-05,1.0741948395244267e-06,1.5794815485157813e-05,4.329271675638409e-06,4.427000344022884e-06,0.0,0.0,2.010151178936856e-06,2.763543352328039e-05,2.996409051686839e-07,5.601114227772129e-06,9.075130208824038e-06,5.494914167149855e-06,2.76029197242638e-07,0.0,9.023566007011856e-07,2.1649185306858527e-05,2.946613851845153e-07,2.1600529317461413e-05,7.190197436647961e-06,5.955652564901821e-06,1.4739798897620683e-06,0.0,3.483339503688664e-07,3.686335454432665e-05,3.886041275516395e-07,3.597878059915518e-05,7.196204782889876e-06,6.025504629966346e-06,1.526678291582024e-06,0.0,2.848809579672995e-06,5.396458201081806e-05,4.517590100656695e-07,6.921839846951191e-06,7.185761805448778e-06,7.987872791013955e-07,2.320103657699681e-09,0.0,3.549831257797946e-07,1.5715451171004525e-05,3.555783334270118e-07,1.5541630760459477e-05,7.162061251629293e-06,6.361016987139371e-06,1.9880327834225402e-07,0.0,3.345954517821141e-07,2.9953686062779527e-05,2.2041661001534985e-07,1.7629764244341114e-05,7.226354733856881e-06,4.655878881955156e-06,4.065758184457177e-06,0.0,3.605448316461352e-07,3.415871748627182e-05,7.241222458217891e-09,2.077980432700993e-06,7.208310565523394e-06,2.8052223282445883e-06,1.2461461823490937e-06,0.0,3.551322959627736e-07,1.370003302723906e-05,3.534234854221504e-07,3.6112857747909886e-05,7.278768724241931e-06,6.134032866652017e-06,1.704237826983122e-06,0.0,2.862239947135448e-06,5.444556059834456e-05,2.3033662962921306e-07,1.93159562881805e-05,7.584190867055599e-06,4.923232492440644e-06,1.82935352588994e-06,0.0,3.439722963728019e-07,3.4227042099568693e-05,2.996765994503064e-07,2.425267337535401e-05,7.319836586775695e-06,7.066017978826444e-06,1.897302447390518e-06,0.0,3.718978119810274e-07,4.1207404799778e-05,2.228984519471389e-07,1.955854868433606e-05,7.188634150962424e-06,5.243915893591204e-06,1.5080631562935649e-06,0.0,3.653161491574507e-07,3.408737648628785e-05,2.911208041458776e-07,2.2083445756040693e-05,7.309186292194145e-06,6.138727707842339e-06,1.712500474489197e-06,0.0,3.499120342611515e-07,3.7884893068973406e-05,5.972377324801792e-07,2.589030350135288e-05,7.063077642042237e-06,7.340132149771493e-06,2.233118380357553e-06,0.0,3.683217693825105e-07,4.349219117538685e-05,8.881422264745213e-07,2.79284817560149e-05,7.017925706700908e-06,7.437249248563458e-06,2.206188934300021e-06,0.0,3.809351616488916e-07,4.585892303370271e-05,5.997377303099124e-08,2.875238513957634e-05,6.837082915053131e-06,7.232685916360226e-06,2.2824368283188343e-06,0.0,3.473073897205787e-07,4.551187196206009e-05,2.548491969356437e-07,2.199189823651214e-05,9.478015857533554e-06,6.606584747784139e-06,1.8191645720378136e-06,0.0,8.557199250014218e-07,4.100623253580471e-05,1.995615448542494e-07,1.1332883370026509e-05,1.1178853174327762e-06,2.34516217241493e-06,7.053844791510346e-07,0.0,0.0,1.5700876883879495e-05,0.0,0.0,0.0,0.0,0.0,0.0,0.0,0.0,0.0,0.0,0.0,0.0,0.0,0.0,0.0,0.0,0.0,0.0,0.0,0.0,0.0,0.0,0.0,0.0,0.0,0.0,0.0,0.0,0.0,0.0,0.0,0.0,0.0,0.0,0.0,0.0,0.0,0.0,0.0,0.0,0.0,0.0,0.0,0.0,0.0,0.0,0.0,0.0
0_00218,2.2824460831939426e-07,2.066715138793135e-05,6.390843624673758e-06,6.237332763734256e-06,1.479874449944106e-06,0.0,2.883749726111798e-07,3.529182180721404e-05,1.07865914589061e-06,2.790846238086652e-05,1.8425743276777749e-06,3.3144105558529887e-06,0.0,0.0,1.941731219373998e-06,3.60858376296619e-05,8.68156296807784e-07,1.37087555736068e-05,4.03080520045868e-06,4.4265004324706096e-06,0.0,0.0,1.8352669175104013e-06,2.4869484420854272e-05,2.754795133859183e-07,4.495098508236592e-06,8.483463715351977e-06,5.633401863568253e-06,2.466953759096667e-07,0.0,9.121479134284064e-07,2.0046286889880813e-05,3.0177850290126133e-07,2.032531122529168e-05,6.374287702186548e-06,6.084381230905868e-06,1.3552363583704697e-06,0.0,3.012844603289031e-07,3.474227947998473e-05,4.000073378182578e-07,3.421450960476575e-05,6.388577593527431e-06,6.148014007385928e-06,1.4062341572372915e-06,0.0,2.346513488617108e-06,5.090385618935177e-05,5.515767516983329e-07,6.877192528601074e-06,6.4236144746231465e-06,5.636079782300008e-07,0.0,0.0,3.197482598903768e-07,1.4735739993042932e-05,3.057558555623275e-07,1.514167083841665e-05,6.476237458599344e-06,6.541912904506228e-06,2.690417998992145e-07,0.0,3.076198420885777e-07,2.9042238699072343e-05,1.4938585398547138e-07,1.632810206288833e-05,6.3920978184303305e-06,4.27275013281314e-06,3.812595887200654e-06,0.0,2.951306465014803e-07,3.125006240181941e-05,1.9444615040151025e-08,1.804437749334182e-06,6.419094289275624e-06,2.5302443026264697e-06,9.554978244337257e-07,0.0,3.050845992899098e-07,1.2033803380000064e-05,3.062954877985472e-07,3.403198546201584e-05,6.390843624673758e-06,6.2449705277703865e-06,1.479874449944106e-06,0.0,2.296689746359113e-06,5.075065929856175e-05,1.8924031162295245e-07,1.8411358429670053e-05,6.838428526571303e-06,5.016510575868591e-06,1.5855054900816249e-06,0.0,3.200506966850233e-07,3.236109403049955e-05,4.292426456574497e-07,2.314109738973857e-05,6.526150452095909e-06,7.165011774993733e-06,1.7598409834390445e-06,0.0,2.89226650328312e-07,3.931056989625304e-05,1.881483369558121e-07,1.802477060882277e-05,6.354851768660724e-06,5.276222077816371e-06,1.3060133925421036e-06,0.0,2.974729166501526e-07,3.144747910144793e-05,2.6862631493524975e-07,2.06045394810869e-05,6.354268334790649e-06,6.23333973481701e-06,1.5041711652379608e-06,0.0,2.775990973148244e-07,3.524254412818261e-05,5.630110603104208e-07,2.518309056736773e-05,6.31311339978326e-06,7.4456058220678e-06,2.0047040360579767e-06,0.0,3.171665311532775e-07,4.182669141674046e-05,9.340618488570948e-07,2.81047779140062e-05,6.104767674883159e-06,7.683674251601048e-06,2.194721260661868e-06,0.0,3.042564109646124e-07,4.532625936097398e-05,2.3269887179399973e-08,2.87081973690856e-05,6.086166217247285e-06,7.507045867584458e-06,2.1223258538108486e-06,0.0,3.061898607987412e-07,4.475319505570634e-05,2.232910917156745e-07,2.094210571334393e-05,8.789740039858551e-06,6.861029162436637e-06,1.6682359698363469e-06,0.0,8.788548027718826e-07,3.9363256779963e-05,1.27888260949228e-07,8.576341595053298e-06,9.867955159019687e-07,1.5343372411581245e-06,4.911223887939043e-07,0.0,0.0,1.1716485001856524e-05,0.0,0.0,0.0,0.0,0.0,0.0,0.0,0.0,0.0,0.0,0.0,0.0,0.0,0.0,0.0,0.0,0.0,0.0,0.0,0.0,0.0,0.0,0.0,0.0,0.0,0.0,0.0,0.0,0.0,0.0,0.0,0.0,0.0,0.0,0.0,0.0,0.0,0.0,0.0,0.0,0.0,0.0,0.0,0.0,0.0,0.0,0.0,0.0
0_00243,3.631128200779392e-07,1.9339533292786605e-05,5.678546430169894e-06,6.160718276446916e-06,1.3825635309253242e-06,0.0,2.226117856059561e-07,3.314708613601264e-05,8.77692707460925e-07,2.5750347315435803e-05,1.7074990194868626e-06,3.2479923400989693e-06,0.0,0.0,1.7527770812911089e-06,3.333630846377368e-05,7.564704649871418e-07,1.1684103741686616e-05,3.905158926690332e-06,4.473509030974702e-06,0.0,0.0,1.6593777026441992e-06,2.2478619866983e-05,3.288744422858634e-07,3.58345384529055e-06,7.814037241072115e-06,5.554893183980751e-06,1.865314346906419e-07,0.0,8.095019719761553e-07,1.827729211929608e-05,2.853049547590451e-07,1.8953080047609847e-05,5.644519090421015e-06,6.117693743236362e-06,1.1699535020163112e-06,0.0,2.2221435398412122e-07,3.23927656920267e-05,3.4254803904638346e-07,3.3680619504645306e-05,5.648998514538065e-06,6.175331385437887e-06,1.2078836871251634e-06,0.0,2.038688854696693e-06,4.90940699854895e-05,4.178850580871189e-07,6.686716131997494e-06,5.6945251807513484e-06,4.109703892987137e-07,0.0,0.0,2.534878159083442e-07,1.3463584576043018e-05,4.039295045068776e-07,1.430451053338724e-05,5.741081446837072e-06,6.342174263440647e-06,2.295179140775921e-07,0.0,2.46246128645503e-07,2.7267459790894924e-05,1.0947266953173076e-07,1.4762935002157816e-05,5.785360914426572e-06,4.153981333344459e-06,3.4498754111192665e-06,0.0,2.501684460790974e-07,2.8511793776658944e-05,1.2785250455383083e-09,1.637956446192502e-06,5.7013544752884735e-06,2.3287525787064587e-06,7.970247810794048e-07,0.0,2.469624800423268e-07,1.0713329286354704e-05,4.1088686922151e-07,3.4318083515542056e-05,5.678546430169894e-06,6.162893328232307e-06,1.3825635309253242e-06,0.0,2.1353289703590555e-06,5.008830264445015e-05,1.635309376591729e-07,1.730132428728915e-05,6.000950682678315e-06,4.919390043290423e-06,1.4047096850208048e-06,0.0,2.364020501992561e-07,3.002630768613712e-05,4.082313205864561e-07,2.168536344544012e-05,5.853806401116405e-06,7.1419873302158045e-06,1.608275142529566e-06,0.0,2.3842455205109296e-07,3.693608819193944e-05,2.909513173152184e-07,1.6622259727781157e-05,5.638783020733724e-06,5.163382710062731e-06,1.153186422359177e-06,0.0,2.3376961407330097e-07,2.910233281232531e-05,3.631239613373795e-07,1.93402703475908e-05,5.678762411120246e-06,6.1609521993993615e-06,1.382615569361598e-06,0.0,2.226201998664683e-07,3.314834468867586e-05,4.288114023272806e-07,2.432975443900056e-05,5.520273555903642e-06,7.633347741435366e-06,1.892843197858162e-06,0.0,2.343885080198258e-07,4.003941884454481e-05,8.061888149424226e-07,2.79601560900282e-05,5.2883872384573806e-06,8.058485704213778e-06,1.9306254013439063e-06,0.0,2.166956812725249e-07,4.4260538930258215e-05,5.769290507415181e-09,2.8811268734172023e-05,5.310655331632035e-06,7.63482771808221e-06,1.986506557848667e-06,0.0,2.345266381912677e-07,4.398355427043362e-05,1.5203393925099276e-07,2.038125416670061e-05,8.243386471270422e-06,6.948054238353079e-06,1.5262275652760102e-06,0.0,8.551285197930173e-07,3.810608490064412e-05,9.222111896850412e-08,6.355584898119323e-06,7.760354487943214e-07,8.86942497921505e-07,3.386911773070266e-07,0.0,0.0,8.44947514111068e-06,0.0,0.0,0.0,0.0,0.0,0.0,0.0,0.0,0.0,0.0,0.0,0.0,0.0,0.0,0.0,0.0,0.0,0.0,0.0,0.0,0.0,0.0,0.0,0.0,0.0,0.0,0.0,0.0,0.0,0.0,0.0,0.0,0.0,0.0,0.0,0.0,0.0,0.0,0.0,0.0,0.0,0.0,0.0,0.0,0.0,0.0,0.0,0.0
0_00272,2.478041834241879e-07,1.803098585044477e-05,4.879607153492734e-06,5.751038335738924e-06,1.0885261066282097e-06,0.0,1.7563215043835144e-07,3.0173593780167183e-05,7.903441642808033e-07,2.32943200664978e-05,1.8793675830129024e-06,3.254920926293145e-06,0.0,0.0,1.509514187743091e-06,3.0728466927827736e-05,7.460082025479535e-07,9.99420191881446e-06,3.6066364634042127e-06,4.334863837241454e-06,0.0,0.0,1.462458482073337e-06,2.014416890408142e-05,3.224500441528176e-07,2.737959329641212e-06,7.134017283983324e-06,5.204444388186101e-06,1.7272578524792545e-07,0.0,7.161032422633616e-07,1.628770007347474e-05,3.682872205503984e-07,1.76488900826248e-05,4.929171504413003e-06,5.659989275929602e-06,9.634884153504796e-07,0.0,2.1594134772509642e-07,2.978576784659338e-05,4.044457767417499e-07,3.340510575090321e-05,4.933283483898841e-06,5.752252960193453e-06,1.0019407879789318e-06,0.0,2.0911473299835906e-06,4.758817608969979e-05,6.011095967082777e-07,6.386685144274206e-06,4.84990937207783e-06,1.8552451057291706e-07,0.0,0.0,1.807936344370195e-07,1.220402225807025e-05,4.332472250778194e-07,1.3652240394783902e-05,4.949745758857343e-06,5.235776468070004e-06,2.445481487540395e-07,0.0,1.9827820179237162e-07,2.471383619733548e-05,1.8310387294193418e-07,1.3321993967942313e-05,4.944811314757693e-06,3.947721806461614e-06,3.0046104876287915e-06,0.0,1.9026661158694802e-07,2.559250806131929e-05,0.0,1.495158975072701e-06,4.985933410699189e-06,1.958220686502894e-06,5.817114004707742e-07,0.0,1.757067083358695e-07,9.196731181081429e-06,2.879329497406841e-07,3.3181656410107855e-05,4.879607153492734e-06,5.751038335738924e-06,1.0885261066282097e-06,0.0,2.161251164413425e-06,4.735001212012182e-05,1.8260874100212285e-07,1.634265814216242e-05,5.356404567985477e-06,4.465657463231758e-06,1.1196940621107994e-06,0.0,1.9728608643666897e-07,2.766430906292925e-05,5.117117550845746e-07,2.080437550854968e-05,5.0161818529344e-06,6.848897672296351e-06,1.3957701178536504e-06,0.0,2.340931708059173e-07,3.4811030077524566e-05,1.890208422728982e-07,1.5206655625179606e-05,4.855456892628623e-06,4.826449871427461e-06,8.458681306552249e-07,0.0,1.7287563347314145e-07,2.609632699563696e-05,2.478068539873586e-07,1.8031195265275422e-05,4.879663487012166e-06,5.751104833162514e-06,1.0885386318120495e-06,0.0,1.756341647285313e-07,3.0173943235978046e-05,7.399890916282563e-07,2.3266729918708057e-05,4.813708489979054e-06,7.355757136947108e-06,1.5932776036442266e-06,0.0,1.9354599815422254e-07,3.796300823906091e-05,6.9883325738332e-07,2.7776980020592096e-05,4.536905449404186e-06,7.973223048174594e-06,1.6937588955617297e-06,0.0,2.1222906920443786e-07,4.289192974032036e-05,4.0645411301486256e-08,2.859001870760955e-05,4.572116515582228e-06,7.762880281648498e-06,1.7486877121694214e-06,0.0,2.055640165246877e-07,4.291991264483589e-05,1.7800265236858577e-07,1.9718218352155103e-05,7.74665393415463e-06,6.452825036591653e-06,1.3290906232926688e-06,0.0,8.137076735180408e-07,3.6238498272080674e-05,1.885421348672554e-07,4.150591418599293e-06,5.465561729097352e-07,5.595918584440733e-07,2.007838011897613e-07,0.0,0.0,5.646065386010118e-06,0.0,0.0,0.0,0.0,0.0,0.0,0.0,0.0,0.0,0.0,0.0,0.0,0.0,0.0,0.0,0.0,0.0,0.0,0.0,0.0,0.0,0.0,0.0,0.0,0.0,0.0,0.0,0.0,0.0,0.0,0.0,0.0,0.0,0.0,0.0,0.0,0.0,0.0,0.0,0.0,0.0,0.0,0.0,0.0,0.0,0.0,0.0,0.0
0_00303,4.339029752819425e-07,1.715784251881172e-05,4.340110335900025e-06,3.967455960743408e-06,8.403069102897892e-07,0.0,1.3590842404794233e-07,2.6875527125074827e-05,7.061362500588572e-07,2.0954059445870254e-05,1.8018304588492727e-06,2.521513951724543e-06,0.0,0.0,1.3226375323340791e-06,2.730617763883701e-05,6.262883031368028e-07,8.973624859438852e-06,3.413077283024969e-06,3.2818464977576825e-06,0.0,0.0,1.3295771179475445e-06,1.762441406130585e-05,4.557440888483196e-07,2.8024174316211283e-06,6.541608741381661e-06,3.7443316839785294e-06,1.815563800565632e-07,0.0,5.929975410818357e-07,1.4318655866968036e-05,4.21985469713598e-07,1.6988841907176272e-05,4.265561987397923e-06,3.965176974967933e-06,7.620623443072502e-07,0.0,1.7605815463838086e-07,2.657968683820136e-05,4.880179584541969e-07,3.270151594806921e-05,4.272638745089376e-06,4.049695691781047e-06,7.992651018973928e-07,0.0,2.204062210710866e-06,4.451519565600209e-05,4.999129653347588e-07,5.65014584464443e-06,4.275284298552731e-06,1.8078074506612978e-07,0.0,0.0,1.7810577737545729e-07,1.0784229630973508e-05,4.3029183978875213e-07,1.3602492551625694e-05,4.243745486786007e-06,2.7231015743292407e-06,1.7952022222081937e-07,0.0,1.761000714265384e-07,2.135525174617705e-05,3.144507721387317e-07,1.2011211668496548e-05,4.27061456795903e-06,3.101726988751376e-06,2.405808290788684e-06,0.0,1.674958100297643e-07,2.2271308098164136e-05,1.2746311565545033e-08,1.363928629983292e-06,4.315160015069485e-06,1.5350907185475246e-06,4.909902645572637e-07,0.0,1.6243547147817953e-07,7.880351411201291e-06,4.487613929086857e-07,3.280177299533082e-05,4.340110335900025e-06,3.967455960743408e-06,8.403069102897892e-07,0.0,2.0315311280205945e-06,4.442993872319332e-05,2.3026770513398282e-07,1.6039276399434543e-05,4.6035309796254405e-06,3.072297615807332e-06,8.638553154465183e-07,0.0,1.682340396906366e-07,2.497746205513845e-05,5.322819867158598e-07,2.0015939145391223e-05,4.381309065488624e-06,4.794595981585574e-06,1.0782988789889894e-06,0.0,1.548374815493585e-07,3.095726253971963e-05,3.808876418815931e-07,1.4494367594162983e-05,4.218330115230693e-06,3.1453447915010244e-06,6.743571344749487e-07,0.0,1.5918879639821413e-07,2.307247607364945e-05,4.339102812603019e-07,1.715816845639946e-05,4.34019245500234e-06,3.967530880032961e-06,8.403225743036638e-07,0.0,1.359109833562447e-07,2.6876035630354967e-05,7.648627491901649e-07,2.2805373770016744e-05,4.078131903218831e-06,5.630028442603887e-06,1.271939183870904e-06,0.0,1.6883701258964497e-07,3.471917306149018e-05,6.988508677706758e-07,2.7578173761953955e-05,3.900640960906989e-06,6.137956041108165e-06,1.3659724514549677e-06,0.0,1.524390670835885e-07,3.9834033150278345e-05,1.7183630408525e-09,2.872235996635388e-05,3.915183534859748e-06,6.18543722928673e-06,1.3669491012458946e-06,0.0,1.7208239928224888e-07,4.036373059406936e-05,1.785328829449713e-07,1.8687180777589244e-05,7.137613503107955e-06,4.802151368612995e-06,1.081594984703422e-06,0.0,8.694393788891602e-07,3.275651289584775e-05,1.3252639781121792e-07,2.438664312983078e-06,3.927512143581995e-07,2.6478797230027697e-07,1.2313890524143674e-07,0.0,0.0,3.3518688026942093e-06,0.0,0.0,0.0,0.0,0.0,0.0,0.0,0.0,0.0,0.0,0.0,0.0,0.0,0.0,0.0,0.0,0.0,0.0,0.0,0.0,0.0,0.0,0.0,0.0,0.0,0.0,0.0,0.0,0.0,0.0,0.0,0.0,0.0,0.0,0.0,0.0,0.0,0.0,0.0,0.0,0.0,0.0,0.0,0.0,0.0,0.0,0.0,0.0
0_00339,4.028739216906134e-07,1.5457720399025266e-05,3.618779940513855e-06,1.8429016637812248e-06,5.605266239852058e-07,0.0,1.2542315360154421e-07,2.200822570259771e-05,7.074991559863007e-07,1.7797581294242063e-05,1.6000027275065663e-06,1.3417396895520883e-06,0.0,0.0,1.0900573089117724e-06,2.253688017619879e-05,5.9391997093006e-07,7.524670302581629e-06,3.2658186982282872e-06,1.6350575726784076e-06,0.0,0.0,1.0864237905504384e-06,1.410589033496882e-05,4.94160631281816e-07,2.151027011651266e-06,5.874831998171176e-06,1.772411371806203e-06,2.8113429186113613e-07,0.0,4.6940544497828267e-07,1.104297074974988e-05,4.939082616287972e-07,1.5177730642159265e-05,3.610535657475048e-06,1.8541985708230967e-06,4.655824931607765e-07,0.0,1.1927941171908674e-07,2.1721235036966067e-05,5.729746582536663e-07,3.020505019688723e-05,3.6152210708499096e-06,1.9114263888940382e-06,4.85875462530773e-07,0.0,2.247743766931707e-06,3.903829154434734e-05,4.828080933163686e-07,4.390258814403999e-06,3.636610933207481e-06,1.1239245504449713e-07,1.517796087190761e-09,0.0,1.204861930547271e-07,8.744074285114265e-06,3.449837593408735e-07,1.2378125766307324e-05,3.6250112307374378e-06,9.277806217357092e-07,1.1487888593117793e-07,0.0,1.1647731126276085e-07,1.7507257575315284e-05,2.811514963290909e-07,1.0489321925291064e-05,3.669492409042573e-06,1.789465338727601e-06,1.7665206443339663e-06,0.0,1.3748218801574841e-07,1.8133434001740044e-05,2.9479377874761583e-08,1.1558660492910822e-06,3.581512851793488e-06,1.12246464933451e-06,3.094751275367183e-07,0.0,1.277647987759755e-07,6.326562854606536e-06,4.545408419733455e-07,3.068191634073707e-05,3.618779940513855e-06,1.8429016637812248e-06,5.605266239852058e-07,0.0,2.154325946702121e-06,3.9312991357692815e-05,2.274660985940951e-07,1.4365632012041831e-05,3.8741101842877375e-06,1.3720259797535771e-06,5.490523910063437e-07,0.0,1.501042255323353e-07,2.053839089121592e-05,6.05086058075277e-07,1.822703440090458e-05,3.749420306421744e-06,2.3959656582992747e-06,7.302422219051211e-07,0.0,1.35224167858054e-07,2.584297281346405e-05,2.7772555206967306e-07,1.2748690759248389e-05,3.5422533637660226e-06,1.4347837077658667e-06,3.75097820036896e-07,0.0,1.2522832626865882e-07,1.8503779529155505e-05,4.028776711851728e-07,1.545787606422497e-05,3.6188161519067977e-06,1.8429199677080912e-06,5.605321897108565e-07,0.0,1.2542439878203697e-07,2.2008446443517923e-05,8.057451675974684e-07,2.086980912487368e-05,3.3764760248993457e-06,2.9274102796691254e-06,8.223692596334922e-07,0.0,1.1646921326963853e-07,2.8918279069942743e-05,8.615011029547195e-07,2.612050707663828e-05,3.2487728974888214e-06,3.4070706880173654e-06,9.226086583567042e-07,0.0,1.050102754204819e-07,3.466547069887637e-05,0.0,2.718158829290977e-05,3.2147410184823605e-06,3.443317693113992e-06,9.906614417033693e-07,0.0,1.1102520100368709e-07,3.494133364721319e-05,2.971017732719309e-07,1.7389905302103003e-05,6.592352090365069e-06,2.349199867598803e-06,7.044345782227044e-07,0.0,8.562257621333821e-07,2.8189219373694903e-05,8.9967751194974e-08,8.366100383395839e-07,2.083282326871529e-07,1.1845789340961633e-07,6.468728228719027e-08,0.0,0.0,1.3180511979185175e-06,0.0,0.0,0.0,0.0,0.0,0.0,0.0,0.0,0.0,0.0,0.0,0.0,0.0,0.0,0.0,0.0,0.0,0.0,0.0,0.0,0.0,0.0,0.0,0.0,0.0,0.0,0.0,0.0,0.0,0.0,0.0,0.0,0.0,0.0,0.0,0.0,0.0,0.0,0.0,0.0,0.0,0.0,0.0,0.0,0.0,0.0,0.0,0.0
0_00378,6.141099970672462e-07,1.2954983206470089e-05,3.0322808123519062e-06,7.418382434137621e-07,2.893139925030526e-07,0.0,7.797019138555437e-08,1.7710496443191607e-05,6.013808102590698e-07,1.3962629568262892e-05,1.503657175353095e-06,4.809220773982205e-07,0.0,0.0,9.232018463606784e-07,1.747179147763395e-05,6.204238528465506e-07,5.86931797158843e-06,3.063568426884084e-06,5.759855304124778e-07,0.0,0.0,9.330360950467588e-07,1.10623318767783e-05,6.316529210276873e-07,1.2669768935880664e-06,5.110723088087843e-06,6.72442336151577e-07,2.331935617470338e-07,0.0,3.84814121965924e-07,8.299802922568134e-06,5.46591310158595e-07,1.2597152282579448e-05,3.004935306231794e-06,6.799301911696292e-07,1.974333542031064e-07,0.0,8.22224114172098e-08,1.7108264855759787e-05,6.29888303529808e-07,2.69314160890282e-05,3.005958525102474e-06,7.081603472374352e-07,2.134949314344173e-07,0.0,2.333242598688097e-06,3.3822160795020435e-05,2.7889960624329337e-07,2.639540556387596e-06,3.0061362971916143e-06,5.7143873952342785e-09,0.0,0.0,8.151456675684998e-08,6.011805413974588e-06,5.020464353781272e-07,1.0160544026135965e-05,3.0524760654547384e-06,2.530211807879339e-07,2.1858190374346192e-08,0.0,9.709099689836153e-08,1.4087036895029474e-05,3.482766500519278e-07,8.624845017825453e-06,3.069981131950453e-06,9.120455705380072e-07,1.009332027897344e-06,0.0,7.82402491478008e-08,1.4042720647410983e-05,3.0786892236797915e-08,1.0441602663046938e-06,3.01188927870918e-06,7.030044132347552e-07,1.7866445688583537e-07,0.0,8.361499459423279e-08,5.052120301965495e-06,6.570826449689954e-07,2.707637628652189e-05,3.0322808123519062e-06,7.418382434137621e-07,2.893139925030526e-07,0.0,2.0850901979689338e-06,3.388198217772855e-05,3.043785847031312e-07,1.205397657297717e-05,3.364654426374915e-06,4.910980007122293e-07,2.781421805681216e-07,0.0,6.857830394216064e-08,1.6560828069277726e-05,7.924175003786532e-07,1.5901568661215528e-05,3.157608883986804e-06,9.388417406906152e-07,3.633831354443756e-07,0.0,7.190181745212571e-08,2.1225721739168106e-05,4.756944953776533e-07,1.028212567878034e-05,3.005432824539048e-06,4.911641129296511e-07,1.9856021017643645e-07,0.0,8.474099346711407e-08,1.4537718315270246e-05,6.142163567775183e-07,1.2957588271932428e-05,3.032889455175948e-06,7.419836896429344e-07,2.8937073649031706e-07,0.0,7.79856644633387e-08,1.7714034174482485e-05,9.896185829917467e-07,1.806591767154978e-05,2.842960432503174e-06,1.0005606802746296e-06,4.042046896360055e-07,0.0,7.743202097787122e-08,2.338069407793321e-05,8.585503661892098e-07,2.366692753124632e-05,2.5862822055028994e-06,1.312277806266825e-06,4.809657520832442e-07,0.0,7.823061211527589e-08,2.8983234273403777e-05,0.0,2.437645099240108e-05,2.684917603456546e-06,1.3183821547796066e-06,4.121879864041037e-07,0.0,7.83326496562336e-08,2.887027138669756e-05,3.1073551118305145e-07,1.5114982145651368e-05,6.116172736863811e-06,8.226932914085285e-07,3.366067511787123e-07,0.0,8.465088041712843e-07,2.3547699240456755e-05,2.9354590430257498e-08,1.956751604519254e-07,5.819153699601544e-08,3.743582953752079e-09,1.5029725316869753e-08,0.0,0.0,3.019945961488202e-07,0.0,0.0,0.0,0.0,0.0,0.0,0.0,0.0,0.0,0.0,0.0,0.0,0.0,0.0,0.0,0.0,0.0,0.0,0.0,0.0,0.0,0.0,0.0,0.0,0.0,0.0,0.0,0.0,0.0,0.0,0.0,0.0,0.0,0.0,0.0,0.0,0.0,0.0,0.0,0.0,0.0,0.0,0.0,0.0,0.0,0.0,0.0,0.0
0_00422,7.727876040440673e-07,9.844255995547144e-06,2.5010554426606446e-06,1.7020860135576445e-07,7.709888119567084e-08,0.0,5.6665293875940986e-08,1.342207181867923e-05,7.279377186562288e-07,1.0375535021239768e-05,1.411575020180611e-06,1.035447529616265e-07,0.0,0.0,6.988834923474103e-07,1.3317476005385646e-05,6.720481314712687e-07,4.113145745568455e-06,2.7946841035601075e-06,9.732325198725168e-08,0.0,0.0,7.180591964217684e-07,8.395260429008852e-06,7.460219344459677e-07,6.359592155257734e-07,4.509161134716776e-06,1.2470484685382986e-07,4.8493869212456263e-08,0.0,3.442887391481203e-07,6.408629739902923e-06,7.302464739041414e-07,9.615546020000046e-06,2.4648768398901696e-06,1.3070495808539073e-07,2.942488353465305e-08,0.0,4.9453587180973736e-08,1.3020252762595375e-05,7.542916677682773e-07,2.4355595815927188e-05,2.467151210720393e-06,1.3391745465360098e-07,4.1726858388831693e-08,0.0,1.970267885540665e-06,2.972295089299896e-05,2.659407111231199e-07,1.1580606651961808e-06,2.4899511793168906e-06,0.0,0.0,0.0,5.50864225596165e-08,3.969038978195808e-06,6.000920124281868e-07,7.327216331203097e-06,2.503996704376867e-06,1.3940282144359857e-08,0.0,0.0,6.107547641530891e-08,1.050632080656782e-05,4.5325583113649866e-07,6.875491553904413e-06,2.540709824066062e-06,3.8622430341669714e-07,4.997590883166411e-07,0.0,5.967531976124315e-08,1.0815115920601555e-05,4.9122460112812734e-08,8.64260012880455e-07,2.5472288151538283e-06,3.190349746575872e-07,1.0813460745006968e-07,0.0,6.419256436708455e-08,3.951973434621837e-06,7.827914453533182e-07,2.4431439771919347e-05,2.5010554426606446e-06,1.7020860135576445e-07,7.709888119567084e-08,0.0,1.990488405729555e-06,2.9953082548214303e-05,3.061266611086963e-07,8.62061734918347e-06,2.707954881888946e-06,4.072981999365575e-08,9.967740928914321e-08,0.0,5.48160896137691e-08,1.1829922211077682e-05,8.648758908290846e-07,1.268494478639008e-05,2.5667133651431185e-06,2.789859918454228e-07,1.8200561577352465e-07,0.0,5.555165636125359e-08,1.663307730634248e-05,5.489811390743684e-07,7.346266381769254e-06,2.413151584507902e-06,1.0449204949909905e-07,4.6514107758892174e-08,0.0,6.321008152918767e-08,1.0522615344138705e-05,7.728250296859332e-07,9.844799039182348e-06,2.5011929258341186e-06,1.7021727031327616e-07,7.71026914462233e-08,0.0,5.6668394479423224e-08,1.3422805350941324e-05,1.244916964919574e-06,1.4461760709618448e-05,2.356794776254032e-06,2.87239869413141e-07,9.276229969625501e-08,0.0,4.752199325515333e-08,1.84909966131566e-05,1.0751521654403348e-06,1.9658339999850825e-05,2.14785798907066e-06,3.934376464266608e-07,1.1832547533395097e-07,0.0,3.97208156040108e-08,2.343283409172644e-05,0.0,1.9818273190444705e-05,2.0998426693777376e-06,4.016209295507406e-07,1.1263129965772772e-07,0.0,4.523119993094473e-08,2.247759928896185e-05,3.836902717783753e-07,1.2295720651171304e-05,5.50672356835056e-06,1.953947831464607e-07,7.525571548426748e-08,0.0,7.965914559597971e-07,1.925337644589077e-05,2.981950236821973e-08,3.056165288532925e-08,0.0,0.0,9.755583346876632e-09,0.0,0.0,7.013673860042562e-08,0.0,0.0,0.0,0.0,0.0,0.0,0.0,0.0,0.0,0.0,0.0,0.0,0.0,0.0,0.0,0.0,0.0,0.0,0.0,0.0,0.0,0.0,0.0,0.0,0.0,0.0,0.0,0.0,0.0,0.0,0.0,0.0,0.0,0.0,0.0,0.0,0.0,0.0,0.0,0.0,0.0,0.0,0.0,0.0,0.0,0.0,0.0,0.0
0_00471,7.046185648370712e-07,7.357149691889172e-06,2.0625285467472e-06,6.23585944193092e-08,1.1654166958369436e-08,0.0,3.904599754962696e-08,1.0237355562400747e-05,7.087828891838763e-07,7.063988956122625e-06,1.3780565479762356e-06,2.637511141806812e-08,0.0,0.0,5.341904913020325e-07,9.711393996002836e-06,8.000083657585584e-07,3.338320332050624e-06,2.421758395794428e-06,3.1273490184939594e-08,0.0,0.0,5.372513663211901e-07,7.12861195010974e-06,7.483457235042323e-07,1.2552116992015848e-06,3.847674060352741e-06,6.831798892649402e-08,0.0,0.0,2.385438961793612e-07,6.1580933681644125e-06,6.772099763872292e-07,7.260931459853413e-06,2.0296190710631144e-06,7.858968871563546e-08,1.7705238815820113e-08,0.0,3.1798704005223094e-08,1.0095854138840437e-05,6.962676012316982e-07,2.2025250198818223e-05,2.0296190710631144e-06,7.977011349996804e-08,1.7705238815820113e-08,0.0,2.553230798417287e-06,2.7401843021846105e-05,1.5601253180827113e-07,5.958179368452049e-07,2.050553562784748e-06,0.0,0.0,0.0,3.4310190079783815e-08,2.8366942215180085e-06,7.533566984023493e-07,5.15617641556249e-06,2.034415454433218e-06,0.0,0.0,0.0,4.082568623398813e-08,7.984774254632045e-06,4.1078809055643923e-07,5.425141122901511e-06,1.913959321711305e-06,1.679096173177114e-07,1.6017137320447268e-07,0.0,2.7981898775125706e-08,8.105951424466566e-06,3.059091857724732e-08,6.175636509930594e-07,1.9621126192056587e-06,1.778453033173017e-07,4.003670411986152e-08,0.0,2.823451950163304e-08,2.8563837157147618e-06,7.09750352100212e-07,2.2341661036892083e-05,2.0625285467472e-06,6.23585944193092e-08,1.1654166958369436e-08,0.0,2.3314010918840285e-06,2.75193537890012e-05,2.8367554317276575e-07,5.855354259086875e-06,2.326588956170529e-06,3.690446224263434e-08,5.544574872636769e-09,0.0,2.4187274097803425e-08,8.532255069643244e-06,1.0717034629994249e-06,1.0265721354081129e-05,2.1928227538707616e-06,1.2726902649045218e-07,5.70574346876875e-08,0.0,3.65323177991103e-08,1.3751106349928565e-05,4.270684690302016e-07,5.201666898060155e-06,1.969888489656386e-06,3.2055365908423055e-08,0.0,0.0,3.643797791597781e-08,7.667117200571145e-06,7.045898617638316e-07,7.356827881437259e-06,2.0624386518813345e-06,6.235613576244917e-08,1.165371482959922e-08,0.0,3.904435920389511e-08,1.0236910604878368e-05,1.4900289345655163e-06,1.0926310133909183e-05,1.8416206043143389e-06,2.293284640486163e-07,1.1188302372860589e-08,0.0,3.6414352969726766e-08,1.4534890792180244e-05,1.1178514047507546e-06,1.46586221928656e-05,1.646888657443437e-06,2.3524226335256482e-07,4.85503900185398e-09,0.0,3.948256171326076e-08,1.7702942119127477e-05,0.0,1.4366023890874872e-05,1.6001381713162698e-06,2.657614453006781e-07,5.5050047596119315e-09,0.0,4.441278127049921e-08,1.6281841293521934e-05,5.538155351398822e-07,9.781362854936283e-06,5.045668672370901e-06,6.180539923110421e-08,1.1318536101406304e-08,0.0,7.659342498315598e-07,1.621990524761114e-05,4.5518914274167033e-08,4.469475610531875e-09,0.0,0.0,6.8440843591972545e-09,0.0,0.0,5.683247424389613e-08,0.0,0.0,0.0,0.0,0.0,0.0,0.0,0.0,0.0,0.0,0.0,0.0,0.0,0.0,0.0,0.0,0.0,0.0,0.0,0.0,0.0,0.0,0.0,0.0,0.0,0.0,0.0,0.0,0.0,0.0,0.0,0.0,0.0,0.0,0.0,0.0,0.0,0.0,0.0,0.0,0.0,0.0,0.0,0.0,0.0,0.0,0.0,0.0
0_00526,6.651585118771451e-07,5.197949558008351e-06,1.5974991837437757e-06,5.1359205963449095e-08,0.0,0.0,1.0967385743607536e-08,7.522933845336327e-06,6.775565257643233e-07,4.726278668706172e-06,1.1828986671950383e-06,1.907845519562781e-08,0.0,0.0,3.560856642637162e-07,6.961897981124879e-06,7.387752080665024e-07,2.4494687925752297e-06,2.1616733646376976e-06,4.8435834232733126e-08,0.0,0.0,3.6810681151737493e-07,5.766460011029538e-06,6.84031403515225e-07,1.954730985060247e-06,3.3212294954567943e-06,5.7490126366453844e-08,0.0,0.0,1.6295242961913432e-07,6.180434440017854e-06,6.758669493790841e-07,5.179951949168104e-06,1.6235866152213118e-06,6.451717041004828e-08,0.0,0.0,1.451028475503144e-08,7.558432968933578e-06,6.992853769302091e-07,1.905773286681478e-05,1.6235866152213118e-06,6.451717041004828e-08,0.0,0.0,1.962557236960969e-06,2.340767926633732e-05,7.243206278310665e-08,2.8764111337466894e-07,1.5741523474733823e-06,0.0,0.0,0.0,1.2109820161766994e-08,1.946335343792925e-06,6.345202819582015e-07,2.9101188275481977e-06,1.6179342827926836e-06,0.0,0.0,0.0,1.3811588923803912e-08,5.176384981222886e-06,3.704296189551817e-07,3.8954879209987455e-06,1.576548472041587e-06,8.78145021033542e-08,3.803035021743549e-08,0.0,1.1572786599426231e-08,5.979883650915731e-06,7.759099323313504e-08,4.1634879721719393e-07,1.6070943631051246e-06,9.995004384116776e-08,1.2157299071090748e-08,0.0,1.2955698552681276e-08,2.226097195020393e-06,7.005653693933985e-07,1.856836374658697e-05,1.5974991837437757e-06,5.1359205963449095e-08,0.0,0.0,2.0902993609227187e-06,2.300808686661031e-05,2.708145099927954e-07,3.7780411039349166e-06,1.823207507321013e-06,6.888399906415388e-08,0.0,0.0,1.402802135410902e-08,5.954975141666987e-06,9.801420269240271e-07,7.94786836204502e-06,1.7264122196500682e-06,6.836671059950218e-08,1.9093844699799763e-08,0.0,1.3533333702178749e-08,1.0755416497620595e-05,4.165673581284829e-07,3.474379048935045e-06,1.56408378055877e-06,2.3246586983691066e-08,0.0,0.0,1.1577304867817484e-08,5.489854079473806e-06,6.651554641049318e-07,5.1979240036071614e-06,1.5974914591959312e-06,5.135896900958453e-08,0.0,0.0,1.0967332078429373e-08,7.5228972279960385e-06,1.5585596608063302e-06,7.682817966764416e-06,1.482049541193885e-06,1.3558825225255788e-07,2.0786935689415004e-09,0.0,1.3308810948864925e-08,1.0874402925534996e-05,1.0660078148733115e-06,1.007576691373919e-05,1.218815382023706e-06,1.776860025597444e-07,9.48975539071533e-09,0.0,1.8331347188576936e-08,1.2566097215775246e-05,3.259066429557729e-09,9.938594686165036e-06,1.1613790047475674e-06,1.922970342365813e-07,1.607711913762953e-08,0.0,8.545551716629919e-09,1.1320152462433003e-05,7.223816940746284e-07,7.491114289413851e-06,4.555789466159608e-06,4.841234635782863e-08,0.0,0.0,7.273091708932294e-07,1.3545006966899146e-05,1.1364503021359029e-07,1.811006825301252e-09,0.0,0.0,0.0,0.0,0.0,1.1545603703889154e-07,0.0,0.0,0.0,0.0,0.0,0.0,0.0,0.0,0.0,0.0,0.0,0.0,0.0,0.0,0.0,0.0,0.0,0.0,0.0,0.0,0.0,0.0,0.0,0.0,0.0,0.0,0.0,0.0,0.0,0.0,0.0,0.0,0.0,0.0,0.0,0.0,0.0,0.0,0.0,0.0,0.0,0.0,0.0,0.0,0.0,0.0,0.0,0.0
0_00587,4.5980420799119254e-07,4.202458519041669e-06,1.2385014867702875e-06,3.4242704376817445e-08,1.7068718064946051e-09,0.0,4.761151911540744e-09,5.941474941898e-06,5.326274848285319e-07,3.823621228635839e-06,1.2047073527970272e-06,2.0155482042283798e-09,0.0,0.0,2.3077596661017642e-07,5.7937475810758025e-06,5.023431698718892e-07,1.614782498010045e-06,1.887748590224508e-06,9.803429784415588e-09,0.0,0.0,2.316221115539329e-07,4.246299799444791e-06,4.409814850242976e-07,8.975284639041195e-07,2.9492383132627408e-06,1.954464596073136e-08,0.0,0.0,1.1131402891895325e-07,4.418606937070842e-06,5.103919111514806e-07,4.181874262569259e-06,1.216476852922822e-06,4.7634905098668415e-08,3.958249090868277e-09,0.0,5.852225484857989e-09,5.966188406317958e-06,5.103919111514806e-07,1.8350787270240307e-05,1.2182156409191794e-06,4.7634905098668415e-08,3.958249090868277e-09,0.0,2.036816870091693e-06,2.21678048465922e-05,1.733863431819019e-07,3.967769947249325e-07,1.1946753148201778e-06,0.0,0.0,0.0,3.8300166223123795e-09,1.7686686693493245e-06,4.636626326903797e-07,3.006702476816816e-06,1.184869613834469e-06,0.0,0.0,0.0,4.740795516027356e-09,4.659975518857693e-06,4.05310932230656e-07,2.9604460679241464e-06,1.2615645884486304e-06,7.27623001887895e-08,3.8344662765338964e-08,0.0,4.857755431281856e-09,4.743286306988843e-06,1.856371745845038e-08,2.764794262559319e-07,1.2163388369799485e-06,5.23339975725977e-08,5.746802411653249e-09,0.0,3.850177091010052e-09,1.5733129577695918e-06,4.5980420799119254e-07,1.8548554020056044e-05,1.2385014867702875e-06,3.4242704376817445e-08,1.7068718064946051e-09,0.0,2.091608259191964e-06,2.23744175501928e-05,1.377516130210676e-07,2.6205736594797364e-06,1.522925812441331e-06,9.692400455619572e-09,1.1332780232833842e-08,0.0,9.037400600363882e-09,4.311313666230952e-06,7.726721194433942e-07,6.751608621279755e-06,1.2655729307213134e-06,9.251229094862157e-08,2.36456678652994e-08,0.0,4.779519903457956e-09,8.910791150161841e-06,2.6200245054232373e-07,2.4545629016954096e-06,1.1998843179985774e-06,1.4973631094475647e-08,0.0,0.0,5.721142130787241e-09,3.937144443461573e-06,4.5978486316921364e-07,4.20225574423436e-06,1.238442461494207e-06,3.4241246581774615e-08,1.7067910061807801e-09,0.0,4.7609233993042675e-09,5.941192029885041e-06,1.0517075776504617e-06,6.730543681601606e-06,1.083894803231944e-06,6.965087541502644e-08,3.372503958366833e-09,0.0,2.293288214252709e-09,8.941462730071658e-06,8.215661083329559e-07,8.914744006273595e-06,8.412843035279462e-07,1.222840724799417e-07,0.0,0.0,3.839878193833899e-09,1.0703718368808274e-05,0.0,8.63959520366887e-06,8.241069716437962e-07,1.002663758754641e-07,0.0,0.0,1.1369628034748874e-08,9.57533817922288e-06,4.690643625240964e-07,6.60507216701333e-06,4.046877984359931e-06,4.002748929148091e-08,5.566693667921827e-09,0.0,7.224736865796585e-07,1.188908238343642e-05,1.5940133405110218e-08,3.915355785820226e-09,0.0,0.0,1.7498206824012023e-09,0.0,0.0,2.1605309873331646e-08,0.0,0.0,0.0,0.0,0.0,0.0,0.0,0.0,0.0,0.0,0.0,0.0,0.0,0.0,0.0,0.0,0.0,0.0,0.0,0.0,0.0,0.0,0.0,0.0,0.0,0.0,0.0,0.0,0.0,0.0,0.0,0.0,0.0,0.0,0.0,0.0,0.0,0.0,0.0,0.0,0.0,0.0,0.0,0.0,0.0,0.0,0.0,0.0
0_00655,4.1131209787708274e-07,3.371490688065076e-06,9.572411047860857e-07,1.885203459005389e-08,0.0,0.0,2.6109714891302886e-09,4.761506896807428e-06,3.98930998154519e-07,2.868777364466187e-06,1.049122851998798e-06,0.0,0.0,0.0,1.4317584242511217e-07,4.460007057044617e-06,3.594459264396711e-07,1.0204085361907305e-06,1.7685638937084445e-06,0.0,0.0,0.0,1.3295783916762156e-07,3.2813761955064674e-06,3.62040358597017e-07,3.819418157025953e-07,2.461264920498869e-06,3.132086380434349e-09,0.0,0.0,5.311960654400765e-08,3.261498787722923e-06,3.770656578419351e-07,3.495209108322157e-06,9.36383991305928e-07,0.0,0.0,0.0,2.070328179302095e-09,4.810729085649322e-06,3.968612807799646e-07,1.7373425506071443e-05,9.37565196036079e-07,0.0,0.0,0.0,2.2642145595049424e-06,2.0972066542392427e-05,2.100398175034794e-07,3.913642847418085e-07,9.40135670665518e-07,0.0,0.0,0.0,5.06676229599125e-10,1.542046449140405e-06,3.026128957382268e-07,2.5569125199859563e-06,9.976858679101103e-07,0.0,0.0,0.0,2.1100539825749637e-09,3.859321337616869e-06,1.6543114362942606e-07,2.188820846619256e-06,9.12066973576576e-07,1.4472662260078781e-08,3.702104429096365e-08,0.0,0.0,3.3178126703763e-06,5.904023228362837e-09,2.426687555966736e-07,9.131423386942014e-07,5.3692463142481074e-08,1.5617129800934673e-08,0.0,1.5897085870339303e-09,1.2326144190496871e-06,4.357883267762011e-07,1.756775017049126e-05,9.572411047860857e-07,1.885203459005389e-08,0.0,0.0,2.3277496655129088e-06,2.1307381302156507e-05,1.5257742433811565e-07,1.541342854538e-06,1.0965329741464162e-06,0.0,0.0,0.0,8.97985178105074e-10,2.7913512382006363e-06,6.097271929223546e-07,5.710817979745849e-06,9.5938553225028e-07,1.7034308800456152e-08,2.6532992335160148e-08,0.0,0.0,7.323498006054101e-06,2.063063422695934e-07,1.5533941375359927e-06,8.93134274944546e-07,7.0111500727093435e-09,0.0,0.0,2.4810726464797716e-09,2.6623269774693213e-06,4.112963621425166e-07,3.371344950615401e-06,9.572004811932483e-07,1.8851501414387257e-08,0.0,0.0,2.610859623764521e-09,4.761304154989319e-06,6.662958247924389e-07,5.525359578769189e-06,7.778931530489609e-07,0.0,0.0,0.0,0.0,6.969548556610588e-06,6.636899476824124e-07,7.560880668180986e-06,4.846153833648534e-07,0.0,0.0,0.0,1.1695963131122312e-09,8.710355595541365e-06,0.0,7.276714381711403e-06,5.254508479094271e-07,0.0,0.0,0.0,2.0850995285496756e-09,7.80425032914938e-06,2.7956859080406776e-07,5.794602344783053e-06,3.554523630416003e-06,6.263238636232635e-08,0.0,0.0,6.806375362721802e-07,1.0371964488637629e-05,6.390368985625281e-09,1.923481126985129e-09,0.0,0.0,0.0,0.0,0.0,8.313850112610411e-09,0.0,0.0,0.0,0.0,0.0,0.0,0.0,0.0,0.0,0.0,0.0,0.0,0.0,0.0,0.0,0.0,0.0,0.0,0.0,0.0,0.0,0.0,0.0,0.0,0.0,0.0,0.0,0.0,0.0,0.0,0.0,0.0,0.0,0.0,0.0,0.0,0.0,0.0,0.0,0.0,0.0,0.0,0.0,0.0,0.0,0.0,0.0,0.0
0_00732,4.240279165076821e-07,2.27170442346163e-06,7.331747040965189e-07,1.9649294114025792e-08,0.0,0.0,0.0,3.448556338179856e-06,4.25351067325479e-07,1.983006408982593e-06,9.794961498053865e-07,8.803055325373453e-09,0.0,0.0,9.747201663292253e-08,3.494128698071755e-06,4.020929949264818e-07,3.422041341788679e-07,1.561327553449816e-06,9.407212616657149e-09,0.0,0.0,7.624107984507746e-08,2.3912729750169e-06,4.497123372075922e-07,1.1909125413998365e-07,2.05763854050559e-06,1.2336245769161844e-08,0.0,0.0,2.4413102052329792e-08,2.663191479674658e-06,4.709991070940551e-07,2.263387842511037e-06,7.21930127768849e-07,1.2170616322144817e-08,0.0,0.0,0.0,3.4684876936960862e-06,5.077474414213921e-07,1.6384642442196044e-05,7.22360189221882e-07,1.2170616322144817e-08,0.0,0.0,2.209012448932827e-06,1.9835933138094293e-05,2.764843775922753e-07,4.311720159366091e-07,6.819492720362874e-07,6.32091379964866e-10,0.0,0.0,0.0,1.3902377569451367e-06,4.269564099316168e-07,1.8743174850929225e-06,7.127728161091542e-07,6.287536033625508e-09,0.0,0.0,0.0,3.0203342471673186e-06,2.2643867436857761e-07,1.415823639300127e-06,7.176181766447894e-07,3.707530710270479e-08,1.7395808994426445e-08,0.0,0.0,2.414351606410625e-06,0.0,1.4996095826283372e-07,6.78830352591419e-07,2.4848867448545533e-08,0.0,0.0,4.127961693639884e-10,8.540529744721623e-07,4.47966622541912e-07,1.6055998050837055e-05,7.331747040965189e-07,1.9649294114025792e-08,0.0,0.0,2.217548736791011e-06,1.947433740838052e-05,9.834556966039789e-08,8.364483680538883e-07,8.749330591021458e-07,0.0,0.0,0.0,0.0,1.809726996816432e-06,6.962023731084229e-07,4.484150440458194e-06,7.164444676723886e-07,3.314319558466948e-08,1.2914736900089469e-08,0.0,0.0,5.942855213723764e-06,2.1358043296312026e-07,8.415140244363673e-07,6.442253485344818e-07,2.5856331495017557e-09,0.0,0.0,0.0,1.7019054390834712e-06,4.240102746093326e-07,2.271601870852704e-06,7.331426862593995e-07,1.964851107642309e-08,0.0,0.0,0.0,3.4484033427978584e-06,6.280852360732618e-07,3.7990271888726768e-06,4.903964747147012e-07,4.2398021708586595e-09,0.0,0.0,0.0,4.921748701831498e-06,1.865699543736861e-07,5.228359658218225e-06,3.103164512179995e-07,1.5473428555981971e-09,0.0,0.0,0.0,5.7267934066655095e-06,0.0,4.941166758883097e-06,3.532826646675269e-07,1.3185441368551614e-09,0.0,0.0,0.0,5.295767967687479e-06,3.711916909888981e-07,4.733455464412705e-06,3.0887875906466093e-06,5.347349042969188e-08,1.1296610994379e-08,0.0,6.417294793003991e-07,8.899934326772682e-06,4.369078748795209e-09,0.0,0.0,0.0,0.0,0.0,0.0,4.369078748795209e-09,0.0,0.0,0.0,0.0,0.0,0.0,0.0,0.0,0.0,0.0,0.0,0.0,0.0,0.0,0.0,0.0,0.0,0.0,0.0,0.0,0.0,0.0,0.0,0.0,0.0,0.0,0.0,0.0,0.0,0.0,0.0,0.0,0.0,0.0,0.0,0.0,0.0,0.0,0.0,0.0,0.0,0.0,0.0,0.0,0.0,0.0,0.0,0.0
0_00817,2.8192711822086613e-07,1.82996592042776e-06,5.652473110022863e-07,5.248111677079208e-08,0.0,0.0,0.0,2.729621466421704e-06,2.9122401661898324e-07,1.475845083927622e-06,8.815037645385159e-07,3.3245823298024974e-08,0.0,0.0,7.019977318527422e-08,2.75201846156842e-06,3.185955994198363e-07,5.008957467366749e-07,1.3767079493476344e-06,1.9543844706371363e-08,0.0,0.0,3.4333252449007806e-08,2.250076392659525e-06,3.453417188611756e-07,4.243528378894691e-07,1.7730510245368588e-06,4.1797490357848376e-08,1.3411905994076696e-08,0.0,6.429502032555795e-09,2.6043844796719844e-06,2.863364304412317e-07,1.805791029983072e-06,5.418715839653487e-07,3.420052030321265e-08,2.1740530801517e-09,0.0,0.0,2.670373617773017e-06,3.603586160930078e-07,1.5263568627263212e-05,5.418715839653487e-07,3.420052030321265e-08,2.1740530801517e-09,0.0,1.823638126913686e-06,1.802581152761862e-05,8.6506370605097e-08,3.788016267905041e-07,5.525896621644809e-07,3.2611156968953793e-09,0.0,0.0,0.0,1.0211587752569772e-06,3.4442554455289134e-07,1.6756047783959903e-06,5.146740356153074e-07,1.4718374352890377e-08,0.0,0.0,0.0,2.54942273291708e-06,1.3915067138444308e-07,6.995775543657253e-07,4.949702506025635e-07,3.434071456889451e-08,1.1818713212499342e-08,0.0,0.0,1.379857904134126e-06,1.0815006105158684e-09,1.2600898163516688e-07,5.535248639234287e-07,2.4347746418933965e-08,0.0,0.0,0.0,7.049630925880455e-07,3.599034822012156e-07,1.515181095321626e-05,5.652473110022863e-07,5.248111677079208e-08,0.0,0.0,1.8785053340242668e-06,1.800794819721482e-05,1.4295190810744748e-07,7.363316413206017e-07,7.634127244110094e-07,1.1528621991795676e-08,0.0,0.0,0.0,1.6542248958308544e-06,4.757570554760731e-07,3.8236139896518655e-06,6.567864974792885e-07,7.823717575019106e-08,3.4414532525059495e-08,0.0,0.0,5.068809250882477e-06,1.843130899682301e-07,8.47784122269724e-07,4.508324147149717e-07,3.15042700943477e-08,0.0,0.0,0.0,1.5144338970472736e-06,2.819597032288999e-07,1.830186498076332e-06,5.653139948146317e-07,5.248676600819255e-08,0.0,0.0,0.0,2.729946962128056e-06,3.927610075492639e-07,2.607930467005768e-06,3.275443467235875e-07,1.678296788533147e-08,2.01839564934924e-08,0.0,0.0,3.365202745657443e-06,1.147616436197993e-07,3.508108355204111e-06,1.798839521381115e-07,2.4957727655795665e-08,0.0,0.0,0.0,3.827711678617817e-06,0.0,3.255021414739849e-06,1.73695248391349e-07,6.416319996213035e-08,0.0,0.0,0.0,3.492879863093329e-06,2.5595350940963925e-07,4.298908731932381e-06,2.6145477333259734e-06,9.21206379364646e-08,5.620775433419034e-09,0.0,5.678764308783864e-07,7.835027818916264e-06,1.2523965766354075e-09,0.0,0.0,0.0,0.0,0.0,0.0,1.2523965766354077e-09,0.0,0.0,0.0,0.0,0.0,0.0,0.0,0.0,0.0,0.0,0.0,0.0,0.0,0.0,0.0,0.0,0.0,0.0,0.0,0.0,0.0,0.0,0.0,0.0,0.0,0.0,0.0,0.0,0.0,0.0,0.0,0.0,0.0,0.0,0.0,0.0,0.0,0.0,0.0,0.0,0.0,0.0,0.0,0.0,0.0,0.0,0.0,0.0
0_00912,1.0795708357498101e-07,1.180820340657252e-06,4.3498863816662884e-07,2.864010878175684e-08,2.5228421710671084e-09,0.0,0.0,1.7549290133516858e-06,9.742916081888984e-08,9.682944484202445e-07,8.164960842058625e-07,1.4698035123737933e-08,0.0,0.0,5.3472183477897815e-08,1.9503899120466324e-06,8.734777550857454e-08,4.640691454566311e-07,1.2216909817047556e-06,2.3075529127608805e-08,0.0,0.0,1.963859176390378e-09,1.7981472909739604e-06,8.548527632222987e-08,4.6303150067697883e-07,1.4201886143327458e-06,5.5092243554923063e-08,8.959359874515485e-09,0.0,0.0,2.032756994761393e-06,6.657454633799634e-08,1.2292229121204205e-06,4.728551585162776e-07,4.3151676934590827e-08,0.0,0.0,0.0,1.8118042939092848e-06,1.0052069909308977e-07,1.552677801232567e-05,4.728551585162776e-07,4.916583338450183e-08,0.0,0.0,2.00680252735289e-06,1.8156122230672426e-05,2.5628611764942235e-08,3.83388684166583e-07,3.914994159517594e-07,1.5909569428127856e-08,0.0,0.0,0.0,8.164262813114124e-07,1.1706392774515697e-07,1.1629744826358597e-06,4.629323384195506e-07,9.108137992145548e-09,0.0,0.0,0.0,1.7520788867927127e-06,2.726043488505276e-08,3.850230122368659e-07,4.5196889124328373e-07,1.4294736463161325e-08,5.124795252802526e-09,0.0,0.0,8.836718700811663e-07,0.0,3.328888709218347e-08,3.868952505328072e-07,0.0,0.0,0.0,0.0,4.201841376249906e-07,1.7298898878253589e-07,1.5846568633135282e-05,4.3498863816662884e-07,2.864010878175684e-08,2.5228421710671084e-09,0.0,1.954360921254375e-06,1.8440070132291646e-05,6.285010099850131e-09,5.650478459215118e-07,5.591882118706716e-07,0.0,0.0,0.0,0.0,1.1305210678920336e-06,1.52542406212295e-07,2.992378622129121e-06,4.607757407404245e-07,1.0042996504183513e-07,2.5186223443056173e-08,0.0,0.0,3.731312957566731e-06,5.449149931882967e-08,6.16905503052747e-07,3.979347271344501e-07,3.295583948995994e-09,0.0,0.0,0.0,1.072627313455023e-06,1.0795932866707145e-07,1.1808537087987095e-06,4.35000453434024e-07,2.8640868969686232e-08,2.5229067753596827e-09,0.0,0.0,1.7549772666448509e-06,3.4953187392115934e-07,1.615654985003527e-06,2.992049056686147e-07,3.1779749537791416e-08,1.3212076416214512e-08,0.0,0.0,2.3093835905473072e-06,8.643145201087733e-08,2.095060645385051e-06,8.534678084543733e-08,3.122557410515836e-08,5.8916129760466815e-09,0.0,0.0,2.3039560653225705e-06,0.0,1.978571281156335e-06,5.9292586651707296e-08,2.0781360742498892e-08,7.087486480790427e-09,0.0,0.0,2.065732715031332e-06,1.1879056137451885e-07,3.401051333170627e-06,2.1538266037692885e-06,1.4399451533727645e-07,2.8760923335545052e-08,0.0,5.51350767692394e-07,6.3977747046796505e-06,0.0,0.0,0.0,0.0,0.0,0.0,0.0,0.0,0.0,0.0,0.0,0.0,0.0,0.0,0.0,0.0,0.0,0.0,0.0,0.0,0.0,0.0,0.0,0.0,0.0,0.0,0.0,0.0,0.0,0.0,0.0,0.0,0.0,0.0,0.0,0.0,0.0,0.0,0.0,0.0,0.0,0.0,0.0,0.0,0.0,0.0,0.0,0.0,0.0,0.0,0.0,0.0,0.0,0.0,0.0,0.0
0_01018,6.98400966468992e-08,6.24555274072847e-07,3.993242572896818e-07,1.787893582265115e-08,0.0,0.0,0.0,1.111598563832079e-06,6.353656770767943e-08,4.760438461979597e-07,7.107706461213264e-07,3.2193600634565043e-09,0.0,0.0,2.652900541851794e-08,1.28009942550894e-06,6.195188500357046e-08,2.997814637197266e-07,1.235400248719276e-06,2.1887788748448606e-09,0.0,0.0,2.661482071463941e-09,1.601983858388882e-06,7.735514595740244e-08,2.811684686400721e-07,1.2808762087889347e-06,3.7112043912315835e-09,0.0,0.0,0.0,1.643111027777641e-06,6.303189104652353e-08,5.99148274974774e-07,3.788694603509935e-07,2.764852572818521e-08,0.0,0.0,0.0,1.0686981521004764e-06,1.1777731865913941e-07,2.101288854625901e-05,3.788694603509935e-07,3.0705397779801355e-08,0.0,0.0,1.520115349110311e-06,2.306035607215926e-05,2.7711996934070664e-08,1.725389215729757e-07,3.977649255937771e-07,2.41891827903464e-08,0.0,0.0,0.0,6.222050268911698e-07,9.529069172093673e-08,5.996304942222403e-07,3.85162296159036e-07,2.850573795084965e-09,0.0,0.0,0.0,1.082934055897298e-06,4.908318336430583e-08,1.8046734567893813e-07,3.184401128540389e-07,2.208864897730896e-08,0.0,0.0,0.0,5.700792908745918e-07,4.665528669220101e-09,7.943193130746926e-09,3.290456237837788e-07,0.0,0.0,0.0,0.0,3.416543455837457e-07,9.191690418187356e-08,2.100141384419448e-05,3.993242572896818e-07,1.787893582265115e-08,0.0,0.0,1.4271432453271338e-06,2.293767718681581e-05,3.7050514212629314e-08,3.3365357540498617e-07,4.486339264472563e-07,2.2218408876490723e-08,0.0,0.0,0.0,8.415564249413625e-07,1.4262618626615777e-07,1.884508530858187e-06,4.318193833282009e-07,3.816769262865378e-08,1.9124341600816533e-08,0.0,0.0,2.516246134682016e-06,4.6265373427729074e-08,3.464901605511909e-07,2.8492373327220365e-07,0.0,0.0,0.0,0.0,6.776792672511235e-07,6.983418402739607e-08,6.244971386879494e-07,3.992900279107569e-07,1.78775116972502e-08,0.0,0.0,0.0,1.1114988623233525e-06,1.957021872329949e-07,6.970353373490657e-07,1.7347028942486224e-07,3.8363752948142376e-08,0.0,0.0,0.0,1.1045715669550652e-06,5.7815595591952846e-08,8.298181277462041e-07,2.2192753570029077e-09,6.707474561123298e-09,0.0,0.0,0.0,8.96560473256283e-07,0.0,8.62543130830933e-07,1.1319773169221554e-09,8.26779958563694e-09,0.0,0.0,0.0,8.719429077334922e-07,1.3428916712294457e-07,2.634612978795276e-06,1.6144642777681929e-06,5.0735350760748834e-08,1.1733708872751206e-08,0.0,4.807381085733288e-07,4.926573591893242e-06,0.0,0.0,0.0,0.0,0.0,0.0,0.0,0.0,0.0,0.0,0.0,0.0,0.0,0.0,0.0,0.0,0.0,0.0,0.0,0.0,0.0,0.0,0.0,0.0,0.0,0.0,0.0,0.0,0.0,0.0,0.0,0.0,0.0,0.0,0.0,0.0,0.0,0.0,0.0,0.0,0.0,0.0,0.0,0.0,0.0,0.0,0.0,0.0,0.0,0.0,0.0,0.0,0.0,0.0,0.0,0.0
0_01137,7.621176187959841e-08,6.013442395816179e-07,2.943409403280639e-07,5.7558373411242485e-09,0.0,0.0,0.0,9.776527791304044e-07,8.586259184568892e-08,6.253466184111679e-07,6.23610459727509e-07,0.0,0.0,0.0,1.7830963737240177e-08,1.352650633721606e-06,7.875058596295343e-08,6.485315683487502e-07,1.0731549613295786e-06,0.0,0.0,0.0,0.0,1.8004371156412823e-06,6.111367573747355e-08,6.060355131287455e-07,1.0815688745882444e-06,0.0,0.0,0.0,0.0,1.7487180634544635e-06,9.763734527654461e-08,6.219058483382989e-07,3.249460647955416e-07,0.0,0.0,0.0,0.0,1.044489258410385e-06,1.4328266769814542e-07,9.020064204364723e-06,3.249460647955416e-07,0.0,0.0,0.0,4.565714539669962e-08,9.533950082255114e-06,7.137138920800264e-10,1.3364186394157377e-07,2.972502052806055e-07,0.0,0.0,0.0,0.0,4.3160578311425933e-07,1.280768917131487e-07,5.582844377042176e-07,2.951020490007536e-07,0.0,0.0,0.0,0.0,9.814633784181198e-07,1.5677215329786327e-08,1.429776389002911e-07,3.14292289331515e-07,1.2582093646772732e-08,0.0,0.0,0.0,4.855292372083651e-07,0.0,1.0260023497498488e-08,3.126186189122093e-07,2.7616005553450883e-08,0.0,0.0,0.0,3.5049464796315866e-07,1.0248708168165437e-07,9.077227177911289e-06,2.943409403280639e-07,5.7558373411242485e-09,0.0,0.0,4.101099485783605e-08,9.520822032119966e-06,6.576669302154921e-08,5.240924902960972e-07,3.765885031219333e-07,0.0,0.0,0.0,0.0,9.664476864395796e-07,1.7061635922329808e-07,1.44435897226836e-06,3.9906118137589133e-07,9.760641925471204e-09,0.0,0.0,0.0,2.0237971547930207e-06,5.616926353540237e-08,4.149931685376166e-07,2.518007428647834e-07,0.0,0.0,0.0,0.0,7.229631749378024e-07,7.62153831226522e-08,6.013785653044798e-07,2.943581203655232e-07,5.756129587303479e-09,0.0,0.0,0.0,9.777081983799585e-07,4.687327320149946e-07,1.165618821103626e-06,1.5675652047309946e-07,0.0,0.0,0.0,0.0,1.7911080735917203e-06,4.051412043926534e-07,2.112788328684375e-06,3.6684974065824716e-09,0.0,0.0,0.0,0.0,2.52159803048361e-06,0.0,1.911479630350321e-06,2.581631274879145e-09,0.0,0.0,0.0,0.0,1.9140612616252005e-06,2.0730446794748826e-07,3.2458021568969915e-06,1.358855875034324e-06,0.0,4.451758890606531e-09,0.0,3.376750795085723e-07,5.154089338277982e-06,0.0,0.0,0.0,0.0,0.0,0.0,0.0,0.0,0.0,0.0,0.0,0.0,0.0,0.0,0.0,0.0,0.0,0.0,0.0,0.0,0.0,0.0,0.0,0.0,0.0,0.0,0.0,0.0,0.0,0.0,0.0,0.0,0.0,0.0,0.0,0.0,0.0,0.0,0.0,0.0,0.0,0.0,0.0,0.0,0.0,0.0,0.0,0.0,0.0,0.0,0.0,0.0,0.0,0.0,0.0,0.0
0_01269,3.2233426844135444e-08,3.76196785166311e-07,2.674410234166047e-07,1.9158360799246373e-08,0.0,0.0,0.0,6.950295962262975e-07,6.519558015599788e-08,3.8964416289617684e-07,5.210751414796111e-07,1.338114382551496e-08,0.0,0.0,8.249051922484938e-09,9.975450802797856e-07,5.66369902326785e-08,3.825617052384113e-07,8.079848778782663e-07,3.1963422879270785e-08,0.0,0.0,0.0,1.2791469962286269e-06,2.4810443415822652e-08,5.731435561223071e-07,7.933354376142424e-07,2.584400308160372e-08,0.0,0.0,0.0,1.4171334402339756e-06,6.40876331129601e-08,3.783955375823986e-07,2.576075728484744e-07,1.3120638833997793e-08,0.0,0.0,0.0,7.132113823778307e-07,8.487498458147224e-08,8.221402434944179e-06,2.576075728484744e-07,1.3120638833997793e-08,0.0,0.0,5.81328402854971e-08,8.63513847149362e-06,1.918645905921759e-08,5.356822155985323e-07,2.7372236162540935e-07,0.0,0.0,0.0,0.0,8.285910362831591e-07,1.8554793986217947e-08,2.8882012725967934e-07,2.577871812837623e-07,3.91304517610272e-08,0.0,0.0,0.0,6.042925542906867e-07,1.991245527440701e-09,1.1112756789344157e-07,2.621027894548031e-07,4.245911091932224e-09,0.0,0.0,0.0,3.7946751396761764e-07,0.0,3.412416809645153e-09,2.759333557854301e-07,1.2128328112515112e-08,0.0,0.0,0.0,2.914741007075903e-07,7.327036982952592e-08,8.00417743782931e-06,2.674410234166047e-07,1.9158360799246373e-08,0.0,0.0,5.844787273464109e-08,8.422495064609326e-06,5.5479279526311455e-08,4.3089992091983723e-07,3.2873411951182614e-07,1.368792015674888e-08,0.0,0.0,0.0,8.288012401147239e-07,8.641830180614364e-08,8.688939725887775e-07,3.703968198157864e-07,7.604932320134702e-09,0.0,0.0,0.0,1.3333140265308422e-06,2.6974657816993832e-08,3.295002599071786e-07,2.104013852900057e-07,1.1454248187067772e-08,0.0,0.0,0.0,5.783305512012459e-07,3.223054252015655e-08,3.761572688030088e-07,2.674130879886067e-07,1.9156383677503362e-08,0.0,0.0,0.0,6.949572829892753e-07,3.359587463103735e-07,8.946254760571203e-07,1.0013206873522357e-07,5.965542145832446e-09,0.0,0.0,0.0,1.33668183324855e-06,2.4982531097733365e-07,1.2384008356729544e-06,6.61612859450961e-10,0.0,0.0,0.0,0.0,1.4888877595097387e-06,0.0,1.4719019787372886e-06,0.0,0.0,0.0,0.0,0.0,1.4719019787372886e-06,1.0097943415142525e-07,2.603618922817992e-06,1.1073142131414792e-06,0.0,0.0,0.0,1.833127387110693e-07,3.995225308821966e-06,0.0,0.0,0.0,0.0,0.0,0.0,0.0,0.0,0.0,0.0,0.0,0.0,0.0,0.0,0.0,0.0,0.0,0.0,0.0,0.0,0.0,0.0,0.0,0.0,0.0,0.0,0.0,0.0,0.0,0.0,0.0,0.0,0.0,0.0,0.0,0.0,0.0,0.0,0.0,0.0,0.0,0.0,0.0,0.0,0.0,0.0,0.0,0.0,0.0,0.0,0.0,0.0,0.0,0.0,0.0,0.0
0_01416,3.102246297249653e-08,1.656922148757079e-07,2.0804245897488865e-07,2.37964362636564e-08,0.0,0.0,0.0,4.285535730867494e-07,2.18807264418916e-08,1.802668306531175e-07,4.001224979673098e-07,1.2198890733980075e-08,0.0,0.0,2.761598428946604e-09,6.172305442252455e-07,3.0359671928767755e-08,2.3356333271303694e-07,6.707291487588927e-07,1.3780749167882826e-08,0.0,0.0,0.0,9.4843290256858e-07,2.2138967826946087e-08,2.7157016959578844e-07,6.223231885785797e-07,1.4015592028569752e-08,0.0,0.0,0.0,9.30047918029884e-07,3.3196693209723406e-08,1.901624660617879e-07,2.3247600076101585e-07,3.0677583218654377e-08,0.0,0.0,0.0,4.865127432511816e-07,3.3196693209723406e-08,6.866479619889797e-06,2.3247600076101585e-07,3.0677583218654377e-08,0.0,0.0,0.0,7.162829897079192e-06,5.4029173296178e-09,2.67779797257366e-07,2.1463741007202226e-07,0.0,0.0,0.0,0.0,4.878201246590061e-07,5.076331201073355e-08,1.0080576725345217e-07,2.0093024817930725e-07,1.8876267584836385e-08,0.0,0.0,0.0,3.713755950283294e-07,2.1024002188157617e-08,5.7622005211971097e-08,2.30964929655665e-07,2.21264033260046e-08,0.0,0.0,0.0,3.317373403817983e-07,1.5634826543835031e-09,3.948924300208885e-09,2.068402961133797e-07,2.4148471422571834e-09,0.0,0.0,0.0,2.147675502102293e-07,4.1308137471403126e-08,6.640901726075362e-06,2.0804245897488865e-07,2.37964362636564e-08,0.0,0.0,0.0,6.914048758785309e-06,1.2904359005254831e-08,2.754782136105688e-07,2.1310159365478254e-07,1.8686319802702027e-08,0.0,0.0,0.0,5.201704860733082e-07,9.749766454687697e-08,2.884200311319902e-07,2.53131950849904e-07,2.7142070730889323e-08,0.0,0.0,0.0,6.661917172596606e-07,2.410308475243537e-08,1.5862283140230465e-07,1.979098190502919e-07,1.4342721621384972e-08,0.0,0.0,0.0,3.949784568264169e-07,3.1018279037440365e-08,1.6566926153506525e-07,2.080114261770759e-07,2.3792960603826578e-08,0.0,0.0,0.0,4.284919273534081e-07,2.3843027442730693e-07,5.425400197013173e-07,1.0451220764097793e-07,1.0432189294727769e-08,0.0,0.0,0.0,8.959146910643299e-07,2.459355023951605e-07,9.166230212056866e-07,0.0,9.708928008773982e-09,0.0,0.0,0.0,1.1722674516096212e-06,0.0,1.053808415294846e-06,0.0,1.6008586970881908e-08,0.0,0.0,0.0,1.069817002265728e-06,1.872279517324705e-07,2.111984470369657e-06,8.393330926992042e-07,0.0,0.0,0.0,7.195694714579375e-08,3.210502461947126e-06,0.0,0.0,0.0,0.0,0.0,0.0,0.0,0.0,0.0,0.0,0.0,0.0,0.0,0.0,0.0,0.0,0.0,0.0,0.0,0.0,0.0,0.0,0.0,0.0,0.0,0.0,0.0,0.0,0.0,0.0,0.0,0.0,0.0,0.0,0.0,0.0,0.0,0.0,0.0,0.0,0.0,0.0,0.0,0.0,0.0,0.0,0.0,0.0,0.0,0.0,0.0,0.0,0.0,0.0,0.0,0.0
0_01581,1.2480245014607416e-08,4.8368410267724256e-08,1.0310618150245788e-07,1.3232458182008904e-08,0.0,0.0,0.0,1.7718729496679845e-07,2.250716616328429e-08,4.3001166750725323e-08,1.6257594984043306e-07,3.739645634953297e-09,0.0,0.0,0.0,2.318239283893961e-07,1.7106742651267393e-08,5.3335873873997193e-08,4.054108754664435e-07,3.5517490875847142e-09,0.0,0.0,0.0,4.794052410792928e-07,1.3018989528855824e-08,5.7380913895608e-08,2.707424828332284e-07,1.3103426309408252e-08,0.0,0.0,0.0,3.542458125671005e-07,1.3266076228660972e-08,1.4891743162023382e-08,1.071380270691425e-07,8.746870317744848e-09,0.0,0.0,0.0,1.4404271677757168e-07,1.3266076228660972e-08,3.267125124083632e-06,1.071380270691425e-07,8.746870317744848e-09,0.0,0.0,1.3366796965415552e-08,3.409642894664596e-06,0.0,3.090698701994477e-08,1.0829226766364829e-07,0.0,0.0,0.0,0.0,1.39199254683593e-07,3.9479818266231166e-08,1.1954257713076429e-08,1.1333703368411589e-07,4.083228491408568e-10,0.0,0.0,0.0,1.6517943251256436e-07,3.756453215551005e-09,2.0319594334944285e-08,1.0572745090940449e-07,1.1471087651339691e-08,0.0,0.0,0.0,1.412745861112395e-07,6.13158288532625e-10,0.0,1.0362419817380569e-07,8.648036795938428e-09,0.0,0.0,0.0,1.1288539325827677e-07,1.2480245014607416e-08,3.3940096106625004e-06,1.0310618150245788e-07,1.3232458182008904e-08,0.0,0.0,1.802414087900945e-08,3.5408526362405844e-06,2.0119916346028345e-08,1.908775111444604e-07,5.3938280496075056e-08,9.515520616081925e-09,0.0,0.0,0.0,2.744512286026456e-07,2.005842998198138e-08,7.17949836919573e-08,1.4425070470165409e-07,7.001738013781592e-09,0.0,0.0,0.0,2.431058563893743e-07,1.3036757719886396e-08,3.795277810662864e-08,8.45751366764427e-08,1.936591197293162e-08,0.0,0.0,0.0,1.5493058447588934e-07,1.2479917660694694e-08,4.836731453922653e-08,1.0310342235365457e-07,1.3232160462098936e-08,0.0,0.0,0.0,1.771828150156747e-07,1.541160517456635e-07,3.067781411852111e-07,8.537990204881009e-08,2.1453483624098933e-08,0.0,0.0,0.0,5.677275786037836e-07,3.552484466664485e-07,9.463185060883042e-07,5.47984168041458e-10,9.085696166685098e-09,0.0,0.0,0.0,1.3112006330894792e-06,0.0,1.059764963138679e-06,0.0,0.0,0.0,0.0,0.0,1.059764963138679e-06,8.839690309138114e-08,1.7024560109030723e-06,7.049692804806806e-07,0.0,0.0,0.0,3.754987278716587e-08,2.5333720672623004e-06,0.0,0.0,0.0,0.0,0.0,0.0,0.0,0.0,0.0,0.0,0.0,0.0,0.0,0.0,0.0,0.0,0.0,0.0,0.0,0.0,0.0,0.0,0.0,0.0,0.0,0.0,0.0,0.0,0.0,0.0,0.0,0.0,0.0,0.0,0.0,0.0,0.0,0.0,0.0,0.0,0.0,0.0,0.0,0.0,0.0,0.0,0.0,0.0,0.0,0.0,0.0,0.0,0.0,0.0,0.0,0.0
0_01765,0.0,1.2292609418251974e-09,3.4020490850874335e-08,0.0,0.0,0.0,0.0,3.5249751792699534e-08,1.0241144532041522e-09,1.7918110183410126e-08,7.648205618489906e-08,0.0,0.0,0.0,0.0,9.542428082151333e-08,8.220425920049715e-09,6.215917766559731e-10,1.688394887158662e-07,0.0,0.0,0.0,0.0,1.7768150641257185e-07,8.60127475701388e-10,3.5460631861520295e-08,2.0924349496355565e-08,1.2504377642196834e-08,0.0,0.0,0.0,6.974948647577408e-08,4.220245483991789e-09,4.97158569224495e-10,4.2691084344831284e-08,0.0,0.0,0.0,0.0,4.7408488398047576e-08,4.220245483991789e-09,1.5104554113560369e-06,4.2691084344831284e-08,0.0,0.0,0.0,0.0,1.55736674118486e-06,0.0,1.8810613604160303e-08,2.8654417155115456e-08,0.0,0.0,0.0,0.0,4.7465030759275766e-08,7.777670985471072e-09,1.1648800246085604e-09,3.48270822726922e-08,0.0,0.0,0.0,0.0,4.376963328277183e-08,0.0,0.0,2.6434738139026298e-08,0.0,0.0,0.0,0.0,2.6434738139026298e-08,0.0,0.0,3.094178365721797e-08,0.0,0.0,0.0,0.0,3.094178365721797e-08,0.0,1.6487381222173853e-06,3.4020490850874335e-08,0.0,0.0,0.0,0.0,1.6827586130682591e-06,0.0,1.85638848942101e-07,5.8767438585437555e-09,0.0,0.0,0.0,0.0,1.9151559280064485e-07,1.0654016250065041e-08,2.6439377982958012e-08,4.585716054130997e-08,0.0,0.0,0.0,0.0,8.295055477433299e-08,0.0,0.0,1.749664811004344e-08,0.0,0.0,0.0,0.0,1.749664811004344e-08,0.0,1.2293126053260402e-09,3.402175871233189e-08,0.0,0.0,0.0,0.0,3.525107131765793e-08,1.350485931746257e-07,2.199978010787176e-07,3.354960707520719e-08,0.0,0.0,0.0,0.0,3.885960013285505e-07,2.082059679947068e-07,8.07091711814995e-07,0.0,1.3764798520243305e-08,0.0,0.0,0.0,1.0290624783299448e-06,0.0,8.624858651770096e-07,0.0,0.0,0.0,0.0,0.0,8.624858651770096e-07,1.177677438845186e-07,1.5193577724295545e-06,5.661563574751028e-07,3.599961699814803e-09,0.0,0.0,1.8450864284294106e-08,2.225332699773285e-06,0.0,0.0,0.0,0.0,0.0,0.0,0.0,0.0,0.0,0.0,0.0,0.0,0.0,0.0,0.0,0.0,0.0,0.0,0.0,0.0,0.0,0.0,0.0,0.0,0.0,0.0,0.0,0.0,0.0,0.0,0.0,0.0,0.0,0.0,0.0,0.0,0.0,0.0,0.0,0.0,0.0,0.0,0.0,0.0,0.0,0.0,0.0,0.0,0.0,0.0,0.0,0.0,0.0,0.0,0.0,0.0
0_01971,1.5375566626756506e-08,1.820218354706585e-09,2.493399615486021e-09,3.452527011628685e-09,0.0,0.0,0.0,2.31417116085778e-08,1.4649163758907744e-08,5.196500829975491e-10,1.0437023808429224e-08,0.0,0.0,0.0,0.0,2.5605837650334515e-08,1.5504660506384397e-08,2.909470994086742e-09,3.72178168628027e-08,0.0,0.0,0.0,0.0,5.5631948363273844e-08,2.1884628072704545e-08,7.187873579351071e-09,0.0,0.0,0.0,0.0,0.0,2.9072501652055612e-08,1.7370248272029643e-08,1.2034096719462355e-09,9.370916503452604e-09,4.2482148938987514e-09,0.0,0.0,0.0,3.219278934132723e-08,5.1258993102272323e-08,7.18864172122357e-07,9.370916503452604e-09,4.2482148938987514e-09,0.0,0.0,0.0,7.837422966219807e-07,5.360838549409605e-09,5.195566491952441e-09,2.233537254136334e-09,0.0,0.0,0.0,0.0,1.2789942295498381e-08,2.840786612908494e-08,0.0,7.753519118849322e-09,0.0,0.0,0.0,0.0,3.616138524793428e-08,2.529672958498661e-09,5.565040867539001e-10,7.129602588574929e-09,3.3020932344840835e-09,0.0,0.0,0.0,1.3517872868311574e-08,4.96448819039336e-10,0.0,2.190719763536546e-09,6.644646659808918e-10,0.0,0.0,0.0,3.351633248556775e-09,3.684302251858184e-08,6.836372048241937e-07,2.493399615486021e-09,3.452527011628685e-09,0.0,0.0,0.0,7.264261539698904e-07,8.261087551069304e-09,2.268016260368813e-07,0.0,1.8664345674208674e-09,0.0,0.0,0.0,2.369291481553713e-07,5.1590150100840835e-09,1.1123785964899533e-08,2.7962862041338807e-08,0.0,0.0,0.0,0.0,4.424566301632242e-08,2.2801633699400167e-08,3.1611357837073453e-09,0.0,3.443153565381702e-09,0.0,0.0,0.0,2.9405923048489216e-08,1.5372603484929238e-08,1.8198530685602846e-09,2.492908641961917e-09,3.451921738031869e-09,0.0,0.0,0.0,2.3137286933483333e-08,6.813776697757635e-08,1.0141298437350978e-07,1.0182498654096133e-08,0.0,0.0,0.0,0.0,1.7973325000518225e-07,1.89053108111146e-07,7.997651914036836e-07,0.0,0.0,0.0,0.0,0.0,9.888182995148295e-07,0.0,7.483377190817945e-07,0.0,0.0,0.0,0.0,0.0,7.483377190817945e-07,6.933875855798608e-08,1.243657252718614e-06,4.897596600758659e-07,0.0,0.0,0.0,9.21741714883638e-09,1.8119730885013024e-06,0.0,0.0,0.0,0.0,0.0,0.0,0.0,0.0,0.0,0.0,0.0,0.0,0.0,0.0,0.0,0.0,0.0,0.0,0.0,0.0,0.0,0.0,0.0,0.0,0.0,0.0,0.0,0.0,0.0,0.0,0.0,0.0,0.0,0.0,0.0,0.0,0.0,0.0,0.0,0.0,0.0,0.0,0.0,0.0,0.0,0.0,0.0,0.0,0.0,0.0,0.0,0.0,0.0,0.0,0.0,0.0
0_022,0.0,0.0,0.0,0.0,0.0,0.0,0.0,0.0,0.0,2.1458175572415318e-10,0.0,0.0,0.0,0.0,0.0,2.1458175572415318e-10,0.0,1.9137429003033484e-09,0.0,0.0,0.0,0.0,0.0,1.9137429003033484e-09,0.0,4.395858913554904e-09,0.0,0.0,0.0,0.0,0.0,4.395858913554904e-09,0.0,0.0,0.0,0.0,0.0,0.0,0.0,0.0,1.2868579439445966e-08,2.573715887889193e-07,0.0,0.0,0.0,0.0,0.0,2.702401682283653e-07,0.0,1.021820209443584e-09,0.0,0.0,0.0,0.0,0.0,1.021820209443584e-09,0.0,0.0,0.0,0.0,0.0,0.0,0.0,0.0,0.0,0.0,0.0,0.0,0.0,0.0,0.0,0.0,0.0,0.0,0.0,0.0,0.0,0.0,0.0,0.0,0.0,2.442945192428488e-07,0.0,0.0,0.0,0.0,0.0,2.442945192428488e-07,0.0,2.798523194522617e-07,0.0,0.0,0.0,0.0,0.0,2.798523194522617e-07,0.0,0.0,7.360763773723481e-09,0.0,0.0,0.0,0.0,7.360763773723481e-09,0.0,0.0,0.0,0.0,0.0,0.0,0.0,0.0,0.0,0.0,0.0,0.0,0.0,0.0,0.0,0.0,0.0,6.463788184757116e-08,0.0,0.0,0.0,0.0,0.0,6.463788184757116e-08,0.0,5.322144244168127e-07,0.0,0.0,0.0,0.0,0.0,5.322144244168127e-07,0.0,6.561609232447895e-07,0.0,0.0,0.0,0.0,0.0,6.561609232447895e-07,1.571808611307071e-09,8.401054243170383e-07,4.129265021132584e-07,0.0,0.0,0.0,1.772286053964043e-08,1.272326595581244e-06,0.0,0.0,0.0,0.0,0.0,0.0,0.0,0.0,0.0,0.0,0.0,0.0,0.0,0.0,0.0,0.0,0.0,0.0,0.0,0.0,0.0,0.0,0.0,0.0,0.0,0.0,0.0,0.0,0.0,0.0,0.0,0.0,0.0,0.0,0.0,0.0,0.0,0.0,0.0,0.0,0.0,0.0,0.0,0.0,0.0,0.0,0.0,0.0,0.0,0.0,0.0,0.0,0.0,0.0,0.0,0.0
0_0244,0.0,2.614101005718229e-09,0.0,0.0,0.0,0.0,0.0,2.614101005718229e-09,0.0,2.579215943478293e-10,0.0,0.0,0.0,0.0,0.0,2.579215943478293e-10,0.0,2.6178096201113517e-10,0.0,0.0,0.0,0.0,0.0,2.6178096201113517e-10,0.0,0.0,0.0,0.0,0.0,0.0,0.0,0.0,0.0,2.5737158878891932e-08,0.0,0.0,0.0,0.0,0.0,2.5737158878891932e-08,2.573715887889193e-08,9.008005607612177e-08,0.0,0.0,0.0,0.0,0.0,1.1581721495501369e-07,0.0,0.0,0.0,0.0,0.0,0.0,0.0,0.0,0.0,0.0,0.0,0.0,0.0,0.0,0.0,0.0,0.0,0.0,0.0,0.0,0.0,0.0,0.0,0.0,0.0,0.0,0.0,0.0,0.0,0.0,0.0,0.0,2.875938261864797e-08,7.469981112453923e-08,0.0,0.0,0.0,0.0,0.0,1.034591937431872e-07,0.0,2.964796758405579e-07,0.0,0.0,0.0,0.0,0.0,2.964796758405579e-07,0.0,1.761219430638626e-09,0.0,0.0,0.0,0.0,0.0,1.761219430638626e-09,0.0,4.635635286020104e-09,0.0,0.0,0.0,0.0,0.0,4.635635286020104e-09,0.0,2.615691166223657e-09,0.0,0.0,0.0,0.0,0.0,2.615691166223657e-09,0.0,3.935052864050382e-08,0.0,0.0,0.0,0.0,0.0,3.935052864050382e-08,0.0,4.727007477093601e-07,0.0,0.0,0.0,0.0,0.0,4.727007477093601e-07,0.0,5.218253605125085e-07,0.0,0.0,0.0,0.0,0.0,5.218253605125085e-07,0.0,7.386558125372953e-07,3.369543359560469e-07,0.0,0.0,0.0,1.4273874880210596e-08,1.0898840233735526e-06,0.0,0.0,0.0,0.0,0.0,0.0,0.0,0.0,0.0,0.0,0.0,0.0,0.0,0.0,0.0,0.0,0.0,0.0,0.0,0.0,0.0,0.0,0.0,0.0,0.0,0.0,0.0,0.0,0.0,0.0,0.0,0.0,0.0,0.0,0.0,0.0,0.0,0.0,0.0,0.0,0.0,0.0,0.0,0.0,0.0,0.0,0.0,0.0,0.0,0.0,0.0,0.0,0.0,0.0,0.0,0.0
0_02705,0.0,0.0,0.0,3.443541992812523e-09,0.0,0.0,0.0,3.443541992812523e-09,0.0,0.0,0.0,0.0,0.0,0.0,0.0,0.0,0.0,3.149589292916866e-10,0.0,0.0,0.0,0.0,0.0,3.149589292916866e-10,0.0,1.433985137697396e-09,0.0,0.0,0.0,0.0,0.0,1.433985137697396e-09,0.0,0.0,0.0,1.2868579439445966e-08,0.0,0.0,0.0,1.2868579439445966e-08,0.0,2.5737158878891932e-08,0.0,1.2868579439445966e-08,0.0,0.0,0.0,3.86057383183379e-08,0.0,0.0,0.0,0.0,0.0,0.0,0.0,0.0,0.0,0.0,0.0,0.0,0.0,0.0,0.0,0.0,0.0,0.0,0.0,0.0,0.0,0.0,0.0,0.0,0.0,0.0,0.0,0.0,0.0,0.0,0.0,0.0,0.0,2.7954017044494266e-08,0.0,3.443541992812523e-09,0.0,0.0,0.0,3.1397559037306795e-08,0.0,2.570636859185194e-07,0.0,0.0,0.0,0.0,0.0,2.570636859185194e-07,0.0,0.0,0.0,0.0,0.0,0.0,0.0,0.0,0.0,0.0,0.0,6.63196235375804e-10,0.0,0.0,0.0,6.63196235375804e-10,0.0,0.0,0.0,3.444720800525442e-09,0.0,0.0,0.0,3.444720800525442e-09,0.0,3.3066954469341445e-08,0.0,0.0,0.0,0.0,0.0,3.3066954469341445e-08,0.0,2.268398650187369e-07,0.0,0.0,0.0,0.0,0.0,2.268398650187369e-07,0.0,3.586784569809397e-07,0.0,0.0,0.0,0.0,0.0,3.586784569809397e-07,0.0,6.293914645435904e-07,2.4935212789413743e-07,0.0,0.0,0.0,6.193551502697616e-09,8.849371439404254e-07,0.0,0.0,0.0,0.0,0.0,0.0,0.0,0.0,0.0,0.0,0.0,0.0,0.0,0.0,0.0,0.0,0.0,0.0,0.0,0.0,0.0,0.0,0.0,0.0,0.0,0.0,0.0,0.0,0.0,0.0,0.0,0.0,0.0,0.0,0.0,0.0,0.0,0.0,0.0,0.0,0.0,0.0,0.0,0.0,0.0,0.0,0.0,0.0,0.0,0.0,0.0,0.0,0.0,0.0,0.0,0.0
0_03,0.0,0.0,0.0,0.0,0.0,0.0,0.0,0.0,0.0,7.709327199019137e-09,0.0,0.0,0.0,0.0,0.0,7.709327199019137e-09,0.0,0.0,0.0,0.0,0.0,0.0,0.0,0.0,0.0,0.0,0.0,0.0,0.0,0.0,0.0,0.0,0.0,0.0,0.0,0.0,0.0,0.0,0.0,0.0,0.0,0.0,0.0,0.0,0.0,0.0,0.0,0.0,0.0,0.0,0.0,0.0,0.0,0.0,0.0,0.0,0.0,0.0,0.0,0.0,0.0,0.0,0.0,0.0,0.0,0.0,0.0,0.0,0.0,0.0,0.0,0.0,0.0,0.0,0.0,0.0,0.0,0.0,0.0,0.0,0.0,0.0,0.0,0.0,0.0,0.0,0.0,0.0,0.0,1.680718004627089e-07,0.0,0.0,0.0,0.0,0.0,1.680718004627089e-07,0.0,0.0,0.0,0.0,0.0,0.0,0.0,0.0,0.0,0.0,0.0,0.0,0.0,0.0,0.0,0.0,0.0,0.0,0.0,0.0,0.0,0.0,0.0,0.0,0.0,3.577903846230577e-09,0.0,0.0,0.0,0.0,0.0,3.577903846230577e-09,0.0,1.7984164963820517e-08,0.0,0.0,0.0,0.0,0.0,1.7984164963820517e-08,0.0,4.0643780279532896e-08,0.0,0.0,0.0,0.0,0.0,4.0643780279532896e-08,9.489426772735186e-09,7.721686278791482e-07,2.765379691786523e-07,0.0,0.0,0.0,6.105352450335449e-09,1.064301376280871e-06,0.0,0.0,0.0,0.0,0.0,0.0,0.0,0.0,0.0,0.0,0.0,0.0,0.0,0.0,0.0,0.0,0.0,0.0,0.0,0.0,0.0,0.0,0.0,0.0,0.0,0.0,0.0,0.0,0.0,0.0,0.0,0.0,0.0,0.0,0.0,0.0,0.0,0.0,0.0,0.0,0.0,0.0,0.0,0.0,0.0,0.0,0.0,0.0,0.0,0.0,0.0,0.0,0.0,0.0,0.0,0.0
