Paper,Model,Year,Code,Stellar_tracks,Study_label,Paper_link,sigma_CCSN_km_s,sigma_strippedSN_km_s,alpha_CE,beta_MT,CE_optimistic_pessimistic,CE_prescription,lambda_CE,PISN_prescription,MT_stability,RMP,gamma_AM_loss,AM_loss_mechanism,Eddington_limited,f_WR,alpha_CE_notes,HG_donor_CE_survival,wind_prescription,tidal_prescription,NS_remnant_mass,IMF,initial_period_dist,mass_ratio_dist,f_bin,metallicity_range,SFR_model,max_NS_mass_Msun,sigma_ECSN_km_s,BHBH_rate_Gpc3yr,BHBH_frac_CHE,BHBH_frac_SMT,BHBH_frac_other_noCE,BHBH_frac_classicCE,BHBH_frac_SCCE,BHBH_frac_DCCE,BHBH_frac_other_CE,BHBH_total_frac_noCE,BHBH_total_frac_CE,BHNS_rate_Gpc3yr,BHNS_frac_CHE,BHNS_frac_SMT,BHNS_frac_other_noCE,BHNS_frac_classicCE,BHNS_frac_SCCE,BHNS_frac_DCCE,BHNS_frac_other_CE,BHNS_total_frac_noCE,BHNS_total_frac_CE,NSNS_rate_Gpc3yr,NSNS_frac_CHE,NSNS_frac_SMT,NSNS_frac_other_noCE,NSNS_frac_classicCE,NSNS_frac_SCCE,NSNS_frac_DCCE,NSNS_frac_other_CE,NSNS_total_frac_noCE,NSNS_total_frac_CE
Bavera et al. (2021),B21-alpha0-2,2021,POSYDON,hybrid,BA21,https://arxiv.org/pdf/2010.16333,265,30,0.2,non-conservative (Eddington-limited onto BH); 10x thermal rate for stellar accretor,pessimistic,standard,"Nanjing (Dominik et al. 2012; Xu & Li 2010a,b)",fit based on Marchant et al. (2019),"The stability of Roche-lobe overflow mass transfer is determined by the rate at which the Roche-lobe radius is changing as a result of mass-transfer d log(RL)/d log(m) to the response of the radius of a star as its mass is changing d log(R∗)/d log(m). We use the approximation of Eggleton (1983) for the Roche-lobe radius while we approximate the radial response of the star depending on its stellar type. We adopt the values assumed in Neijssel et al. (2019); Bavera et al. (2020). The stability of the mass transfer can then be determined by solving this equation with respect to the critical mass ratio, defined as qcrit = mdonor/maccretor. For MS stars we use d log(R∗)/d log(m) = 2.0 which correspond to qcrit ' 1.72 while for HG stars d log(R∗)/d log(m) = 6.5 which correspond to qcrit ' 3.83 (Ge et al. 2015). For stars on the GB and AGB we use fits from Hjellming & Webbink (1987). For stripped stars we adopt qcrit as in Claeys et al. (2014). Different choices of qcrit, especially for GB and AGB stars have an impact on the parameter space that leads to the formation of BBHs, hence on the merger rate, see Sec. 4.3 for a discussion of this uncertainty.",F12 delayed,specific AM of accreting star (Hurley 2002 AM of accretor prescription),Hurley (2002) AM of accretor,True,1,αCE varies per model; pessimistic CE (HG donors fail); POSYDON hybrid,No (pessimistic; HG donors do not survive CE),"Vink et al. (2000a,b) hot star winds; Nieuwenhuijzen &amp; de Jager (1990) cool stars; Belczynski et al. (2010) WR winds; all metallicity-scaled; POSYDON hybrid uses MESA for MS/HeMS phases",Hurley et al. (2002) BSE tidal prescription for non-MESA phases; tides included in MESA grids for MS/HeMS,Fryer et al. (2012) delayed; gravitational mass from CO core mass,Kroupa (2001) broken power-law; M1: 10–150 M☉,Sana et al. (2012) period distribution (POSYDON hybrid),Uniform in q = M2/M1 (Sana et al. 2012),0.7 (Sana et al. 2012),"Z = 10⁻⁴ to 2×10⁻² (multiple metallicity bins); re-weighted to IllustrisTNG S(Z,z)",IllustrisTNG100 cosmological simulation; Bavera et al. (2020/2021),2.5 (POSYDON default),30 (low-kick channel; same as σ_strippedSN),137.600000000000,0.000000000000,0.000000000000,0.000000000000,0.000000000000,0.000000000000,0.000000000000,0.000000000000,0.178779069800,0.821220930200,,,,,,,,,,,,,,,,,,,,
Bavera et al. (2021),B21-alpha0-35,2021,POSYDON,hybrid,BA21,https://arxiv.org/pdf/2010.16333,265,30,0.35,non-conservative (Eddington-limited onto BH); 10x thermal rate for stellar accretor,pessimistic,standard,"Nanjing (Dominik et al. 2012; Xu & Li 2010a,b)",fit based on Marchant et al. (2019),"The stability of Roche-lobe overflow mass transfer is determined by the rate at which the Roche-lobe radius is changing as a result of mass-transfer d log(RL)/d log(m) to the response of the radius of a star as its mass is changing d log(R∗)/d log(m). We use the approximation of Eggleton (1983) for the Roche-lobe radius while we approximate the radial response of the star depending on its stellar type. We adopt the values assumed in Neijssel et al. (2019); Bavera et al. (2020). The stability of the mass transfer can then be determined by solving this equation with respect to the critical mass ratio, defined as qcrit = mdonor/maccretor. For MS stars we use d log(R∗)/d log(m) = 2.0 which correspond to qcrit ' 1.72 while for HG stars d log(R∗)/d log(m) = 6.5 which correspond to qcrit ' 3.83 (Ge et al. 2015). For stars on the GB and AGB we use fits from Hjellming & Webbink (1987). For stripped stars we adopt qcrit as in Claeys et al. (2014). Different choices of qcrit, especially for GB and AGB stars have an impact on the parameter space that leads to the formation of BBHs, hence on the merger rate, see Sec. 4.3 for a discussion of this uncertainty.",F12 delayed,specific AM of accreting star (Hurley 2002 AM of accretor prescription),Hurley (2002) AM of accretor,True,1,αCE varies per model; pessimistic CE (HG donors fail); POSYDON hybrid,No (pessimistic; HG donors do not survive CE),"Vink et al. (2000a,b) hot star winds; Nieuwenhuijzen &amp; de Jager (1990) cool stars; Belczynski et al. (2010) WR winds; all metallicity-scaled; POSYDON hybrid uses MESA for MS/HeMS phases",Hurley et al. (2002) BSE tidal prescription for non-MESA phases; tides included in MESA grids for MS/HeMS,Fryer et al. (2012) delayed; gravitational mass from CO core mass,Kroupa (2001) broken power-law; M1: 10–150 M☉,Sana et al. (2012) period distribution (POSYDON hybrid),Uniform in q = M2/M1 (Sana et al. 2012),0.7 (Sana et al. 2012),"Z = 10⁻⁴ to 2×10⁻² (multiple metallicity bins); re-weighted to IllustrisTNG S(Z,z)",IllustrisTNG100 cosmological simulation; Bavera et al. (2020/2021),2.5 (POSYDON default),30 (low-kick channel; same as σ_strippedSN),41.800000000000,0.000000000000,0.000000000000,0.000000000000,0.000000000000,0.000000000000,0.000000000000,0.000000000000,0.588516746400,0.411483253600,,,,,,,,,,,,,,,,,,,,
Bavera et al. (2021),B21-alpha0-5,2021,POSYDON,hybrid,BA21,https://arxiv.org/pdf/2010.16333,265,30,0.5,non-conservative (Eddington-limited onto BH); 10x thermal rate for stellar accretor,pessimistic,standard,"Nanjing (Dominik et al. 2012; Xu & Li 2010a,b)",fit based on Marchant et al. (2019),"The stability of Roche-lobe overflow mass transfer is determined by the rate at which the Roche-lobe radius is changing as a result of mass-transfer d log(RL)/d log(m) to the response of the radius of a star as its mass is changing d log(R∗)/d log(m). We use the approximation of Eggleton (1983) for the Roche-lobe radius while we approximate the radial response of the star depending on its stellar type. We adopt the values assumed in Neijssel et al. (2019); Bavera et al. (2020). The stability of the mass transfer can then be determined by solving this equation with respect to the critical mass ratio, defined as qcrit = mdonor/maccretor. For MS stars we use d log(R∗)/d log(m) = 2.0 which correspond to qcrit ' 1.72 while for HG stars d log(R∗)/d log(m) = 6.5 which correspond to qcrit ' 3.83 (Ge et al. 2015). For stars on the GB and AGB we use fits from Hjellming & Webbink (1987). For stripped stars we adopt qcrit as in Claeys et al. (2014). Different choices of qcrit, especially for GB and AGB stars have an impact on the parameter space that leads to the formation of BBHs, hence on the merger rate, see Sec. 4.3 for a discussion of this uncertainty.",F12 delayed,specific AM of accreting star (Hurley 2002 AM of accretor prescription),Hurley (2002) AM of accretor,True,1,αCE varies per model; pessimistic CE (HG donors fail); POSYDON hybrid,No (pessimistic; HG donors do not survive CE),"Vink et al. (2000a,b) hot star winds; Nieuwenhuijzen &amp; de Jager (1990) cool stars; Belczynski et al. (2010) WR winds; all metallicity-scaled; POSYDON hybrid uses MESA for MS/HeMS phases",Hurley et al. (2002) BSE tidal prescription for non-MESA phases; tides included in MESA grids for MS/HeMS,Fryer et al. (2012) delayed; gravitational mass from CO core mass,Kroupa (2001) broken power-law; M1: 10–150 M☉,Sana et al. (2012) period distribution (POSYDON hybrid),Uniform in q = M2/M1 (Sana et al. 2012),0.7 (Sana et al. 2012),"Z = 10⁻⁴ to 2×10⁻² (multiple metallicity bins); re-weighted to IllustrisTNG S(Z,z)",IllustrisTNG100 cosmological simulation; Bavera et al. (2020/2021),2.5 (POSYDON default),30 (low-kick channel; same as σ_strippedSN),45.000000000000,0.000000000000,0.000000000000,0.000000000000,0.000000000000,0.000000000000,0.000000000000,0.000000000000,0.546666666700,0.453333333300,,,,,,,,,,,,,,,,,,,,
Bavera et al. (2021),B21-alpha0-75,2021,POSYDON,hybrid,BA21,https://arxiv.org/pdf/2010.16333,265,30,0.75,non-conservative (Eddington-limited onto BH); 10x thermal rate for stellar accretor,pessimistic,standard,"Nanjing (Dominik et al. 2012; Xu & Li 2010a,b)",fit based on Marchant et al. (2019),"The stability of Roche-lobe overflow mass transfer is determined by the rate at which the Roche-lobe radius is changing as a result of mass-transfer d log(RL)/d log(m) to the response of the radius of a star as its mass is changing d log(R∗)/d log(m). We use the approximation of Eggleton (1983) for the Roche-lobe radius while we approximate the radial response of the star depending on its stellar type. We adopt the values assumed in Neijssel et al. (2019); Bavera et al. (2020). The stability of the mass transfer can then be determined by solving this equation with respect to the critical mass ratio, defined as qcrit = mdonor/maccretor. For MS stars we use d log(R∗)/d log(m) = 2.0 which correspond to qcrit ' 1.72 while for HG stars d log(R∗)/d log(m) = 6.5 which correspond to qcrit ' 3.83 (Ge et al. 2015). For stars on the GB and AGB we use fits from Hjellming & Webbink (1987). For stripped stars we adopt qcrit as in Claeys et al. (2014). Different choices of qcrit, especially for GB and AGB stars have an impact on the parameter space that leads to the formation of BBHs, hence on the merger rate, see Sec. 4.3 for a discussion of this uncertainty.",F12 delayed,specific AM of accreting star (Hurley 2002 AM of accretor prescription),Hurley (2002) AM of accretor,True,1,αCE varies per model; pessimistic CE (HG donors fail); POSYDON hybrid,No (pessimistic; HG donors do not survive CE),"Vink et al. (2000a,b) hot star winds; Nieuwenhuijzen &amp; de Jager (1990) cool stars; Belczynski et al. (2010) WR winds; all metallicity-scaled; POSYDON hybrid uses MESA for MS/HeMS phases",Hurley et al. (2002) BSE tidal prescription for non-MESA phases; tides included in MESA grids for MS/HeMS,Fryer et al. (2012) delayed; gravitational mass from CO core mass,Kroupa (2001) broken power-law; M1: 10–150 M☉,Sana et al. (2012) period distribution (POSYDON hybrid),Uniform in q = M2/M1 (Sana et al. 2012),0.7 (Sana et al. 2012),"Z = 10⁻⁴ to 2×10⁻² (multiple metallicity bins); re-weighted to IllustrisTNG S(Z,z)",IllustrisTNG100 cosmological simulation; Bavera et al. (2020/2021),2.5 (POSYDON default),30 (low-kick channel; same as σ_strippedSN),54.200000000000,0.000000000000,0.000000000000,0.000000000000,0.000000000000,0.000000000000,0.000000000000,0.000000000000,0.453874538700,0.546125461300,,,,,,,,,,,,,,,,,,,,
Bavera et al. (2021),B21-alpha1,2021,POSYDON,hybrid,BA21,https://arxiv.org/pdf/2010.16333,265,30,1,non-conservative (Eddington-limited onto BH); 10x thermal rate for stellar accretor,pessimistic,standard,"Nanjing (Dominik et al. 2012; Xu & Li 2010a,b)",fit based on Marchant et al. (2019),"The stability of Roche-lobe overflow mass transfer is determined by the rate at which the Roche-lobe radius is changing as a result of mass-transfer d log(RL)/d log(m) to the response of the radius of a star as its mass is changing d log(R∗)/d log(m). We use the approximation of Eggleton (1983) for the Roche-lobe radius while we approximate the radial response of the star depending on its stellar type. We adopt the values assumed in Neijssel et al. (2019); Bavera et al. (2020). The stability of the mass transfer can then be determined by solving this equation with respect to the critical mass ratio, defined as qcrit = mdonor/maccretor. For MS stars we use d log(R∗)/d log(m) = 2.0 which correspond to qcrit ' 1.72 while for HG stars d log(R∗)/d log(m) = 6.5 which correspond to qcrit ' 3.83 (Ge et al. 2015). For stars on the GB and AGB we use fits from Hjellming & Webbink (1987). For stripped stars we adopt qcrit as in Claeys et al. (2014). Different choices of qcrit, especially for GB and AGB stars have an impact on the parameter space that leads to the formation of BBHs, hence on the merger rate, see Sec. 4.3 for a discussion of this uncertainty.",F12 delayed,specific AM of accreting star (Hurley 2002 AM of accretor prescription),Hurley (2002) AM of accretor,True,1,αCE varies per model; pessimistic CE (HG donors fail); POSYDON hybrid,No (pessimistic; HG donors do not survive CE),"Vink et al. (2000a,b) hot star winds; Nieuwenhuijzen &amp; de Jager (1990) cool stars; Belczynski et al. (2010) WR winds; all metallicity-scaled; POSYDON hybrid uses MESA for MS/HeMS phases",Hurley et al. (2002) BSE tidal prescription for non-MESA phases; tides included in MESA grids for MS/HeMS,Fryer et al. (2012) delayed; gravitational mass from CO core mass,Kroupa (2001) broken power-law; M1: 10–150 M☉,Sana et al. (2012) period distribution (POSYDON hybrid),Uniform in q = M2/M1 (Sana et al. 2012),0.7 (Sana et al. 2012),"Z = 10⁻⁴ to 2×10⁻² (multiple metallicity bins); re-weighted to IllustrisTNG S(Z,z)",IllustrisTNG100 cosmological simulation; Bavera et al. (2020/2021),2.5 (POSYDON default),30 (low-kick channel; same as σ_strippedSN),67.200000000000,0.000000000000,0.000000000000,0.000000000000,0.000000000000,0.000000000000,0.000000000000,0.000000000000,0.366071428600,0.633928571400,,,,,,,,,,,,,,,,,,,,
Bavera et al. (2021),B21-alpha2,2021,POSYDON,hybrid,BA21,https://arxiv.org/pdf/2010.16333,265,30,2,non-conservative (Eddington-limited onto BH); 10x thermal rate for stellar accretor,pessimistic,standard,"Nanjing (Dominik et al. 2012; Xu & Li 2010a,b)",fit based on Marchant et al. (2019),"The stability of Roche-lobe overflow mass transfer is determined by the rate at which the Roche-lobe radius is changing as a result of mass-transfer d log(RL)/d log(m) to the response of the radius of a star as its mass is changing d log(R∗)/d log(m). We use the approximation of Eggleton (1983) for the Roche-lobe radius while we approximate the radial response of the star depending on its stellar type. We adopt the values assumed in Neijssel et al. (2019); Bavera et al. (2020). The stability of the mass transfer can then be determined by solving this equation with respect to the critical mass ratio, defined as qcrit = mdonor/maccretor. For MS stars we use d log(R∗)/d log(m) = 2.0 which correspond to qcrit ' 1.72 while for HG stars d log(R∗)/d log(m) = 6.5 which correspond to qcrit ' 3.83 (Ge et al. 2015). For stars on the GB and AGB we use fits from Hjellming & Webbink (1987). For stripped stars we adopt qcrit as in Claeys et al. (2014). Different choices of qcrit, especially for GB and AGB stars have an impact on the parameter space that leads to the formation of BBHs, hence on the merger rate, see Sec. 4.3 for a discussion of this uncertainty.",F12 delayed,specific AM of accreting star (Hurley 2002 AM of accretor prescription),Hurley (2002) AM of accretor,True,1,αCE varies per model; pessimistic CE (HG donors fail); POSYDON hybrid,No (pessimistic; HG donors do not survive CE),"Vink et al. (2000a,b) hot star winds; Nieuwenhuijzen &amp; de Jager (1990) cool stars; Belczynski et al. (2010) WR winds; all metallicity-scaled; POSYDON hybrid uses MESA for MS/HeMS phases",Hurley et al. (2002) BSE tidal prescription for non-MESA phases; tides included in MESA grids for MS/HeMS,Fryer et al. (2012) delayed; gravitational mass from CO core mass,Kroupa (2001) broken power-law; M1: 10–150 M☉,Sana et al. (2012) period distribution (POSYDON hybrid),Uniform in q = M2/M1 (Sana et al. 2012),0.7 (Sana et al. 2012),"Z = 10⁻⁴ to 2×10⁻² (multiple metallicity bins); re-weighted to IllustrisTNG S(Z,z)",IllustrisTNG100 cosmological simulation; Bavera et al. (2020/2021),2.5 (POSYDON default),30 (low-kick channel; same as σ_strippedSN),59.600000000000,0.000000000000,0.000000000000,0.000000000000,0.000000000000,0.000000000000,0.000000000000,0.000000000000,0.412751677900,0.587248322100,,,,,,,,,,,,,,,,,,,,
Bavera et al. (2021),B21-alpha5,2021,POSYDON,hybrid,BA21,https://arxiv.org/pdf/2010.16333,265,30,5,non-conservative (Eddington-limited onto BH); 10x thermal rate for stellar accretor,pessimistic,standard,"Nanjing (Dominik et al. 2012; Xu & Li 2010a,b)",fit based on Marchant et al. (2019),"The stability of Roche-lobe overflow mass transfer is determined by the rate at which the Roche-lobe radius is changing as a result of mass-transfer d log(RL)/d log(m) to the response of the radius of a star as its mass is changing d log(R∗)/d log(m). We use the approximation of Eggleton (1983) for the Roche-lobe radius while we approximate the radial response of the star depending on its stellar type. We adopt the values assumed in Neijssel et al. (2019); Bavera et al. (2020). The stability of the mass transfer can then be determined by solving this equation with respect to the critical mass ratio, defined as qcrit = mdonor/maccretor. For MS stars we use d log(R∗)/d log(m) = 2.0 which correspond to qcrit ' 1.72 while for HG stars d log(R∗)/d log(m) = 6.5 which correspond to qcrit ' 3.83 (Ge et al. 2015). For stars on the GB and AGB we use fits from Hjellming & Webbink (1987). For stripped stars we adopt qcrit as in Claeys et al. (2014). Different choices of qcrit, especially for GB and AGB stars have an impact on the parameter space that leads to the formation of BBHs, hence on the merger rate, see Sec. 4.3 for a discussion of this uncertainty.",F12 delayed,specific AM of accreting star (Hurley 2002 AM of accretor prescription),Hurley (2002) AM of accretor,True,1,αCE varies per model; pessimistic CE (HG donors fail); POSYDON hybrid,No (pessimistic; HG donors do not survive CE),"Vink et al. (2000a,b) hot star winds; Nieuwenhuijzen &amp; de Jager (1990) cool stars; Belczynski et al. (2010) WR winds; all metallicity-scaled; POSYDON hybrid uses MESA for MS/HeMS phases",Hurley et al. (2002) BSE tidal prescription for non-MESA phases; tides included in MESA grids for MS/HeMS,Fryer et al. (2012) delayed; gravitational mass from CO core mass,Kroupa (2001) broken power-law; M1: 10–150 M☉,Sana et al. (2012) period distribution (POSYDON hybrid),Uniform in q = M2/M1 (Sana et al. 2012),0.7 (Sana et al. 2012),"Z = 10⁻⁴ to 2×10⁻² (multiple metallicity bins); re-weighted to IllustrisTNG S(Z,z)",IllustrisTNG100 cosmological simulation; Bavera et al. (2020/2021),2.5 (POSYDON default),30 (low-kick channel; same as σ_strippedSN),47.300000000000,0.000000000000,0.000000000000,0.000000000000,0.000000000000,0.000000000000,0.000000000000,0.000000000000,0.520084566600,0.479915433400,,,,,,,,,,,,,,,,,,,,
Bavera et al. (2021),B21-eddington-1E3,2021,POSYDON,hybrid,BA21,https://arxiv.org/pdf/2010.16333,265,30,1,non-conservative (Eddington-limited onto BH); 10x thermal rate for stellar accretor,pessimistic,standard,"Nanjing (Dominik et al. 2012; Xu & Li 2010a,b)",fit based on Marchant et al. (2019),"The stability of Roche-lobe overflow mass transfer is determined by the rate at which the Roche-lobe radius is changing as a result of mass-transfer d log(RL)/d log(m) to the response of the radius of a star as its mass is changing d log(R∗)/d log(m). We use the approximation of Eggleton (1983) for the Roche-lobe radius while we approximate the radial response of the star depending on its stellar type. We adopt the values assumed in Neijssel et al. (2019); Bavera et al. (2020). The stability of the mass transfer can then be determined by solving this equation with respect to the critical mass ratio, defined as qcrit = mdonor/maccretor. For MS stars we use d log(R∗)/d log(m) = 2.0 which correspond to qcrit ' 1.72 while for HG stars d log(R∗)/d log(m) = 6.5 which correspond to qcrit ' 3.83 (Ge et al. 2015). For stars on the GB and AGB we use fits from Hjellming & Webbink (1987). For stripped stars we adopt qcrit as in Claeys et al. (2014). Different choices of qcrit, especially for GB and AGB stars have an impact on the parameter space that leads to the formation of BBHs, hence on the merger rate, see Sec. 4.3 for a discussion of this uncertainty.",F12 delayed,specific AM of accreting star (Hurley 2002 AM of accretor prescription),Hurley (2002) AM of accretor,adjusted,1,αCE varies per model; pessimistic CE (HG donors fail); POSYDON hybrid,No (pessimistic; HG donors do not survive CE),"Vink et al. (2000a,b) hot star winds; Nieuwenhuijzen &amp; de Jager (1990) cool stars; Belczynski et al. (2010) WR winds; all metallicity-scaled; POSYDON hybrid uses MESA for MS/HeMS phases",Hurley et al. (2002) BSE tidal prescription for non-MESA phases; tides included in MESA grids for MS/HeMS,Fryer et al. (2012) delayed; gravitational mass from CO core mass,Kroupa (2001) broken power-law; M1: 10–150 M☉,Sana et al. (2012) period distribution (POSYDON hybrid),Uniform in q = M2/M1 (Sana et al. 2012),0.7 (Sana et al. 2012),"Z = 10⁻⁴ to 2×10⁻² (multiple metallicity bins); re-weighted to IllustrisTNG S(Z,z)",IllustrisTNG100 cosmological simulation; Bavera et al. (2020/2021),2.5 (POSYDON default),30 (low-kick channel; same as σ_strippedSN),66.600000000000,0.000000000000,0.000000000000,0.000000000000,0.000000000000,0.000000000000,0.000000000000,0.000000000000,0.352852852900,0.647147147100,,,,,,,,,,,,,,,,,,,,
Bavera et al. (2021),B21-eddington-1E5,2021,POSYDON,hybrid,BA21,https://arxiv.org/pdf/2010.16333,265,30,1,non-conservative (Eddington-limited onto BH); 10x thermal rate for stellar accretor,pessimistic,standard,"Nanjing (Dominik et al. 2012; Xu & Li 2010a,b)",fit based on Marchant et al. (2019),"The stability of Roche-lobe overflow mass transfer is determined by the rate at which the Roche-lobe radius is changing as a result of mass-transfer d log(RL)/d log(m) to the response of the radius of a star as its mass is changing d log(R∗)/d log(m). We use the approximation of Eggleton (1983) for the Roche-lobe radius while we approximate the radial response of the star depending on its stellar type. We adopt the values assumed in Neijssel et al. (2019); Bavera et al. (2020). The stability of the mass transfer can then be determined by solving this equation with respect to the critical mass ratio, defined as qcrit = mdonor/maccretor. For MS stars we use d log(R∗)/d log(m) = 2.0 which correspond to qcrit ' 1.72 while for HG stars d log(R∗)/d log(m) = 6.5 which correspond to qcrit ' 3.83 (Ge et al. 2015). For stars on the GB and AGB we use fits from Hjellming & Webbink (1987). For stripped stars we adopt qcrit as in Claeys et al. (2014). Different choices of qcrit, especially for GB and AGB stars have an impact on the parameter space that leads to the formation of BBHs, hence on the merger rate, see Sec. 4.3 for a discussion of this uncertainty.",F12 delayed,specific AM of accreting star (Hurley 2002 AM of accretor prescription),Hurley (2002) AM of accretor,adjusted,1,αCE varies per model; pessimistic CE (HG donors fail); POSYDON hybrid,No (pessimistic; HG donors do not survive CE),"Vink et al. (2000a,b) hot star winds; Nieuwenhuijzen &amp; de Jager (1990) cool stars; Belczynski et al. (2010) WR winds; all metallicity-scaled; POSYDON hybrid uses MESA for MS/HeMS phases",Hurley et al. (2002) BSE tidal prescription for non-MESA phases; tides included in MESA grids for MS/HeMS,Fryer et al. (2012) delayed; gravitational mass from CO core mass,Kroupa (2001) broken power-law; M1: 10–150 M☉,Sana et al. (2012) period distribution (POSYDON hybrid),Uniform in q = M2/M1 (Sana et al. 2012),0.7 (Sana et al. 2012),"Z = 10⁻⁴ to 2×10⁻² (multiple metallicity bins); re-weighted to IllustrisTNG S(Z,z)",IllustrisTNG100 cosmological simulation; Bavera et al. (2020/2021),2.5 (POSYDON default),30 (low-kick channel; same as σ_strippedSN),44.500000000000,0.000000000000,0.000000000000,0.000000000000,0.000000000000,0.000000000000,0.000000000000,0.000000000000,0.083146067420,0.916853932600,,,,,,,,,,,,,,,,,,,,
Bavera et al. (2021),B21-eddington-1E9,2021,POSYDON,hybrid,BA21,https://arxiv.org/pdf/2010.16333,265,30,1,non-conservative (Eddington-limited onto BH); 10x thermal rate for stellar accretor,pessimistic,standard,"Nanjing (Dominik et al. 2012; Xu & Li 2010a,b)",fit based on Marchant et al. (2019),"The stability of Roche-lobe overflow mass transfer is determined by the rate at which the Roche-lobe radius is changing as a result of mass-transfer d log(RL)/d log(m) to the response of the radius of a star as its mass is changing d log(R∗)/d log(m). We use the approximation of Eggleton (1983) for the Roche-lobe radius while we approximate the radial response of the star depending on its stellar type. We adopt the values assumed in Neijssel et al. (2019); Bavera et al. (2020). The stability of the mass transfer can then be determined by solving this equation with respect to the critical mass ratio, defined as qcrit = mdonor/maccretor. For MS stars we use d log(R∗)/d log(m) = 2.0 which correspond to qcrit ' 1.72 while for HG stars d log(R∗)/d log(m) = 6.5 which correspond to qcrit ' 3.83 (Ge et al. 2015). For stars on the GB and AGB we use fits from Hjellming & Webbink (1987). For stripped stars we adopt qcrit as in Claeys et al. (2014). Different choices of qcrit, especially for GB and AGB stars have an impact on the parameter space that leads to the formation of BBHs, hence on the merger rate, see Sec. 4.3 for a discussion of this uncertainty.",F12 delayed,specific AM of accreting star (Hurley 2002 AM of accretor prescription),Hurley (2002) AM of accretor,adjusted,1,αCE varies per model; pessimistic CE (HG donors fail); POSYDON hybrid,No (pessimistic; HG donors do not survive CE),"Vink et al. (2000a,b) hot star winds; Nieuwenhuijzen &amp; de Jager (1990) cool stars; Belczynski et al. (2010) WR winds; all metallicity-scaled; POSYDON hybrid uses MESA for MS/HeMS phases",Hurley et al. (2002) BSE tidal prescription for non-MESA phases; tides included in MESA grids for MS/HeMS,Fryer et al. (2012) delayed; gravitational mass from CO core mass,Kroupa (2001) broken power-law; M1: 10–150 M☉,Sana et al. (2012) period distribution (POSYDON hybrid),Uniform in q = M2/M1 (Sana et al. 2012),0.7 (Sana et al. 2012),"Z = 10⁻⁴ to 2×10⁻² (multiple metallicity bins); re-weighted to IllustrisTNG S(Z,z)",IllustrisTNG100 cosmological simulation; Bavera et al. (2020/2021),2.5 (POSYDON default),30 (low-kick channel; same as σ_strippedSN),38.800000000000,0.000000000000,0.000000000000,0.000000000000,0.000000000000,0.000000000000,0.000000000000,0.000000000000,0.005154639175,0.994845360800,,,,,,,,,,,,,,,,,,,,
Bavera et al. (2021),B21-logU-SanaPrior,2021,POSYDON,hybrid,BA21,https://arxiv.org/pdf/2010.16333,265,30,1,non-conservative (Eddington-limited onto BH); 10x thermal rate for stellar accretor,pessimistic,standard,"Nanjing (Dominik et al. 2012; Xu & Li 2010a,b)",fit based on Marchant et al. (2019),"The stability of Roche-lobe overflow mass transfer is determined by the rate at which the Roche-lobe radius is changing as a result of mass-transfer d log(RL)/d log(m) to the response of the radius of a star as its mass is changing d log(R∗)/d log(m). We use the approximation of Eggleton (1983) for the Roche-lobe radius while we approximate the radial response of the star depending on its stellar type. We adopt the values assumed in Neijssel et al. (2019); Bavera et al. (2020). The stability of the mass transfer can then be determined by solving this equation with respect to the critical mass ratio, defined as qcrit = mdonor/maccretor. For MS stars we use d log(R∗)/d log(m) = 2.0 which correspond to qcrit ' 1.72 while for HG stars d log(R∗)/d log(m) = 6.5 which correspond to qcrit ' 3.83 (Ge et al. 2015). For stars on the GB and AGB we use fits from Hjellming & Webbink (1987). For stripped stars we adopt qcrit as in Claeys et al. (2014). Different choices of qcrit, especially for GB and AGB stars have an impact on the parameter space that leads to the formation of BBHs, hence on the merger rate, see Sec. 4.3 for a discussion of this uncertainty.",F12 delayed,specific AM of accreting star (Hurley 2002 AM of accretor prescription),Hurley (2002) AM of accretor,True,1,αCE varies per model; pessimistic CE (HG donors fail); POSYDON hybrid,No (pessimistic; HG donors do not survive CE),"Vink et al. (2000a,b) hot star winds; Nieuwenhuijzen &amp; de Jager (1990) cool stars; Belczynski et al. (2010) WR winds; all metallicity-scaled; POSYDON hybrid uses MESA for MS/HeMS phases",Hurley et al. (2002) BSE tidal prescription for non-MESA phases; tides included in MESA grids for MS/HeMS,Fryer et al. (2012) delayed; gravitational mass from CO core mass,Kroupa (2001) broken power-law; M1: 10–150 M☉,Sana et al. (2012) period distribution (POSYDON hybrid),Uniform in q = M2/M1 (Sana et al. 2012),0.7 (Sana et al. 2012),"Z = 10⁻⁴ to 2×10⁻² (multiple metallicity bins); re-weighted to IllustrisTNG S(Z,z)",IllustrisTNG100 cosmological simulation; Bavera et al. (2020/2021),2.5 (POSYDON default),30 (low-kick channel; same as σ_strippedSN),96.400000000000,0.000000000000,0.000000000000,0.000000000000,0.000000000000,0.000000000000,0.000000000000,0.000000000000,0.239626556000,0.760373444000,,,,,,,,,,,,,,,,,,,,
Bavera et al. (2021),B21-logU-noRLOFatZAMS,2021,POSYDON,hybrid,BA21,https://arxiv.org/pdf/2010.16333,265,30,1,non-conservative (Eddington-limited onto BH); 10x thermal rate for stellar accretor,pessimistic,standard,"Nanjing (Dominik et al. 2012; Xu & Li 2010a,b)",fit based on Marchant et al. (2019),"The stability of Roche-lobe overflow mass transfer is determined by the rate at which the Roche-lobe radius is changing as a result of mass-transfer d log(RL)/d log(m) to the response of the radius of a star as its mass is changing d log(R∗)/d log(m). We use the approximation of Eggleton (1983) for the Roche-lobe radius while we approximate the radial response of the star depending on its stellar type. We adopt the values assumed in Neijssel et al. (2019); Bavera et al. (2020). The stability of the mass transfer can then be determined by solving this equation with respect to the critical mass ratio, defined as qcrit = mdonor/maccretor. For MS stars we use d log(R∗)/d log(m) = 2.0 which correspond to qcrit ' 1.72 while for HG stars d log(R∗)/d log(m) = 6.5 which correspond to qcrit ' 3.83 (Ge et al. 2015). For stars on the GB and AGB we use fits from Hjellming & Webbink (1987). For stripped stars we adopt qcrit as in Claeys et al. (2014). Different choices of qcrit, especially for GB and AGB stars have an impact on the parameter space that leads to the formation of BBHs, hence on the merger rate, see Sec. 4.3 for a discussion of this uncertainty.",F12 delayed,specific AM of accreting star (Hurley 2002 AM of accretor prescription),Hurley (2002) AM of accretor,True,1,αCE varies per model; pessimistic CE (HG donors fail); POSYDON hybrid,No (pessimistic; HG donors do not survive CE),"Vink et al. (2000a,b) hot star winds; Nieuwenhuijzen &amp; de Jager (1990) cool stars; Belczynski et al. (2010) WR winds; all metallicity-scaled; POSYDON hybrid uses MESA for MS/HeMS phases",Hurley et al. (2002) BSE tidal prescription for non-MESA phases; tides included in MESA grids for MS/HeMS,Fryer et al. (2012) delayed; gravitational mass from CO core mass,Kroupa (2001) broken power-law; M1: 10–150 M☉,Sana et al. (2012) period distribution (POSYDON hybrid),Uniform in q = M2/M1 (Sana et al. 2012),0.7 (Sana et al. 2012),"Z = 10⁻⁴ to 2×10⁻² (multiple metallicity bins); re-weighted to IllustrisTNG S(Z,z)",IllustrisTNG100 cosmological simulation; Bavera et al. (2020/2021),2.5 (POSYDON default),30 (low-kick channel; same as σ_strippedSN),103.300000000000,0.000000000000,0.000000000000,0.000000000000,0.000000000000,0.000000000000,0.000000000000,0.000000000000,0.240077444300,0.759922555700,,,,,,,,,,,,,,,,,,,,
Bavera et al. (2021),B21-noRLOFatZAMS,2021,POSYDON,hybrid,BA21,https://arxiv.org/pdf/2010.16333,265,30,1,non-conservative (Eddington-limited onto BH); 10x thermal rate for stellar accretor,pessimistic,standard,"Nanjing (Dominik et al. 2012; Xu & Li 2010a,b)",fit based on Marchant et al. (2019),"The stability of Roche-lobe overflow mass transfer is determined by the rate at which the Roche-lobe radius is changing as a result of mass-transfer d log(RL)/d log(m) to the response of the radius of a star as its mass is changing d log(R∗)/d log(m). We use the approximation of Eggleton (1983) for the Roche-lobe radius while we approximate the radial response of the star depending on its stellar type. We adopt the values assumed in Neijssel et al. (2019); Bavera et al. (2020). The stability of the mass transfer can then be determined by solving this equation with respect to the critical mass ratio, defined as qcrit = mdonor/maccretor. For MS stars we use d log(R∗)/d log(m) = 2.0 which correspond to qcrit ' 1.72 while for HG stars d log(R∗)/d log(m) = 6.5 which correspond to qcrit ' 3.83 (Ge et al. 2015). For stars on the GB and AGB we use fits from Hjellming & Webbink (1987). For stripped stars we adopt qcrit as in Claeys et al. (2014). Different choices of qcrit, especially for GB and AGB stars have an impact on the parameter space that leads to the formation of BBHs, hence on the merger rate, see Sec. 4.3 for a discussion of this uncertainty.",F12 delayed,specific AM of accreting star (Hurley 2002 AM of accretor prescription),Hurley (2002) AM of accretor,True,1,αCE varies per model; pessimistic CE (HG donors fail); POSYDON hybrid,No (pessimistic; HG donors do not survive CE),"Vink et al. (2000a,b) hot star winds; Nieuwenhuijzen &amp; de Jager (1990) cool stars; Belczynski et al. (2010) WR winds; all metallicity-scaled; POSYDON hybrid uses MESA for MS/HeMS phases",Hurley et al. (2002) BSE tidal prescription for non-MESA phases; tides included in MESA grids for MS/HeMS,Fryer et al. (2012) delayed; gravitational mass from CO core mass,Kroupa (2001) broken power-law; M1: 10–150 M☉,Sana et al. (2012) period distribution (POSYDON hybrid),Uniform in q = M2/M1 (Sana et al. 2012),0.7 (Sana et al. 2012),"Z = 10⁻⁴ to 2×10⁻² (multiple metallicity bins); re-weighted to IllustrisTNG S(Z,z)",IllustrisTNG100 cosmological simulation; Bavera et al. (2020/2021),2.5 (POSYDON default),30 (low-kick channel; same as σ_strippedSN),87.200000000000,0.000000000000,0.000000000000,0.000000000000,0.000000000000,0.000000000000,0.000000000000,0.000000000000,0.360091743100,0.639908256900,,,,,,,,,,,,,,,,,,,,
Bavera et al. (2021),B21-qcrit-Belczynski,2021,POSYDON,hybrid,BA21,https://arxiv.org/pdf/2010.16333,265,30,1,non-conservative (Eddington-limited onto BH); 10x thermal rate for stellar accretor,pessimistic,standard,"Nanjing (Dominik et al. 2012; Xu & Li 2010a,b)",fit based on Marchant et al. (2019),"The stability of Roche-lobe overflow mass transfer is determined by the rate at which the Roche-lobe radius is changing as a result of mass-transfer d log(RL)/d log(m) to the response of the radius of a star as its mass is changing d log(R∗)/d log(m). We use the approximation of Eggleton (1983) for the Roche-lobe radius while we approximate the radial response of the star depending on its stellar type. We adopt the values assumed in Neijssel et al. (2019); Bavera et al. (2020). The stability of the mass transfer can then be determined by solving this equation with respect to the critical mass ratio, defined as qcrit = mdonor/maccretor. For MS stars we use d log(R∗)/d log(m) = 2.0 which correspond to qcrit ' 1.72 while for HG stars d log(R∗)/d log(m) = 6.5 which correspond to qcrit ' 3.83 (Ge et al. 2015). For stars on the GB and AGB we use fits from Hjellming & Webbink (1987). For stripped stars we adopt qcrit as in Claeys et al. (2014). Different choices of qcrit, especially for GB and AGB stars have an impact on the parameter space that leads to the formation of BBHs, hence on the merger rate, see Sec. 4.3 for a discussion of this uncertainty.",F12 delayed,specific AM of accreting star (Hurley 2002 AM of accretor prescription),Hurley (2002) AM of accretor,True,1,αCE varies per model; pessimistic CE (HG donors fail); POSYDON hybrid,No (pessimistic; HG donors do not survive CE),"Vink et al. (2000a,b) hot star winds; Nieuwenhuijzen &amp; de Jager (1990) cool stars; Belczynski et al. (2010) WR winds; all metallicity-scaled; POSYDON hybrid uses MESA for MS/HeMS phases",Hurley et al. (2002) BSE tidal prescription for non-MESA phases; tides included in MESA grids for MS/HeMS,Fryer et al. (2012) delayed; gravitational mass from CO core mass,Kroupa (2001) broken power-law; M1: 10–150 M☉,Sana et al. (2012) period distribution (POSYDON hybrid),Uniform in q = M2/M1 (Sana et al. 2012),0.7 (Sana et al. 2012),"Z = 10⁻⁴ to 2×10⁻² (multiple metallicity bins); re-weighted to IllustrisTNG S(Z,z)",IllustrisTNG100 cosmological simulation; Bavera et al. (2020/2021),2.5 (POSYDON default),30 (low-kick channel; same as σ_strippedSN),55.800000000000,0.000000000000,0.000000000000,0.000000000000,0.000000000000,0.000000000000,0.000000000000,0.000000000000,0.560931899600,0.439068100400,,,,,,,,,,,,,,,,,,,,
Bavera et al. (2021),B21-qcrit-Claeys,2021,POSYDON,hybrid,BA21,https://arxiv.org/pdf/2010.16333,265,30,1,non-conservative (Eddington-limited onto BH); 10x thermal rate for stellar accretor,pessimistic,standard,"Nanjing (Dominik et al. 2012; Xu & Li 2010a,b)",fit based on Marchant et al. (2019),"The stability of Roche-lobe overflow mass transfer is determined by the rate at which the Roche-lobe radius is changing as a result of mass-transfer d log(RL)/d log(m) to the response of the radius of a star as its mass is changing d log(R∗)/d log(m). We use the approximation of Eggleton (1983) for the Roche-lobe radius while we approximate the radial response of the star depending on its stellar type. We adopt the values assumed in Neijssel et al. (2019); Bavera et al. (2020). The stability of the mass transfer can then be determined by solving this equation with respect to the critical mass ratio, defined as qcrit = mdonor/maccretor. For MS stars we use d log(R∗)/d log(m) = 2.0 which correspond to qcrit ' 1.72 while for HG stars d log(R∗)/d log(m) = 6.5 which correspond to qcrit ' 3.83 (Ge et al. 2015). For stars on the GB and AGB we use fits from Hjellming & Webbink (1987). For stripped stars we adopt qcrit as in Claeys et al. (2014). Different choices of qcrit, especially for GB and AGB stars have an impact on the parameter space that leads to the formation of BBHs, hence on the merger rate, see Sec. 4.3 for a discussion of this uncertainty.",F12 delayed,specific AM of accreting star (Hurley 2002 AM of accretor prescription),Hurley (2002) AM of accretor,True,1,αCE varies per model; pessimistic CE (HG donors fail); POSYDON hybrid,No (pessimistic; HG donors do not survive CE),"Vink et al. (2000a,b) hot star winds; Nieuwenhuijzen &amp; de Jager (1990) cool stars; Belczynski et al. (2010) WR winds; all metallicity-scaled; POSYDON hybrid uses MESA for MS/HeMS phases",Hurley et al. (2002) BSE tidal prescription for non-MESA phases; tides included in MESA grids for MS/HeMS,Fryer et al. (2012) delayed; gravitational mass from CO core mass,Kroupa (2001) broken power-law; M1: 10–150 M☉,Sana et al. (2012) period distribution (POSYDON hybrid),Uniform in q = M2/M1 (Sana et al. 2012),0.7 (Sana et al. 2012),"Z = 10⁻⁴ to 2×10⁻² (multiple metallicity bins); re-weighted to IllustrisTNG S(Z,z)",IllustrisTNG100 cosmological simulation; Bavera et al. (2020/2021),2.5 (POSYDON default),30 (low-kick channel; same as σ_strippedSN),169.700000000000,0.000000000000,0.000000000000,0.000000000000,0.000000000000,0.000000000000,0.000000000000,0.000000000000,0.700058927500,0.299941072500,,,,,,,,,,,,,,,,,,,,
Broekgaarden et al. (2022),B22-A-fiducial,2022,COMPAS,SSE,BRO22,https://ui.adsabs.harvard.edu/abs/2021arXiv210302608B/abstract,265,30,1,thermal,pessimistic,standard,Nanjing,fit based on Marchant et al. (2019),zeta prescription,F12 delayed,specific AM of accreting star (Soberman et al. 1997),non-conservative MT mass lost with specific orbital AM of accreting star (Soberman et al. 1997; van den Heuvel et al. 2017),True,1,Standard CE energy formalism; αCE=1 is fiducial (Webbink 1984),No (pessimistic; HG donors do not survive CE — Dominik et al. 2012),"Hot stars (Teff≥12500K): Vink et al. (2000a,b) metallicity-dependent; Cool stars: max(Kudritzki &amp; Reimers 1978, Nieuwenhuijzen &amp; de Jager 1990) × metallicity factor (Kudritzki et al. 1989); WR: Belczynski et al. (2010) adapted from Hamann &amp; Koesterke (1998) × Vink &amp; de Koter (2005); LBV enhanced winds above Humphreys-Davidson limit (metallicity-independent)",Included via COMPAS/BSE framework; not separately varied in this study,Fryer et al. (2012) delayed (fiducial); gravitational mass from CO core mass; ECSN track for ONeMg cores,Kroupa (2001) broken power-law; M1: 10–150 M☉,Öpik (1924) flat-in-log; 0.01–1000 AU; circular at birth,"Uniform in q = M2/M1; q ∈ [0.01, 1); M2 ≥ 0.1 M☉ (Sana et al. 2012)",0.7 (Sana et al. 2012),"Flat-in-log; 10⁻⁴ ≤ Z ≤ 0.03; re-weighted to IllustrisTNG100 S(Z,z)","IllustrisTNG100 cosmological simulation; skewed log-normal S(Z,z); z_first=10 (van Son et al. 2022)","2.5 (fiducial; alternatives 2.0 and 3.0 tested in sub-models J, K)",30 (same Maxwellian as σ_strippedSN; no separate ECSN σ in COMPAS),39.163509241099,0.000000000000,0.495046042491,0.031146752762,0.382211650048,0.077548063404,0.014047491295,0.000000000000,0.526192795253,0.473807204747,44.81301384084,0.000000000000,0.05972960710,0.04649206481,0.81543728677,0.07367429272,0.00466674860,0.00000000000,0.10622167191,0.89377832809,25.64641765542,0.000000000000,0.00000000000,0.00567482023,0.26195844628,0.00023617782,0.73199604508,0.00013451060,0.00567482023,0.99432517977
Broekgaarden et al. (2022),B22-B-beta0-25,2022,COMPAS,SSE,BRO22,https://ui.adsabs.harvard.edu/abs/2021arXiv210302608B/abstract,265,30,1,0.25,pessimistic,standard,Nanjing,fit based on Marchant et al. (2019),zeta prescription,F12 delayed,specific AM of accreting star (Soberman et al. 1997),non-conservative MT mass lost with specific orbital AM of accreting star (Soberman et al. 1997; van den Heuvel et al. 2017),True,1,Standard CE energy formalism; αCE=1 is fiducial (Webbink 1984),No (pessimistic; HG donors do not survive CE — Dominik et al. 2012),"Hot stars (Teff≥12500K): Vink et al. (2000a,b) metallicity-dependent; Cool stars: max(Kudritzki &amp; Reimers 1978, Nieuwenhuijzen &amp; de Jager 1990) × metallicity factor (Kudritzki et al. 1989); WR: Belczynski et al. (2010) adapted from Hamann &amp; Koesterke (1998) × Vink &amp; de Koter (2005); LBV enhanced winds above Humphreys-Davidson limit (metallicity-independent)",Included via COMPAS/BSE framework; not separately varied in this study,Fryer et al. (2012) delayed (fiducial); gravitational mass from CO core mass; ECSN track for ONeMg cores,Kroupa (2001) broken power-law; M1: 10–150 M☉,Öpik (1924) flat-in-log; 0.01–1000 AU; circular at birth,"Uniform in q = M2/M1; q ∈ [0.01, 1); M2 ≥ 0.1 M☉ (Sana et al. 2012)",0.7 (Sana et al. 2012),"Flat-in-log; 10⁻⁴ ≤ Z ≤ 0.03; re-weighted to IllustrisTNG100 S(Z,z)","IllustrisTNG100 cosmological simulation; skewed log-normal S(Z,z); z_first=10 (van Son et al. 2022)","2.5 (fiducial; alternatives 2.0 and 3.0 tested in sub-models J, K)",30 (same Maxwellian as σ_strippedSN; no separate ECSN σ in COMPAS),33.663427139070,0.000000000000,0.431626636416,0.059732023744,0.466260508708,0.042372558091,0.000000000000,0.000000000000,0.491358660160,0.508633066799,17.59852437673,0.000000000000,0.41408560272,0.11138106511,0.32677956669,0.14775376548,0.00000000000,0.00000000000,0.52546666783,0.47453333217,20.66768766544,0.000000000000,0.00073043130,0.07232885874,0.92694070996,0.00000000000,0.00000000000,0.00000000000,0.07305929004,0.92694070996
Broekgaarden et al. (2022),B22-C-beta0-5,2022,COMPAS,SSE,BRO22,https://ui.adsabs.harvard.edu/abs/2021arXiv210302608B/abstract,265,30,1,0.5,pessimistic,standard,Nanjing,fit based on Marchant et al. (2019),zeta prescription,F12 delayed,specific AM of accreting star (Soberman et al. 1997),non-conservative MT mass lost with specific orbital AM of accreting star (Soberman et al. 1997; van den Heuvel et al. 2017),True,1,Standard CE energy formalism; αCE=1 is fiducial (Webbink 1984),No (pessimistic; HG donors do not survive CE — Dominik et al. 2012),"Hot stars (Teff≥12500K): Vink et al. (2000a,b) metallicity-dependent; Cool stars: max(Kudritzki &amp; Reimers 1978, Nieuwenhuijzen &amp; de Jager 1990) × metallicity factor (Kudritzki et al. 1989); WR: Belczynski et al. (2010) adapted from Hamann &amp; Koesterke (1998) × Vink &amp; de Koter (2005); LBV enhanced winds above Humphreys-Davidson limit (metallicity-independent)",Included via COMPAS/BSE framework; not separately varied in this study,Fryer et al. (2012) delayed (fiducial); gravitational mass from CO core mass; ECSN track for ONeMg cores,Kroupa (2001) broken power-law; M1: 10–150 M☉,Öpik (1924) flat-in-log; 0.01–1000 AU; circular at birth,"Uniform in q = M2/M1; q ∈ [0.01, 1); M2 ≥ 0.1 M☉ (Sana et al. 2012)",0.7 (Sana et al. 2012),"Flat-in-log; 10⁻⁴ ≤ Z ≤ 0.03; re-weighted to IllustrisTNG100 S(Z,z)","IllustrisTNG100 cosmological simulation; skewed log-normal S(Z,z); z_first=10 (van Son et al. 2022)","2.5 (fiducial; alternatives 2.0 and 3.0 tested in sub-models J, K)",30 (same Maxwellian as σ_strippedSN; no separate ECSN σ in COMPAS),37.601679201838,0.000000000000,0.639851006667,0.048673228113,0.254659336004,0.056816429215,0.000000000000,0.000000000000,0.688524234781,0.311475765219,10.47618588089,0.000000000000,0.46577045737,0.21123641093,0.04647070055,0.27652243114,0.00000000000,0.00000000000,0.67700686830,0.32299313170,21.99812853808,0.000000000000,0.00000000000,0.01909061484,0.97999422030,0.00000000000,0.00038306844,0.00053209641,0.01909061484,0.98090938516
Broekgaarden et al. (2022),B22-D-beta0-75,2022,COMPAS,SSE,BRO22,https://ui.adsabs.harvard.edu/abs/2021arXiv210302608B/abstract,265,30,1,0.75,pessimistic,standard,Nanjing,fit based on Marchant et al. (2019),zeta prescription,F12 delayed,specific AM of accreting star (Soberman et al. 1997),non-conservative MT mass lost with specific orbital AM of accreting star (Soberman et al. 1997; van den Heuvel et al. 2017),True,1,Standard CE energy formalism; αCE=1 is fiducial (Webbink 1984),No (pessimistic; HG donors do not survive CE — Dominik et al. 2012),"Hot stars (Teff≥12500K): Vink et al. (2000a,b) metallicity-dependent; Cool stars: max(Kudritzki &amp; Reimers 1978, Nieuwenhuijzen &amp; de Jager 1990) × metallicity factor (Kudritzki et al. 1989); WR: Belczynski et al. (2010) adapted from Hamann &amp; Koesterke (1998) × Vink &amp; de Koter (2005); LBV enhanced winds above Humphreys-Davidson limit (metallicity-independent)",Included via COMPAS/BSE framework; not separately varied in this study,Fryer et al. (2012) delayed (fiducial); gravitational mass from CO core mass; ECSN track for ONeMg cores,Kroupa (2001) broken power-law; M1: 10–150 M☉,Öpik (1924) flat-in-log; 0.01–1000 AU; circular at birth,"Uniform in q = M2/M1; q ∈ [0.01, 1); M2 ≥ 0.1 M☉ (Sana et al. 2012)",0.7 (Sana et al. 2012),"Flat-in-log; 10⁻⁴ ≤ Z ≤ 0.03; re-weighted to IllustrisTNG100 S(Z,z)","IllustrisTNG100 cosmological simulation; skewed log-normal S(Z,z); z_first=10 (van Son et al. 2022)","2.5 (fiducial; alternatives 2.0 and 3.0 tested in sub-models J, K)",30 (same Maxwellian as σ_strippedSN; no separate ECSN σ in COMPAS),45.100801892784,0.000000000000,0.764859542639,0.029982611917,0.142473882812,0.059802788218,0.002881174415,0.000000000000,0.794842154556,0.205157845444,5.73341740132,0.000000000000,0.05223361780,0.36589690408,0.01553507197,0.54762595956,0.01870844659,0.00000000000,0.41813052187,0.58186947813,39.29257423871,0.000000000000,0.00000000000,0.00711406484,0.50252442497,0.00000000000,0.49020388390,0.00015759304,0.00711406484,0.99288590191
Broekgaarden et al. (2022),B22-E-unstableBB,2022,COMPAS,SSE,BRO22,https://ui.adsabs.harvard.edu/abs/2021arXiv210302608B/abstract,265,30,1,thermal,pessimistic,standard,Nanjing,fit based on Marchant et al. (2019),zeta prescription,F12 delayed,specific AM of accreting star (Soberman et al. 1997),non-conservative MT mass lost with specific orbital AM of accreting star (Soberman et al. 1997; van den Heuvel et al. 2017),True,1,Standard CE energy formalism; αCE=1 is fiducial (Webbink 1984),No (pessimistic; HG donors do not survive CE — Dominik et al. 2012),"Hot stars (Teff≥12500K): Vink et al. (2000a,b) metallicity-dependent; Cool stars: max(Kudritzki &amp; Reimers 1978, Nieuwenhuijzen &amp; de Jager 1990) × metallicity factor (Kudritzki et al. 1989); WR: Belczynski et al. (2010) adapted from Hamann &amp; Koesterke (1998) × Vink &amp; de Koter (2005); LBV enhanced winds above Humphreys-Davidson limit (metallicity-independent)",Included via COMPAS/BSE framework; not separately varied in this study,Fryer et al. (2012) delayed (fiducial); gravitational mass from CO core mass; ECSN track for ONeMg cores,Kroupa (2001) broken power-law; M1: 10–150 M☉,Öpik (1924) flat-in-log; 0.01–1000 AU; circular at birth,"Uniform in q = M2/M1; q ∈ [0.01, 1); M2 ≥ 0.1 M☉ (Sana et al. 2012)",0.7 (Sana et al. 2012),"Flat-in-log; 10⁻⁴ ≤ Z ≤ 0.03; re-weighted to IllustrisTNG100 S(Z,z)","IllustrisTNG100 cosmological simulation; skewed log-normal S(Z,z); z_first=10 (van Son et al. 2022)","2.5 (fiducial; alternatives 2.0 and 3.0 tested in sub-models J, K)",30 (same Maxwellian as σ_strippedSN; no separate ECSN σ in COMPAS),39.130438698318,0.000000000000,0.499925124776,0.031477926455,0.380057453338,0.075982324990,0.012557170441,0.000000000000,0.531403051231,0.468596948769,8.73169247773,0.000000000000,0.11959137509,0.09095683744,0.69752110626,0.09107103185,0.00085964935,0.00000000000,0.21054821253,0.78945178747,0.30317412817,0.000000000000,0.00000000000,0.00000000000,0.96416522532,0.00000000000,0.03583477468,0.00000000000,0.00000000000,1.00000000000
Broekgaarden et al. (2022),B22-F-unstableBB-optimistic,2022,COMPAS,SSE,BRO22,https://ui.adsabs.harvard.edu/abs/2021arXiv210302608B/abstract,265,30,1,thermal,optimistic,standard,Nanjing,fit based on Marchant et al. (2019),zeta prescription,F12 delayed,specific AM of accreting star (Soberman et al. 1997),non-conservative MT mass lost with specific orbital AM of accreting star (Soberman et al. 1997; van den Heuvel et al. 2017),True,1,Standard CE energy formalism; αCE=1 is fiducial (Webbink 1984),Yes (optimistic; HG donors survive CE),"Hot stars (Teff≥12500K): Vink et al. (2000a,b) metallicity-dependent; Cool stars: max(Kudritzki &amp; Reimers 1978, Nieuwenhuijzen &amp; de Jager 1990) × metallicity factor (Kudritzki et al. 1989); WR: Belczynski et al. (2010) adapted from Hamann &amp; Koesterke (1998) × Vink &amp; de Koter (2005); LBV enhanced winds above Humphreys-Davidson limit (metallicity-independent)",Included via COMPAS/BSE framework; not separately varied in this study,Fryer et al. (2012) delayed (fiducial); gravitational mass from CO core mass; ECSN track for ONeMg cores,Kroupa (2001) broken power-law; M1: 10–150 M☉,Öpik (1924) flat-in-log; 0.01–1000 AU; circular at birth,"Uniform in q = M2/M1; q ∈ [0.01, 1); M2 ≥ 0.1 M☉ (Sana et al. 2012)",0.7 (Sana et al. 2012),"Flat-in-log; 10⁻⁴ ≤ Z ≤ 0.03; re-weighted to IllustrisTNG100 S(Z,z)","IllustrisTNG100 cosmological simulation; skewed log-normal S(Z,z); z_first=10 (van Son et al. 2022)","2.5 (fiducial; alternatives 2.0 and 3.0 tested in sub-models J, K)",30 (same Maxwellian as σ_strippedSN; no separate ECSN σ in COMPAS),89.023105831164,0.000000000000,0.240381510429,0.016505384758,0.703740322508,0.033569078983,0.005569677948,0.000234025375,0.256886895187,0.743113104813,36.03398510878,0.000000000000,0.42263154967,0.04946271875,0.48600446158,0.04150225775,0.00037764993,0.00002136232,0.47209426842,0.52790573158,37.24628969426,0.000000000000,0.03319628498,0.00988759626,0.87846599621,0.00029667246,0.07815345008,0.00000000000,0.04308388125,0.95691611875
Broekgaarden et al. (2022),B22-G-alpha0-1,2022,COMPAS,SSE,BRO22,https://ui.adsabs.harvard.edu/abs/2021arXiv210302608B/abstract,265,30,0.1,thermal,pessimistic,standard,Nanjing,fit based on Marchant et al. (2019),zeta prescription,F12 delayed,specific AM of accreting star (Soberman et al. 1997),non-conservative MT mass lost with specific orbital AM of accreting star (Soberman et al. 1997; van den Heuvel et al. 2017),True,1,Standard CE energy formalism; αCE=1 is fiducial (Webbink 1984),No (pessimistic; HG donors do not survive CE — Dominik et al. 2012),"Hot stars (Teff≥12500K): Vink et al. (2000a,b) metallicity-dependent; Cool stars: max(Kudritzki &amp; Reimers 1978, Nieuwenhuijzen &amp; de Jager 1990) × metallicity factor (Kudritzki et al. 1989); WR: Belczynski et al. (2010) adapted from Hamann &amp; Koesterke (1998) × Vink &amp; de Koter (2005); LBV enhanced winds above Humphreys-Davidson limit (metallicity-independent)",Included via COMPAS/BSE framework; not separately varied in this study,Fryer et al. (2012) delayed (fiducial); gravitational mass from CO core mass; ECSN track for ONeMg cores,Kroupa (2001) broken power-law; M1: 10–150 M☉,Öpik (1924) flat-in-log; 0.01–1000 AU; circular at birth,"Uniform in q = M2/M1; q ∈ [0.01, 1); M2 ≥ 0.1 M☉ (Sana et al. 2012)",0.7 (Sana et al. 2012),"Flat-in-log; 10⁻⁴ ≤ Z ≤ 0.03; re-weighted to IllustrisTNG100 S(Z,z)","IllustrisTNG100 cosmological simulation; skewed log-normal S(Z,z); z_first=10 (van Son et al. 2022)","2.5 (fiducial; alternatives 2.0 and 3.0 tested in sub-models J, K)",30 (same Maxwellian as σ_strippedSN; no separate ECSN σ in COMPAS),22.222846442343,0.000000000000,0.878144244414,0.014440798395,0.100414552193,0.006994454221,0.000005950776,0.000000000000,0.892585042809,0.107414957191,2.71182790547,0.000000000000,0.94496280419,0.00470789265,0.03989663753,0.00250757541,0.00792509023,0.00000000000,0.94967069684,0.05032930316,42.12855580570,0.000000000000,0.00000000000,0.00019759068,0.99784478520,0.00000000000,0.00195762412,0.00000000000,0.00019759068,0.99980240932
Broekgaarden et al. (2022),B22-H-alpha0-5,2022,COMPAS,SSE,BRO22,https://ui.adsabs.harvard.edu/abs/2021arXiv210302608B/abstract,265,30,0.5,thermal,pessimistic,standard,Nanjing,fit based on Marchant et al. (2019),zeta prescription,F12 delayed,specific AM of accreting star (Soberman et al. 1997),non-conservative MT mass lost with specific orbital AM of accreting star (Soberman et al. 1997; van den Heuvel et al. 2017),True,1,Standard CE energy formalism; αCE=1 is fiducial (Webbink 1984),No (pessimistic; HG donors do not survive CE — Dominik et al. 2012),"Hot stars (Teff≥12500K): Vink et al. (2000a,b) metallicity-dependent; Cool stars: max(Kudritzki &amp; Reimers 1978, Nieuwenhuijzen &amp; de Jager 1990) × metallicity factor (Kudritzki et al. 1989); WR: Belczynski et al. (2010) adapted from Hamann &amp; Koesterke (1998) × Vink &amp; de Koter (2005); LBV enhanced winds above Humphreys-Davidson limit (metallicity-independent)",Included via COMPAS/BSE framework; not separately varied in this study,Fryer et al. (2012) delayed (fiducial); gravitational mass from CO core mass; ECSN track for ONeMg cores,Kroupa (2001) broken power-law; M1: 10–150 M☉,Öpik (1924) flat-in-log; 0.01–1000 AU; circular at birth,"Uniform in q = M2/M1; q ∈ [0.01, 1); M2 ≥ 0.1 M☉ (Sana et al. 2012)",0.7 (Sana et al. 2012),"Flat-in-log; 10⁻⁴ ≤ Z ≤ 0.03; re-weighted to IllustrisTNG100 S(Z,z)","IllustrisTNG100 cosmological simulation; skewed log-normal S(Z,z); z_first=10 (van Son et al. 2022)","2.5 (fiducial; alternatives 2.0 and 3.0 tested in sub-models J, K)",30 (same Maxwellian as σ_strippedSN; no separate ECSN σ in COMPAS),33.501954787880,0.000000000000,0.583805318151,0.038817759826,0.306250057908,0.067443406878,0.003683457237,0.000000000000,0.622623077977,0.377376922023,11.49333414198,0.000000000000,0.24160108782,0.08611619681,0.54845637155,0.12173708831,0.00208925550,0.00000000000,0.32771728464,0.67228271536,12.34015602153,0.000000000000,0.00000000000,0.00669362167,0.90489747903,0.00000000000,0.08833978883,0.00000000000,0.00669362167,0.99323726786
Broekgaarden et al. (2022),B22-I-alpha2,2022,COMPAS,SSE,BRO22,https://ui.adsabs.harvard.edu/abs/2021arXiv210302608B/abstract,265,30,2,thermal,pessimistic,standard,Nanjing,fit based on Marchant et al. (2019),zeta prescription,F12 delayed,specific AM of accreting star (Soberman et al. 1997),non-conservative MT mass lost with specific orbital AM of accreting star (Soberman et al. 1997; van den Heuvel et al. 2017),True,1,Standard CE energy formalism; αCE=1 is fiducial (Webbink 1984),No (pessimistic; HG donors do not survive CE — Dominik et al. 2012),"Hot stars (Teff≥12500K): Vink et al. (2000a,b) metallicity-dependent; Cool stars: max(Kudritzki &amp; Reimers 1978, Nieuwenhuijzen &amp; de Jager 1990) × metallicity factor (Kudritzki et al. 1989); WR: Belczynski et al. (2010) adapted from Hamann &amp; Koesterke (1998) × Vink &amp; de Koter (2005); LBV enhanced winds above Humphreys-Davidson limit (metallicity-independent)",Included via COMPAS/BSE framework; not separately varied in this study,Fryer et al. (2012) delayed (fiducial); gravitational mass from CO core mass; ECSN track for ONeMg cores,Kroupa (2001) broken power-law; M1: 10–150 M☉,Öpik (1924) flat-in-log; 0.01–1000 AU; circular at birth,"Uniform in q = M2/M1; q ∈ [0.01, 1); M2 ≥ 0.1 M☉ (Sana et al. 2012)",0.7 (Sana et al. 2012),"Flat-in-log; 10⁻⁴ ≤ Z ≤ 0.03; re-weighted to IllustrisTNG100 S(Z,z)","IllustrisTNG100 cosmological simulation; skewed log-normal S(Z,z); z_first=10 (van Son et al. 2022)","2.5 (fiducial; alternatives 2.0 and 3.0 tested in sub-models J, K)",30 (same Maxwellian as σ_strippedSN; no separate ECSN σ in COMPAS),52.191092834457,0.000000000000,0.375960862398,0.024355881332,0.458315807486,0.090531928151,0.050835520634,0.000000000000,0.400316743729,0.599683256271,46.13156565988,0.000000000000,0.06180865504,0.01959185741,0.72820378125,0.14269326769,0.04770243860,0.00000000000,0.08140051246,0.91859948754,51.70343403909,0.000000000000,0.00000000000,0.00183698025,0.22150156944,0.00260742081,0.77359453757,0.00045949193,0.00183698025,0.99816301975
Broekgaarden et al. (2022),B22-J-alpha10,2022,COMPAS,SSE,BRO22,https://ui.adsabs.harvard.edu/abs/2021arXiv210302608B/abstract,265,30,10,thermal,pessimistic,standard,Nanjing,fit based on Marchant et al. (2019),zeta prescription,F12 delayed,specific AM of accreting star (Soberman et al. 1997),non-conservative MT mass lost with specific orbital AM of accreting star (Soberman et al. 1997; van den Heuvel et al. 2017),True,1,Standard CE energy formalism; αCE=1 is fiducial (Webbink 1984),No (pessimistic; HG donors do not survive CE — Dominik et al. 2012),"Hot stars (Teff≥12500K): Vink et al. (2000a,b) metallicity-dependent; Cool stars: max(Kudritzki &amp; Reimers 1978, Nieuwenhuijzen &amp; de Jager 1990) × metallicity factor (Kudritzki et al. 1989); WR: Belczynski et al. (2010) adapted from Hamann &amp; Koesterke (1998) × Vink &amp; de Koter (2005); LBV enhanced winds above Humphreys-Davidson limit (metallicity-independent)",Included via COMPAS/BSE framework; not separately varied in this study,Fryer et al. (2012) delayed (fiducial); gravitational mass from CO core mass; ECSN track for ONeMg cores,Kroupa (2001) broken power-law; M1: 10–150 M☉,Öpik (1924) flat-in-log; 0.01–1000 AU; circular at birth,"Uniform in q = M2/M1; q ∈ [0.01, 1); M2 ≥ 0.1 M☉ (Sana et al. 2012)",0.7 (Sana et al. 2012),"Flat-in-log; 10⁻⁴ ≤ Z ≤ 0.03; re-weighted to IllustrisTNG100 S(Z,z)","IllustrisTNG100 cosmological simulation; skewed log-normal S(Z,z); z_first=10 (van Son et al. 2022)","2.5 (fiducial; alternatives 2.0 and 3.0 tested in sub-models J, K)",30 (same Maxwellian as σ_strippedSN; no separate ECSN σ in COMPAS),29.914241313670,0.000000000000,0.651931862610,0.003585431721,0.148404290511,0.133053010577,0.063025291291,0.000000113291,0.655517294331,0.344482705669,17.81692591475,0.000000000000,0.16720976731,0.00711406825,0.29411097144,0.50879397748,0.02277121552,0.00000000000,0.17432383556,0.82567616444,54.81384934198,0.000000000000,0.00089689414,0.00113469801,0.57428951809,0.09499371528,0.32598510406,0.00270007041,0.00203159215,0.99796840785
Broekgaarden et al. (2022),B22-K-optimisticCE,2022,COMPAS,SSE,BRO22,https://ui.adsabs.harvard.edu/abs/2021arXiv210302608B/abstract,265,30,1,thermal,optimistic,standard,Nanjing,fit based on Marchant et al. (2019),zeta prescription,F12 delayed,specific AM of accreting star (Soberman et al. 1997),non-conservative MT mass lost with specific orbital AM of accreting star (Soberman et al. 1997; van den Heuvel et al. 2017),True,1,Standard CE energy formalism; αCE=1 is fiducial (Webbink 1984),Yes (optimistic; HG donors survive CE),"Hot stars (Teff≥12500K): Vink et al. (2000a,b) metallicity-dependent; Cool stars: max(Kudritzki &amp; Reimers 1978, Nieuwenhuijzen &amp; de Jager 1990) × metallicity factor (Kudritzki et al. 1989); WR: Belczynski et al. (2010) adapted from Hamann &amp; Koesterke (1998) × Vink &amp; de Koter (2005); LBV enhanced winds above Humphreys-Davidson limit (metallicity-independent)",Included via COMPAS/BSE framework; not separately varied in this study,Fryer et al. (2012) delayed (fiducial); gravitational mass from CO core mass; ECSN track for ONeMg cores,Kroupa (2001) broken power-law; M1: 10–150 M☉,Öpik (1924) flat-in-log; 0.01–1000 AU; circular at birth,"Uniform in q = M2/M1; q ∈ [0.01, 1); M2 ≥ 0.1 M☉ (Sana et al. 2012)",0.7 (Sana et al. 2012),"Flat-in-log; 10⁻⁴ ≤ Z ≤ 0.03; re-weighted to IllustrisTNG100 S(Z,z)","IllustrisTNG100 cosmological simulation; skewed log-normal S(Z,z); z_first=10 (van Son et al. 2022)","2.5 (fiducial; alternatives 2.0 and 3.0 tested in sub-models J, K)",30 (same Maxwellian as σ_strippedSN; no separate ECSN σ in COMPAS),88.000810631809,0.000000000000,0.238062560621,0.015916557609,0.704926888682,0.034255193354,0.006204959633,0.000633840100,0.253979118230,0.746020881770,56.62479198221,0.000000000000,0.13314669703,0.04157123308,0.76171560253,0.05864532581,0.00371214065,0.00120900089,0.17471793012,0.82528206988,45.39872171875,0.000000000000,0.03221471370,0.04177805914,0.51349687813,0.00013274948,0.41143622984,0.00094136971,0.07399277284,0.92600722716
Broekgaarden et al. (2022),B22-L-rapid,2022,COMPAS,SSE,BRO22,https://ui.adsabs.harvard.edu/abs/2021arXiv210302608B/abstract,265,30,1,thermal,pessimistic,standard,Nanjing,fit based on Marchant et al. (2019),zeta prescription,F12 rapid,specific AM of accreting star (Soberman et al. 1997),non-conservative MT mass lost with specific orbital AM of accreting star (Soberman et al. 1997; van den Heuvel et al. 2017),True,1,Standard CE energy formalism; αCE=1 is fiducial (Webbink 1984),No (pessimistic; HG donors do not survive CE — Dominik et al. 2012),"Hot stars (Teff≥12500K): Vink et al. (2000a,b) metallicity-dependent; Cool stars: max(Kudritzki &amp; Reimers 1978, Nieuwenhuijzen &amp; de Jager 1990) × metallicity factor (Kudritzki et al. 1989); WR: Belczynski et al. (2010) adapted from Hamann &amp; Koesterke (1998) × Vink &amp; de Koter (2005); LBV enhanced winds above Humphreys-Davidson limit (metallicity-independent)",Included via COMPAS/BSE framework; not separately varied in this study,Fryer et al. (2012) rapid; creates NS-BH mass gap,Kroupa (2001) broken power-law; M1: 10–150 M☉,Öpik (1924) flat-in-log; 0.01–1000 AU; circular at birth,"Uniform in q = M2/M1; q ∈ [0.01, 1); M2 ≥ 0.1 M☉ (Sana et al. 2012)",0.7 (Sana et al. 2012),"Flat-in-log; 10⁻⁴ ≤ Z ≤ 0.03; re-weighted to IllustrisTNG100 S(Z,z)","IllustrisTNG100 cosmological simulation; skewed log-normal S(Z,z); z_first=10 (van Son et al. 2022)","2.5 (fiducial; alternatives 2.0 and 3.0 tested in sub-models J, K)",30 (same Maxwellian as σ_strippedSN; no separate ECSN σ in COMPAS),40.525664826552,0.000000000000,0.545020941349,0.015631377308,0.377147232840,0.053574767068,0.008625681435,0.000000000000,0.560652318657,0.439347681343,122.64786167323,0.000000000000,0.02426075154,0.01281685541,0.92949077399,0.03256831938,0.00086329968,0.00000000000,0.03707760695,0.96292239305,22.98806507057,0.000000000000,0.00000000000,0.00584369927,0.30342490225,0.00042981136,0.69016759866,0.00013398846,0.00584369927,0.99415630073
Broekgaarden et al. (2022),B22-M-max-mNS:2,2022,COMPAS,SSE,BRO22,https://ui.adsabs.harvard.edu/abs/2021arXiv210302608B/abstract,265,30,1,thermal,pessimistic,standard,Nanjing,fit based on Marchant et al. (2019),zeta prescription,F12 delayed,specific AM of accreting star (Soberman et al. 1997),non-conservative MT mass lost with specific orbital AM of accreting star (Soberman et al. 1997; van den Heuvel et al. 2017),True,1,Standard CE energy formalism; αCE=1 is fiducial (Webbink 1984),No (pessimistic; HG donors do not survive CE — Dominik et al. 2012),"Hot stars (Teff≥12500K): Vink et al. (2000a,b) metallicity-dependent; Cool stars: max(Kudritzki &amp; Reimers 1978, Nieuwenhuijzen &amp; de Jager 1990) × metallicity factor (Kudritzki et al. 1989); WR: Belczynski et al. (2010) adapted from Hamann &amp; Koesterke (1998) × Vink &amp; de Koter (2005); LBV enhanced winds above Humphreys-Davidson limit (metallicity-independent)",Included via COMPAS/BSE framework; not separately varied in this study,Fryer et al. (2012) delayed (fiducial); gravitational mass from CO core mass; ECSN track for ONeMg cores,Kroupa (2001) broken power-law; M1: 10–150 M☉,Öpik (1924) flat-in-log; 0.01–1000 AU; circular at birth,"Uniform in q = M2/M1; q ∈ [0.01, 1); M2 ≥ 0.1 M☉ (Sana et al. 2012)",0.7 (Sana et al. 2012),"Flat-in-log; 10⁻⁴ ≤ Z ≤ 0.03; re-weighted to IllustrisTNG100 S(Z,z)","IllustrisTNG100 cosmological simulation; skewed log-normal S(Z,z); z_first=10 (van Son et al. 2022)","2.5 (fiducial; alternatives 2.0 and 3.0 tested in sub-models J, K)",30 (same Maxwellian as σ_strippedSN; no separate ECSN σ in COMPAS),46.563257151082,0.000000000000,0.431850210697,0.039906734066,0.433722221598,0.078006767265,0.016514066374,0.000000000000,0.471756944763,0.528243055237,38.37698222255,0.000000000000,0.06323769462,0.03978945921,0.81369636225,0.07363931716,0.00963716676,0.00000000000,0.10302715383,0.89697284617,25.02517806861,0.000000000000,0.00000000000,0.00437041216,0.25871860062,0.00006356938,0.73671199006,0.00013542777,0.00437041216,0.99562958784
Broekgaarden et al. (2022),B22-N-max-mNS:3,2022,COMPAS,SSE,BRO22,https://ui.adsabs.harvard.edu/abs/2021arXiv210302608B/abstract,265,30,1,thermal,pessimistic,standard,Nanjing,fit based on Marchant et al. (2019),zeta prescription,F12 delayed,specific AM of accreting star (Soberman et al. 1997),non-conservative MT mass lost with specific orbital AM of accreting star (Soberman et al. 1997; van den Heuvel et al. 2017),True,1,Standard CE energy formalism; αCE=1 is fiducial (Webbink 1984),No (pessimistic; HG donors do not survive CE — Dominik et al. 2012),"Hot stars (Teff≥12500K): Vink et al. (2000a,b) metallicity-dependent; Cool stars: max(Kudritzki &amp; Reimers 1978, Nieuwenhuijzen &amp; de Jager 1990) × metallicity factor (Kudritzki et al. 1989); WR: Belczynski et al. (2010) adapted from Hamann &amp; Koesterke (1998) × Vink &amp; de Koter (2005); LBV enhanced winds above Humphreys-Davidson limit (metallicity-independent)",Included via COMPAS/BSE framework; not separately varied in this study,Fryer et al. (2012) delayed (fiducial); gravitational mass from CO core mass; ECSN track for ONeMg cores,Kroupa (2001) broken power-law; M1: 10–150 M☉,Öpik (1924) flat-in-log; 0.01–1000 AU; circular at birth,"Uniform in q = M2/M1; q ∈ [0.01, 1); M2 ≥ 0.1 M☉ (Sana et al. 2012)",0.7 (Sana et al. 2012),"Flat-in-log; 10⁻⁴ ≤ Z ≤ 0.03; re-weighted to IllustrisTNG100 S(Z,z)","IllustrisTNG100 cosmological simulation; skewed log-normal S(Z,z); z_first=10 (van Son et al. 2022)","2.5 (fiducial; alternatives 2.0 and 3.0 tested in sub-models J, K)",30 (same Maxwellian as σ_strippedSN; no separate ECSN σ in COMPAS),34.590795474302,0.000000000000,0.545369409285,0.028121208214,0.340700123665,0.073637518726,0.012171740111,0.000000000000,0.573490617499,0.426509382501,48.46537883633,0.000000000000,0.05926987995,0.04791136547,0.81218297077,0.07645395902,0.00418182479,0.00000000000,0.10718124541,0.89281875459,26.21471583764,0.000000000000,0.00416049314,0.00454209801,0.26540051681,0.00204973307,0.72374907633,0.00009808264,0.00870259115,0.99129740885
Broekgaarden et al. (2022),B22-O-noPISN,2022,COMPAS,SSE,BRO22,https://ui.adsabs.harvard.edu/abs/2021arXiv210302608B/abstract,265,30,1,thermal,pessimistic,standard,Nanjing,no PISN,zeta prescription,F12 delayed,specific AM of accreting star (Soberman et al. 1997),non-conservative MT mass lost with specific orbital AM of accreting star (Soberman et al. 1997; van den Heuvel et al. 2017),True,1,Standard CE energy formalism; αCE=1 is fiducial (Webbink 1984),No (pessimistic; HG donors do not survive CE — Dominik et al. 2012),"Hot stars (Teff≥12500K): Vink et al. (2000a,b) metallicity-dependent; Cool stars: max(Kudritzki &amp; Reimers 1978, Nieuwenhuijzen &amp; de Jager 1990) × metallicity factor (Kudritzki et al. 1989); WR: Belczynski et al. (2010) adapted from Hamann &amp; Koesterke (1998) × Vink &amp; de Koter (2005); LBV enhanced winds above Humphreys-Davidson limit (metallicity-independent)",Included via COMPAS/BSE framework; not separately varied in this study,Fryer et al. (2012) delayed (fiducial); gravitational mass from CO core mass; ECSN track for ONeMg cores,Kroupa (2001) broken power-law; M1: 10–150 M☉,Öpik (1924) flat-in-log; 0.01–1000 AU; circular at birth,"Uniform in q = M2/M1; q ∈ [0.01, 1); M2 ≥ 0.1 M☉ (Sana et al. 2012)",0.7 (Sana et al. 2012),"Flat-in-log; 10⁻⁴ ≤ Z ≤ 0.03; re-weighted to IllustrisTNG100 S(Z,z)","IllustrisTNG100 cosmological simulation; skewed log-normal S(Z,z); z_first=10 (van Son et al. 2022)","2.5 (fiducial; alternatives 2.0 and 3.0 tested in sub-models J, K)",30 (same Maxwellian as σ_strippedSN; no separate ECSN σ in COMPAS),39.225677462716,0.000000000000,0.497866887549,0.030917442371,0.380407409546,0.076838452928,0.013969807606,0.000000000000,0.528784329920,0.471215670080,43.94296755540,0.000000000000,0.05971557089,0.04643965645,0.81585195219,0.07321707920,0.00477574127,0.00000000000,0.10615522734,0.89384477266,25.31311040119,0.000000000000,0.00000000000,0.00581202026,0.26189356884,0.00023631482,0.73192322978,0.00013486630,0.00581202026,0.99418797974
Broekgaarden et al. (2022),B22-P-sigma:100,2022,COMPAS,SSE,BRO22,https://ui.adsabs.harvard.edu/abs/2021arXiv210302608B/abstract,100,100,1,thermal,pessimistic,standard,Nanjing,fit based on Marchant et al. (2019),zeta prescription,F12 delayed,specific AM of accreting star (Soberman et al. 1997),non-conservative MT mass lost with specific orbital AM of accreting star (Soberman et al. 1997; van den Heuvel et al. 2017),True,1,Standard CE energy formalism; αCE=1 is fiducial (Webbink 1984),No (pessimistic; HG donors do not survive CE — Dominik et al. 2012),"Hot stars (Teff≥12500K): Vink et al. (2000a,b) metallicity-dependent; Cool stars: max(Kudritzki &amp; Reimers 1978, Nieuwenhuijzen &amp; de Jager 1990) × metallicity factor (Kudritzki et al. 1989); WR: Belczynski et al. (2010) adapted from Hamann &amp; Koesterke (1998) × Vink &amp; de Koter (2005); LBV enhanced winds above Humphreys-Davidson limit (metallicity-independent)",Included via COMPAS/BSE framework; not separately varied in this study,Fryer et al. (2012) delayed (fiducial); gravitational mass from CO core mass; ECSN track for ONeMg cores,Kroupa (2001) broken power-law; M1: 10–150 M☉,Öpik (1924) flat-in-log; 0.01–1000 AU; circular at birth,"Uniform in q = M2/M1; q ∈ [0.01, 1); M2 ≥ 0.1 M☉ (Sana et al. 2012)",0.7 (Sana et al. 2012),"Flat-in-log; 10⁻⁴ ≤ Z ≤ 0.03; re-weighted to IllustrisTNG100 S(Z,z)","IllustrisTNG100 cosmological simulation; skewed log-normal S(Z,z); z_first=10 (van Son et al. 2022)","2.5 (fiducial; alternatives 2.0 and 3.0 tested in sub-models J, K)",30 (same Maxwellian as σ_strippedSN; no separate ECSN σ in COMPAS),45.006889911673,0.000000000000,0.414898659896,0.082365871123,0.395574509025,0.086046718235,0.021114241720,0.000000000000,0.497264531020,0.502735468980,128.91041501287,0.000000000000,0.07021851029,0.12958112810,0.72404830238,0.07008738266,0.00606467657,0.00000000000,0.19979963839,0.80020036161,47.91068423525,0.000000000000,0.00000000000,0.01680889572,0.29917803661,0.00037334901,0.68352271519,0.00011700347,0.01680889572,0.98319110428
Broekgaarden et al. (2022),B22-Q-sigma:30,2022,COMPAS,SSE,BRO22,https://ui.adsabs.harvard.edu/abs/2021arXiv210302608B/abstract,30,30,1,thermal,pessimistic,standard,Nanjing,fit based on Marchant et al. (2019),zeta prescription,F12 delayed,specific AM of accreting star (Soberman et al. 1997),non-conservative MT mass lost with specific orbital AM of accreting star (Soberman et al. 1997; van den Heuvel et al. 2017),True,1,Standard CE energy formalism; αCE=1 is fiducial (Webbink 1984),No (pessimistic; HG donors do not survive CE — Dominik et al. 2012),"Hot stars (Teff≥12500K): Vink et al. (2000a,b) metallicity-dependent; Cool stars: max(Kudritzki &amp; Reimers 1978, Nieuwenhuijzen &amp; de Jager 1990) × metallicity factor (Kudritzki et al. 1989); WR: Belczynski et al. (2010) adapted from Hamann &amp; Koesterke (1998) × Vink &amp; de Koter (2005); LBV enhanced winds above Humphreys-Davidson limit (metallicity-independent)",Included via COMPAS/BSE framework; not separately varied in this study,Fryer et al. (2012) delayed (fiducial); gravitational mass from CO core mass; ECSN track for ONeMg cores,Kroupa (2001) broken power-law; M1: 10–150 M☉,Öpik (1924) flat-in-log; 0.01–1000 AU; circular at birth,"Uniform in q = M2/M1; q ∈ [0.01, 1); M2 ≥ 0.1 M☉ (Sana et al. 2012)",0.7 (Sana et al. 2012),"Flat-in-log; 10⁻⁴ ≤ Z ≤ 0.03; re-weighted to IllustrisTNG100 S(Z,z)","IllustrisTNG100 cosmological simulation; skewed log-normal S(Z,z); z_first=10 (van Son et al. 2022)","2.5 (fiducial; alternatives 2.0 and 3.0 tested in sub-models J, K)",30 (same Maxwellian as σ_strippedSN; no separate ECSN σ in COMPAS),51.135615173076,0.000000000000,0.337881224378,0.094221406491,0.463193460183,0.083649297036,0.021054611913,0.000000000000,0.432102630869,0.567897369131,249.25387380094,0.000000000000,0.01654236314,0.21798997360,0.71851644684,0.04263686895,0.00431434748,0.00000000000,0.23453233673,0.76546766327,118.23298981961,0.000000000000,0.00000000000,0.09601861729,0.61414661856,0.00007900668,0.28970594780,0.00004980966,0.09601861729,0.90398138271
Broekgaarden et al. (2022),B22-R-noBHkick,2022,COMPAS,SSE,BRO22,https://ui.adsabs.harvard.edu/abs/2021arXiv210302608B/abstract,0,0,1,thermal,pessimistic,standard,Nanjing,fit based on Marchant et al. (2019),zeta prescription,F12 delayed,specific AM of accreting star (Soberman et al. 1997),non-conservative MT mass lost with specific orbital AM of accreting star (Soberman et al. 1997; van den Heuvel et al. 2017),True,1,Standard CE energy formalism; αCE=1 is fiducial (Webbink 1984),No (pessimistic; HG donors do not survive CE — Dominik et al. 2012),"Hot stars (Teff≥12500K): Vink et al. (2000a,b) metallicity-dependent; Cool stars: max(Kudritzki &amp; Reimers 1978, Nieuwenhuijzen &amp; de Jager 1990) × metallicity factor (Kudritzki et al. 1989); WR: Belczynski et al. (2010) adapted from Hamann &amp; Koesterke (1998) × Vink &amp; de Koter (2005); LBV enhanced winds above Humphreys-Davidson limit (metallicity-independent)",Included via COMPAS/BSE framework; not separately varied in this study,Fryer et al. (2012) delayed (fiducial); gravitational mass from CO core mass; ECSN track for ONeMg cores,Kroupa (2001) broken power-law; M1: 10–150 M☉,Öpik (1924) flat-in-log; 0.01–1000 AU; circular at birth,"Uniform in q = M2/M1; q ∈ [0.01, 1); M2 ≥ 0.1 M☉ (Sana et al. 2012)",0.7 (Sana et al. 2012),"Flat-in-log; 10⁻⁴ ≤ Z ≤ 0.03; re-weighted to IllustrisTNG100 S(Z,z)","IllustrisTNG100 cosmological simulation; skewed log-normal S(Z,z); z_first=10 (van Son et al. 2022)","2.5 (fiducial; alternatives 2.0 and 3.0 tested in sub-models J, K)",30 (same Maxwellian as σ_strippedSN; no separate ECSN σ in COMPAS),49.481510729400,0.000000000000,0.350869837374,0.003616127983,0.536166513866,0.086943261806,0.022404258971,0.000000000000,0.354485965358,0.645514034642,197.06560415763,0.000000000000,0.03234011694,0.00029100580,0.91520517293,0.04946435254,0.00269935180,0.00000000000,0.03263112274,0.96736887726,25.65135627143,0.000000000000,0.00000000000,0.00467490282,0.27307282437,0.00018029220,0.72179072482,0.00028125579,0.00467490282,0.99532509718
Broekgaarden et al. (2022),B22-S-fWR:0-1,2022,COMPAS,SSE,BRO22,https://ui.adsabs.harvard.edu/abs/2021arXiv210302608B/abstract,265,30,1,thermal,pessimistic,standard,Nanjing,fit based on Marchant et al. (2019),zeta prescription,F12 delayed,specific AM of accreting star (Soberman et al. 1997),non-conservative MT mass lost with specific orbital AM of accreting star (Soberman et al. 1997; van den Heuvel et al. 2017),True,0.1,Standard CE energy formalism; αCE=1 is fiducial (Webbink 1984),No (pessimistic; HG donors do not survive CE — Dominik et al. 2012),"Hot stars (Teff≥12500K): Vink et al. (2000a,b) metallicity-dependent; Cool stars: max(Kudritzki &amp; Reimers 1978, Nieuwenhuijzen &amp; de Jager 1990) × metallicity factor (Kudritzki et al. 1989); WR: Belczynski et al. (2010) adapted from Hamann &amp; Koesterke (1998) × Vink &amp; de Koter (2005); LBV enhanced winds above Humphreys-Davidson limit (metallicity-independent)",Included via COMPAS/BSE framework; not separately varied in this study,Fryer et al. (2012) delayed (fiducial); gravitational mass from CO core mass; ECSN track for ONeMg cores,Kroupa (2001) broken power-law; M1: 10–150 M☉,Öpik (1924) flat-in-log; 0.01–1000 AU; circular at birth,"Uniform in q = M2/M1; q ∈ [0.01, 1); M2 ≥ 0.1 M☉ (Sana et al. 2012)",0.7 (Sana et al. 2012),"Flat-in-log; 10⁻⁴ ≤ Z ≤ 0.03; re-weighted to IllustrisTNG100 S(Z,z)","IllustrisTNG100 cosmological simulation; skewed log-normal S(Z,z); z_first=10 (van Son et al. 2022)","2.5 (fiducial; alternatives 2.0 and 3.0 tested in sub-models J, K)",30 (same Maxwellian as σ_strippedSN; no separate ECSN σ in COMPAS),94.716117597992,0.000000000000,0.578218886414,0.015828908032,0.367125123722,0.033410152352,0.005416929480,0.000000000000,0.594047794446,0.405952205554,57.83445478442,0.000000000000,0.06114443538,0.02961032829,0.85370290796,0.05152312092,0.00401920745,0.00000000000,0.09075476368,0.90924523632,24.11792326914,0.000000000000,0.00000000000,0.00409140726,0.25602677970,0.00077085993,0.73901044194,0.00010038242,0.00409140726,0.99590846399
Broekgaarden et al. (2022),B22-T-fWR:5,2022,COMPAS,SSE,BRO22,https://ui.adsabs.harvard.edu/abs/2021arXiv210302608B/abstract,265,30,1,thermal,pessimistic,standard,Nanjing,fit based on Marchant et al. (2019),zeta prescription,F12 delayed,specific AM of accreting star (Soberman et al. 1997),non-conservative MT mass lost with specific orbital AM of accreting star (Soberman et al. 1997; van den Heuvel et al. 2017),True,5,Standard CE energy formalism; αCE=1 is fiducial (Webbink 1984),No (pessimistic; HG donors do not survive CE — Dominik et al. 2012),"Hot stars (Teff≥12500K): Vink et al. (2000a,b) metallicity-dependent; Cool stars: max(Kudritzki &amp; Reimers 1978, Nieuwenhuijzen &amp; de Jager 1990) × metallicity factor (Kudritzki et al. 1989); WR: Belczynski et al. (2010) adapted from Hamann &amp; Koesterke (1998) × Vink &amp; de Koter (2005); LBV enhanced winds above Humphreys-Davidson limit (metallicity-independent)",Included via COMPAS/BSE framework; not separately varied in this study,Fryer et al. (2012) delayed (fiducial); gravitational mass from CO core mass; ECSN track for ONeMg cores,Kroupa (2001) broken power-law; M1: 10–150 M☉,Öpik (1924) flat-in-log; 0.01–1000 AU; circular at birth,"Uniform in q = M2/M1; q ∈ [0.01, 1); M2 ≥ 0.1 M☉ (Sana et al. 2012)",0.7 (Sana et al. 2012),"Flat-in-log; 10⁻⁴ ≤ Z ≤ 0.03; re-weighted to IllustrisTNG100 S(Z,z)","IllustrisTNG100 cosmological simulation; skewed log-normal S(Z,z); z_first=10 (van Son et al. 2022)","2.5 (fiducial; alternatives 2.0 and 3.0 tested in sub-models J, K)",30 (same Maxwellian as σ_strippedSN; no separate ECSN σ in COMPAS),11.060407955896,0.000000000000,0.301401745509,0.030085064106,0.488609841573,0.146043037731,0.033860311081,0.000000000000,0.331486809615,0.668513190385,8.52082433281,0.000000000000,0.15545273526,0.22881560042,0.29623347822,0.29695917842,0.02253900769,0.00000000000,0.38426833568,0.61573166432,23.84849726852,0.000000000000,0.00000000000,0.00830038409,0.71993586864,0.00007711830,0.27168055237,0.00000607659,0.00830038409,0.99169961591
Boesky et al. (2024),Boesky_alphaCE_0_1_beta0_25,2024,COMPAS,SSE,BO24,https://arxiv.org/pdf/2405.01623,265,30,0.1,0.25,pessimistic,standard,Nanjing,fit based on Marchant et al. (2019),zeta prescription,F12 delayed,specific AM of accreting star (Soberman et al. 1997),non-conservative MT mass lost with specific orbital AM of accreting star (Soberman et al. 1997),TRUE,1,αCE varies per model; Nanjing λ; pessimistic CE (HG donors fail); COMPAS,No (pessimistic; Dominik et al. 2012),"Vink et al. (2000a,b) hot stars; Kudritzki &amp; Reimers (1978) / Nieuwenhuijzen &amp; de Jager (1990) cool stars; Belczynski et al. (2010) WR; LBV enhanced winds",Included via COMPAS/BSE framework; not separately varied,Fryer et al. (2012) delayed (most models) or rapid (RMP_R models) or Mandel &amp; Müller 2022 (RMP_M models),Kroupa (2001) broken power-law; M1: 10–150 M☉,Öpik (1924) flat-in-log; 0.01–1000 AU; circular at birth,"Uniform in q = M2/M1; q ∈ [0.01, 1); M2 ≥ 0.1 M☉",0.7 (Sana et al. 2012),"Flat-in-log; 10⁻⁴ ≤ Z ≤ 0.03; re-weighted to IllustrisTNG100 S(Z,z)","IllustrisTNG100 cosmological simulation; S(Z,z) re-weighting",2.5 (COMPAS default),30 (same as σ_strippedSN; no separate ECSN channel in COMPAS),71.586510000000,0.000000000000,0.000000000000,0.000000000000,0.075107000000,0.054321000000,0.000000000000,0.451697000000,0.418875000000,0.581125000000,45.71762000000,0.000000000000,0.00000000000,0.00000000000,0.00000000000,0.00834500000,0.00000000000,0.03636600000,0.95347800000,0.04652200000,38.49317000000,0.000000000000,0.00000000000,0.00000000000,0.00000000000,0.00000000000,0.10764100000,0.89235900000,0.00000000000,1.00000000000
Boesky et al. (2024),Boesky_alphaCE_0_1_beta0_5,2024,COMPAS,SSE,BO24,https://arxiv.org/pdf/2405.01623,265,30,0.1,0.5,pessimistic,standard,Nanjing,fit based on Marchant et al. (2019),zeta prescription,F12 delayed,specific AM of accreting star (Soberman et al. 1997),non-conservative MT mass lost with specific orbital AM of accreting star (Soberman et al. 1997),TRUE,1,αCE varies per model; Nanjing λ; pessimistic CE (HG donors fail); COMPAS,No (pessimistic; Dominik et al. 2012),"Vink et al. (2000a,b) hot stars; Kudritzki &amp; Reimers (1978) / Nieuwenhuijzen &amp; de Jager (1990) cool stars; Belczynski et al. (2010) WR; LBV enhanced winds",Included via COMPAS/BSE framework; not separately varied,Fryer et al. (2012) delayed (most models) or rapid (RMP_R models) or Mandel &amp; Müller 2022 (RMP_M models),Kroupa (2001) broken power-law; M1: 10–150 M☉,Öpik (1924) flat-in-log; 0.01–1000 AU; circular at birth,"Uniform in q = M2/M1; q ∈ [0.01, 1); M2 ≥ 0.1 M☉",0.7 (Sana et al. 2012),"Flat-in-log; 10⁻⁴ ≤ Z ≤ 0.03; re-weighted to IllustrisTNG100 S(Z,z)","IllustrisTNG100 cosmological simulation; S(Z,z) re-weighting",2.5 (COMPAS default),30 (same as σ_strippedSN; no separate ECSN channel in COMPAS),96.209010000000,0.000000000000,0.000000000000,0.000000000000,0.089882000000,0.033474000000,0.000000000000,0.257434000000,0.619209000000,0.380790000000,24.10087000000,0.000000000000,0.00000000000,0.00000000000,0.00000000000,0.03776900000,0.00000000000,0.04470100000,0.91748500000,0.08251450000,178.30790000000,0.000000000000,0.00000000000,0.00000000000,0.00000000000,0.00000000000,0.05693200000,0.94306800000,0.00000000000,1.00000000000
Boesky et al. (2024),Boesky_alphaCE_0_1_beta0_75,2024,COMPAS,SSE,BO24,https://arxiv.org/pdf/2405.01623,265,30,0.1,0.75,pessimistic,standard,Nanjing,fit based on Marchant et al. (2019),zeta prescription,F12 delayed,specific AM of accreting star (Soberman et al. 1997),non-conservative MT mass lost with specific orbital AM of accreting star (Soberman et al. 1997),TRUE,1,αCE varies per model; Nanjing λ; pessimistic CE (HG donors fail); COMPAS,No (pessimistic; Dominik et al. 2012),"Vink et al. (2000a,b) hot stars; Kudritzki &amp; Reimers (1978) / Nieuwenhuijzen &amp; de Jager (1990) cool stars; Belczynski et al. (2010) WR; LBV enhanced winds",Included via COMPAS/BSE framework; not separately varied,Fryer et al. (2012) delayed (most models) or rapid (RMP_R models) or Mandel &amp; Müller 2022 (RMP_M models),Kroupa (2001) broken power-law; M1: 10–150 M☉,Öpik (1924) flat-in-log; 0.01–1000 AU; circular at birth,"Uniform in q = M2/M1; q ∈ [0.01, 1); M2 ≥ 0.1 M☉",0.7 (Sana et al. 2012),"Flat-in-log; 10⁻⁴ ≤ Z ≤ 0.03; re-weighted to IllustrisTNG100 S(Z,z)","IllustrisTNG100 cosmological simulation; S(Z,z) re-weighting",2.5 (COMPAS default),30 (same as σ_strippedSN; no separate ECSN channel in COMPAS),124.177100000000,0.000000000000,0.000000000000,0.000000000000,0.062851000000,0.053251000000,0.000000000000,0.089848000000,0.794050000000,0.205950000000,0.79144200000,0.000000000000,0.00000000000,0.00000000000,0.00000000000,0.47515300000,0.00000000000,0.26245100000,0.25218200000,0.74781800000,267.67760000000,0.000000000000,0.00000000000,0.00000000000,0.00000000000,0.00033200000,0.07485800000,0.92481000000,0.00000000000,1.00000000000
Boesky et al. (2024),Boesky_alphaCE_0_5_beta0_25,2024,COMPAS,SSE,BO24,https://arxiv.org/pdf/2405.01623,265,30,0.5,0.25,pessimistic,standard,Nanjing,fit based on Marchant et al. (2019),zeta prescription,F12 delayed,specific AM of accreting star (Soberman et al. 1997),non-conservative MT mass lost with specific orbital AM of accreting star (Soberman et al. 1997),TRUE,1,αCE varies per model; Nanjing λ; pessimistic CE (HG donors fail); COMPAS,No (pessimistic; Dominik et al. 2012),"Vink et al. (2000a,b) hot stars; Kudritzki &amp; Reimers (1978) / Nieuwenhuijzen &amp; de Jager (1990) cool stars; Belczynski et al. (2010) WR; LBV enhanced winds",Included via COMPAS/BSE framework; not separately varied,Fryer et al. (2012) delayed (most models) or rapid (RMP_R models) or Mandel &amp; Müller 2022 (RMP_M models),Kroupa (2001) broken power-law; M1: 10–150 M☉,Öpik (1924) flat-in-log; 0.01–1000 AU; circular at birth,"Uniform in q = M2/M1; q ∈ [0.01, 1); M2 ≥ 0.1 M☉",0.7 (Sana et al. 2012),"Flat-in-log; 10⁻⁴ ≤ Z ≤ 0.03; re-weighted to IllustrisTNG100 S(Z,z)","IllustrisTNG100 cosmological simulation; S(Z,z) re-weighting",2.5 (COMPAS default),30 (same as σ_strippedSN; no separate ECSN channel in COMPAS),80.320910000000,0.000000000000,0.000000000000,0.000000000000,0.085174000000,0.168537000000,0.000000012300,0.391927000000,0.354362000000,0.645638012300,50.40343000000,0.000000000000,0.00000000000,0.00000000000,0.00000000000,0.17590400000,0.00000000000,0.04021300000,0.73997300000,0.26002700000,75.69589000000,0.000000000000,0.00000000000,0.00000000000,0.00000000000,0.00000000000,0.02098200000,0.97901800000,0.00000000000,1.00000000000
Boesky et al. (2024),Boesky_alphaCE_0_5_beta0_5,2024,COMPAS,SSE,BO24,https://arxiv.org/pdf/2405.01623,265,30,0.5,0.5,pessimistic,standard,Nanjing,fit based on Marchant et al. (2019),zeta prescription,F12 delayed,specific AM of accreting star (Soberman et al. 1997),non-conservative MT mass lost with specific orbital AM of accreting star (Soberman et al. 1997),TRUE,1,αCE varies per model; Nanjing λ; pessimistic CE (HG donors fail); COMPAS,No (pessimistic; Dominik et al. 2012),"Vink et al. (2000a,b) hot stars; Kudritzki &amp; Reimers (1978) / Nieuwenhuijzen &amp; de Jager (1990) cool stars; Belczynski et al. (2010) WR; LBV enhanced winds",Included via COMPAS/BSE framework; not separately varied,Fryer et al. (2012) delayed (most models) or rapid (RMP_R models) or Mandel &amp; Müller 2022 (RMP_M models),Kroupa (2001) broken power-law; M1: 10–150 M☉,Öpik (1924) flat-in-log; 0.01–1000 AU; circular at birth,"Uniform in q = M2/M1; q ∈ [0.01, 1); M2 ≥ 0.1 M☉",0.7 (Sana et al. 2012),"Flat-in-log; 10⁻⁴ ≤ Z ≤ 0.03; re-weighted to IllustrisTNG100 S(Z,z)","IllustrisTNG100 cosmological simulation; S(Z,z) re-weighting",2.5 (COMPAS default),30 (same as σ_strippedSN; no separate ECSN channel in COMPAS),108.068400000000,0.000000000000,0.000000000000,0.000000000000,0.067707000000,0.149888000000,0.000000018800,0.235940000000,0.546465000000,0.453535018800,29.80817000000,0.000000000000,0.00000000000,0.00000000000,0.00000000000,0.18315700000,0.00000000000,0.05133800000,0.76115100000,0.23884900000,132.13060000000,0.000000000000,0.00000000000,0.00000000000,0.00000000000,0.00000000000,0.03659700000,0.96340300000,0.00000000000,1.00000000000
Boesky et al. (2024),Boesky_alphaCE_0_5_beta0_75,2024,COMPAS,SSE,BO24,https://arxiv.org/pdf/2405.01623,265,30,0.5,0.75,pessimistic,standard,Nanjing,fit based on Marchant et al. (2019),zeta prescription,F12 delayed,specific AM of accreting star (Soberman et al. 1997),non-conservative MT mass lost with specific orbital AM of accreting star (Soberman et al. 1997),TRUE,1,αCE varies per model; Nanjing λ; pessimistic CE (HG donors fail); COMPAS,No (pessimistic; Dominik et al. 2012),"Vink et al. (2000a,b) hot stars; Kudritzki &amp; Reimers (1978) / Nieuwenhuijzen &amp; de Jager (1990) cool stars; Belczynski et al. (2010) WR; LBV enhanced winds",Included via COMPAS/BSE framework; not separately varied,Fryer et al. (2012) delayed (most models) or rapid (RMP_R models) or Mandel &amp; Müller 2022 (RMP_M models),Kroupa (2001) broken power-law; M1: 10–150 M☉,Öpik (1924) flat-in-log; 0.01–1000 AU; circular at birth,"Uniform in q = M2/M1; q ∈ [0.01, 1); M2 ≥ 0.1 M☉",0.7 (Sana et al. 2012),"Flat-in-log; 10⁻⁴ ≤ Z ≤ 0.03; re-weighted to IllustrisTNG100 S(Z,z)","IllustrisTNG100 cosmological simulation; S(Z,z) re-weighting",2.5 (COMPAS default),30 (same as σ_strippedSN; no separate ECSN channel in COMPAS),135.443600000000,0.000000000000,0.000000000000,0.000000000000,0.049236000000,0.114370000000,0.000057600000,0.120357000000,0.715980000000,0.284020600000,11.78619000000,0.000000000000,0.00000000000,0.00000000000,0.00000000000,0.70754300000,0.00506000000,0.19793300000,0.03000200000,0.96999700000,131.32180000000,0.000000000000,0.00000000000,0.00000000000,0.00000000000,0.03919400000,0.04090100000,0.91990500000,0.00000000000,1.00000000000
Boesky et al. (2024),Boesky_alphaCE_10_beta0_25,2024,COMPAS,SSE,BO24,https://arxiv.org/pdf/2405.01623,265,30,10,0.25,pessimistic,standard,Nanjing,fit based on Marchant et al. (2019),zeta prescription,F12 delayed,specific AM of accreting star (Soberman et al. 1997),non-conservative MT mass lost with specific orbital AM of accreting star (Soberman et al. 1997),TRUE,1,αCE varies per model; Nanjing λ; pessimistic CE (HG donors fail); COMPAS,No (pessimistic; Dominik et al. 2012),"Vink et al. (2000a,b) hot stars; Kudritzki &amp; Reimers (1978) / Nieuwenhuijzen &amp; de Jager (1990) cool stars; Belczynski et al. (2010) WR; LBV enhanced winds",Included via COMPAS/BSE framework; not separately varied,Fryer et al. (2012) delayed (most models) or rapid (RMP_R models) or Mandel &amp; Müller 2022 (RMP_M models),Kroupa (2001) broken power-law; M1: 10–150 M☉,Öpik (1924) flat-in-log; 0.01–1000 AU; circular at birth,"Uniform in q = M2/M1; q ∈ [0.01, 1); M2 ≥ 0.1 M☉",0.7 (Sana et al. 2012),"Flat-in-log; 10⁻⁴ ≤ Z ≤ 0.03; re-weighted to IllustrisTNG100 S(Z,z)","IllustrisTNG100 cosmological simulation; S(Z,z) re-weighting",2.5 (COMPAS default),30 (same as σ_strippedSN; no separate ECSN channel in COMPAS),83.220700000000,0.000000000000,0.000000000000,0.000000000000,0.195185000000,0.147076000000,0.000000259000,0.283091000000,0.374648000000,0.625352259000,111.08270000000,0.000000000000,0.00000000000,0.00000000000,0.00000000000,0.34010700000,0.00000000000,0.02306400000,0.52321600000,0.47678500000,224.12550000000,0.000000000000,0.00000000000,0.05183300000,0.05183300000,0.00000000000,0.34385900000,0.60430800000,0.05183300000,1.00000000000
Boesky et al. (2024),Boesky_alphaCE_10_beta0_5,2024,COMPAS,SSE,BO24,https://arxiv.org/pdf/2405.01623,265,30,10,0.5,pessimistic,standard,Nanjing,fit based on Marchant et al. (2019),zeta prescription,F12 delayed,specific AM of accreting star (Soberman et al. 1997),non-conservative MT mass lost with specific orbital AM of accreting star (Soberman et al. 1997),TRUE,1,αCE varies per model; Nanjing λ; pessimistic CE (HG donors fail); COMPAS,No (pessimistic; Dominik et al. 2012),"Vink et al. (2000a,b) hot stars; Kudritzki &amp; Reimers (1978) / Nieuwenhuijzen &amp; de Jager (1990) cool stars; Belczynski et al. (2010) WR; LBV enhanced winds",Included via COMPAS/BSE framework; not separately varied,Fryer et al. (2012) delayed (most models) or rapid (RMP_R models) or Mandel &amp; Müller 2022 (RMP_M models),Kroupa (2001) broken power-law; M1: 10–150 M☉,Öpik (1924) flat-in-log; 0.01–1000 AU; circular at birth,"Uniform in q = M2/M1; q ∈ [0.01, 1); M2 ≥ 0.1 M☉",0.7 (Sana et al. 2012),"Flat-in-log; 10⁻⁴ ≤ Z ≤ 0.03; re-weighted to IllustrisTNG100 S(Z,z)","IllustrisTNG100 cosmological simulation; S(Z,z) re-weighting",2.5 (COMPAS default),30 (same as σ_strippedSN; no separate ECSN channel in COMPAS),108.798900000000,0.000000000000,0.000000000000,0.000000000000,0.122652000000,0.126832000000,0.000000089300,0.193640000000,0.556875000000,0.443124089300,95.62283000000,0.000000000000,0.00000000000,0.00000000000,0.00000000000,0.27664500000,0.00000000000,0.01897100000,0.66409800000,0.33590200000,445.09680000000,0.000000000000,0.00000000000,0.07569600000,0.07569600000,0.13659000000,0.13547600000,0.65223800000,0.07569600000,1.00000000000
Boesky et al. (2024),Boesky_alphaCE_10_beta0_75,2024,COMPAS,SSE,BO24,https://arxiv.org/pdf/2405.01623,265,30,10,0.75,pessimistic,standard,Nanjing,fit based on Marchant et al. (2019),zeta prescription,F12 delayed,specific AM of accreting star (Soberman et al. 1997),non-conservative MT mass lost with specific orbital AM of accreting star (Soberman et al. 1997),TRUE,1,αCE varies per model; Nanjing λ; pessimistic CE (HG donors fail); COMPAS,No (pessimistic; Dominik et al. 2012),"Vink et al. (2000a,b) hot stars; Kudritzki &amp; Reimers (1978) / Nieuwenhuijzen &amp; de Jager (1990) cool stars; Belczynski et al. (2010) WR; LBV enhanced winds",Included via COMPAS/BSE framework; not separately varied,Fryer et al. (2012) delayed (most models) or rapid (RMP_R models) or Mandel &amp; Müller 2022 (RMP_M models),Kroupa (2001) broken power-law; M1: 10–150 M☉,Öpik (1924) flat-in-log; 0.01–1000 AU; circular at birth,"Uniform in q = M2/M1; q ∈ [0.01, 1); M2 ≥ 0.1 M☉",0.7 (Sana et al. 2012),"Flat-in-log; 10⁻⁴ ≤ Z ≤ 0.03; re-weighted to IllustrisTNG100 S(Z,z)","IllustrisTNG100 cosmological simulation; S(Z,z) re-weighting",2.5 (COMPAS default),30 (same as σ_strippedSN; no separate ECSN channel in COMPAS),138.816100000000,0.000000000000,0.000000000000,0.000000000000,0.077379000000,0.080286000000,0.006567000000,0.060363000000,0.775405000000,0.224595000000,59.61691000000,0.000000000000,0.00000000000,0.00000000000,0.00000000000,0.84538600000,0.01379800000,0.02654200000,0.02892000000,0.97108000000,507.43640000000,0.000000000000,0.00000000000,0.03980400000,0.03980400000,0.20834200000,0.13588100000,0.61597300000,0.03980400000,1.00000000000
Boesky et al. (2024),Boesky_alphaCE_2_beta0_25,2024,COMPAS,SSE,BO24,https://arxiv.org/pdf/2405.01623,265,30,2,0.25,pessimistic,standard,Nanjing,fit based on Marchant et al. (2019),zeta prescription,F12 delayed,specific AM of accreting star (Soberman et al. 1997),non-conservative MT mass lost with specific orbital AM of accreting star (Soberman et al. 1997),TRUE,1,αCE varies per model; Nanjing λ; pessimistic CE (HG donors fail); COMPAS,No (pessimistic; Dominik et al. 2012),"Vink et al. (2000a,b) hot stars; Kudritzki &amp; Reimers (1978) / Nieuwenhuijzen &amp; de Jager (1990) cool stars; Belczynski et al. (2010) WR; LBV enhanced winds",Included via COMPAS/BSE framework; not separately varied,Fryer et al. (2012) delayed (most models) or rapid (RMP_R models) or Mandel &amp; Müller 2022 (RMP_M models),Kroupa (2001) broken power-law; M1: 10–150 M☉,Öpik (1924) flat-in-log; 0.01–1000 AU; circular at birth,"Uniform in q = M2/M1; q ∈ [0.01, 1); M2 ≥ 0.1 M☉",0.7 (Sana et al. 2012),"Flat-in-log; 10⁻⁴ ≤ Z ≤ 0.03; re-weighted to IllustrisTNG100 S(Z,z)","IllustrisTNG100 cosmological simulation; S(Z,z) re-weighting",2.5 (COMPAS default),30 (same as σ_strippedSN; no separate ECSN channel in COMPAS),154.495100000000,0.000000000000,0.000000000000,0.000000000000,0.294623000000,0.256064000000,0.000000130000,0.258256000000,0.191057000000,0.808943130000,134.08630000000,0.000000000000,0.00000000000,0.00000000000,0.00000000000,0.32550800000,0.00000000000,0.08044200000,0.31189300000,0.68810700000,166.77060000000,0.000000000000,0.00000000000,0.00023300000,0.00023300000,0.00554400000,0.25020000000,0.74313500000,0.00112100000,0.99911200000
Boesky et al. (2024),Boesky_alphaCE_2_beta0_5,2024,COMPAS,SSE,BO24,https://arxiv.org/pdf/2405.01623,265,30,2,0.5,pessimistic,standard,Nanjing,fit based on Marchant et al. (2019),zeta prescription,F12 delayed,specific AM of accreting star (Soberman et al. 1997),non-conservative MT mass lost with specific orbital AM of accreting star (Soberman et al. 1997),TRUE,1,αCE varies per model; Nanjing λ; pessimistic CE (HG donors fail); COMPAS,No (pessimistic; Dominik et al. 2012),"Vink et al. (2000a,b) hot stars; Kudritzki &amp; Reimers (1978) / Nieuwenhuijzen &amp; de Jager (1990) cool stars; Belczynski et al. (2010) WR; LBV enhanced winds",Included via COMPAS/BSE framework; not separately varied,Fryer et al. (2012) delayed (most models) or rapid (RMP_R models) or Mandel &amp; Müller 2022 (RMP_M models),Kroupa (2001) broken power-law; M1: 10–150 M☉,Öpik (1924) flat-in-log; 0.01–1000 AU; circular at birth,"Uniform in q = M2/M1; q ∈ [0.01, 1); M2 ≥ 0.1 M☉",0.7 (Sana et al. 2012),"Flat-in-log; 10⁻⁴ ≤ Z ≤ 0.03; re-weighted to IllustrisTNG100 S(Z,z)","IllustrisTNG100 cosmological simulation; S(Z,z) re-weighting",2.5 (COMPAS default),30 (same as σ_strippedSN; no separate ECSN channel in COMPAS),177.394700000000,0.000000000000,0.000000000000,0.000000000000,0.207875000000,0.209564000000,0.000000023900,0.215720000000,0.366842000000,0.633159023900,66.39988000000,0.000000000000,0.00000000000,0.00000000000,0.00000000000,0.39780800000,0.00000000000,0.10236700000,0.46423000000,0.53577000000,80.03633000000,0.000000000000,0.00000000000,0.00077200000,0.00077200000,0.04581000000,0.17689000000,0.77652800000,0.00077200000,1.00000000000
Boesky et al. (2024),Boesky_alphaCE_2_beta0_75,2024,COMPAS,SSE,BO24,https://arxiv.org/pdf/2405.01623,265,30,2,0.75,pessimistic,standard,Nanjing,fit based on Marchant et al. (2019),zeta prescription,F12 delayed,specific AM of accreting star (Soberman et al. 1997),non-conservative MT mass lost with specific orbital AM of accreting star (Soberman et al. 1997),TRUE,1,αCE varies per model; Nanjing λ; pessimistic CE (HG donors fail); COMPAS,No (pessimistic; Dominik et al. 2012),"Vink et al. (2000a,b) hot stars; Kudritzki &amp; Reimers (1978) / Nieuwenhuijzen &amp; de Jager (1990) cool stars; Belczynski et al. (2010) WR; LBV enhanced winds",Included via COMPAS/BSE framework; not separately varied,Fryer et al. (2012) delayed (most models) or rapid (RMP_R models) or Mandel &amp; Müller 2022 (RMP_M models),Kroupa (2001) broken power-law; M1: 10–150 M☉,Öpik (1924) flat-in-log; 0.01–1000 AU; circular at birth,"Uniform in q = M2/M1; q ∈ [0.01, 1); M2 ≥ 0.1 M☉",0.7 (Sana et al. 2012),"Flat-in-log; 10⁻⁴ ≤ Z ≤ 0.03; re-weighted to IllustrisTNG100 S(Z,z)","IllustrisTNG100 cosmological simulation; S(Z,z) re-weighting",2.5 (COMPAS default),30 (same as σ_strippedSN; no separate ECSN channel in COMPAS),226.724700000000,0.000000000000,0.000000000000,0.000000000000,0.170303000000,0.121047000000,0.008563000000,0.120967000000,0.579120000000,0.420880000000,47.59018000000,0.000000000000,0.00000000000,0.00000000000,0.00000000000,0.55753500000,0.11770700000,0.24837400000,0.04037500000,0.95962400000,175.78740000000,0.000000000000,0.00000000000,0.00187300000,0.00187300000,0.31739700000,0.11570900000,0.56502100000,0.00187300000,1.00000000000
Boesky et al. (2024),Boesky_sigma_265_RMP_D,2024,COMPAS,SSE,BO24,https://arxiv.org/pdf/2405.01623,265,30,0.5,thermal,pessimistic,standard,Nanjing,fit based on Marchant et al. (2019),zeta prescription,F12 delayed,specific AM of accreting star (Soberman et al. 1997),non-conservative MT mass lost with specific orbital AM of accreting star (Soberman et al. 1997),TRUE,1,αCE varies per model; Nanjing λ; pessimistic CE (HG donors fail); COMPAS,No (pessimistic; Dominik et al. 2012),"Vink et al. (2000a,b) hot stars; Kudritzki &amp; Reimers (1978) / Nieuwenhuijzen &amp; de Jager (1990) cool stars; Belczynski et al. (2010) WR; LBV enhanced winds",Included via COMPAS/BSE framework; not separately varied,Fryer et al. (2012) delayed (most models) or rapid (RMP_R models) or Mandel &amp; Müller 2022 (RMP_M models),Kroupa (2001) broken power-law; M1: 10–150 M☉,Öpik (1924) flat-in-log; 0.01–1000 AU; circular at birth,"Uniform in q = M2/M1; q ∈ [0.01, 1); M2 ≥ 0.1 M☉",0.7 (Sana et al. 2012),"Flat-in-log; 10⁻⁴ ≤ Z ≤ 0.03; re-weighted to IllustrisTNG100 S(Z,z)","IllustrisTNG100 cosmological simulation; S(Z,z) re-weighting",2.5 (COMPAS default),30 (same as σ_strippedSN; no separate ECSN channel in COMPAS),95.315030000000,0.000000000000,0.000000000000,0.000000000000,0.169253000000,0.238477000000,0.005946000000,0.107355000000,0.478970000000,0.521031000000,54.63308000000,0.000000000000,0.00000000000,0.00000000000,0.00000000000,0.47319400000,0.01274100000,0.17134800000,0.20017300000,0.79982700000,80.04113000000,0.000000000000,0.00000000000,0.00000000000,0.00000000000,0.15284100000,0.03917800000,0.80798000000,0.00000085900,0.99999900000
Boesky et al. (2024),Boesky_sigma_265_RMP_M,2024,COMPAS,SSE,BO24,https://arxiv.org/pdf/2405.01623,265,30,0.5,thermal,pessimistic,standard,Nanjing,fit based on Marchant et al. (2019),zeta prescription,MM SN,specific AM of accreting star (Soberman et al. 1997),non-conservative MT mass lost with specific orbital AM of accreting star (Soberman et al. 1997),TRUE,1,αCE varies per model; Nanjing λ; pessimistic CE (HG donors fail); COMPAS,No (pessimistic; Dominik et al. 2012),"Vink et al. (2000a,b) hot stars; Kudritzki &amp; Reimers (1978) / Nieuwenhuijzen &amp; de Jager (1990) cool stars; Belczynski et al. (2010) WR; LBV enhanced winds",Included via COMPAS/BSE framework; not separately varied,Fryer et al. (2012) delayed (most models) or rapid (RMP_R models) or Mandel &amp; Müller 2022 (RMP_M models),Kroupa (2001) broken power-law; M1: 10–150 M☉,Öpik (1924) flat-in-log; 0.01–1000 AU; circular at birth,"Uniform in q = M2/M1; q ∈ [0.01, 1); M2 ≥ 0.1 M☉",0.7 (Sana et al. 2012),"Flat-in-log; 10⁻⁴ ≤ Z ≤ 0.03; re-weighted to IllustrisTNG100 S(Z,z)","IllustrisTNG100 cosmological simulation; S(Z,z) re-weighting",2.5 (COMPAS default),30 (same as σ_strippedSN; no separate ECSN channel in COMPAS),19.019460000000,0.000000000000,0.000000000000,0.000000000000,0.091113000000,0.049584000000,0.018843000000,0.409250000000,0.431210000000,0.568790000000,27.56318000000,0.000000000000,0.00000000000,0.00000000000,0.00000000000,0.03215500000,0.02654300000,0.22881100000,0.10724900000,0.89275100000,58.10322000000,0.000000000000,0.00000000000,0.00000000000,0.00000000000,0.06574000000,0.06387700000,0.87038300000,0.00000000000,1.00000000000
Boesky et al. (2024),Boesky_sigma_265_RMP_R,2024,COMPAS,SSE,BO24,https://arxiv.org/pdf/2405.01623,265,30,0.5,thermal,pessimistic,standard,Nanjing,fit based on Marchant et al. (2019),zeta prescription,F12 rapid,specific AM of accreting star (Soberman et al. 1997),non-conservative MT mass lost with specific orbital AM of accreting star (Soberman et al. 1997),TRUE,1,αCE varies per model; Nanjing λ; pessimistic CE (HG donors fail); COMPAS,No (pessimistic; Dominik et al. 2012),"Vink et al. (2000a,b) hot stars; Kudritzki &amp; Reimers (1978) / Nieuwenhuijzen &amp; de Jager (1990) cool stars; Belczynski et al. (2010) WR; LBV enhanced winds",Included via COMPAS/BSE framework; not separately varied,Fryer et al. (2012) delayed (most models) or rapid (RMP_R models) or Mandel &amp; Müller 2022 (RMP_M models),Kroupa (2001) broken power-law; M1: 10–150 M☉,Öpik (1924) flat-in-log; 0.01–1000 AU; circular at birth,"Uniform in q = M2/M1; q ∈ [0.01, 1); M2 ≥ 0.1 M☉",0.7 (Sana et al. 2012),"Flat-in-log; 10⁻⁴ ≤ Z ≤ 0.03; re-weighted to IllustrisTNG100 S(Z,z)","IllustrisTNG100 cosmological simulation; S(Z,z) re-weighting",2.5 (COMPAS default),30 (same as σ_strippedSN; no separate ECSN channel in COMPAS),139.386900000000,0.000000000000,0.000000000000,0.000000000000,0.332813000000,0.155883000000,0.002955000000,0.072947000000,0.435402000000,0.564598000000,351.73640000000,0.000000000000,0.00000000000,0.00000000000,0.00000000000,0.12569600000,0.00217600000,0.05507100000,0.11762800000,0.88237200000,55.42476000000,0.000000000000,0.00000000000,0.00000000000,0.00000000000,0.11205500000,0.02458400000,0.86336100000,0.00000000000,1.00000000000
Boesky et al. (2024),Boesky_sigma_30_RMP_D,2024,COMPAS,SSE,BO24,https://arxiv.org/pdf/2405.01623,30,30,0.5,thermal,pessimistic,standard,Nanjing,fit based on Marchant et al. (2019),zeta prescription,F12 delayed,specific AM of accreting star (Soberman et al. 1997),non-conservative MT mass lost with specific orbital AM of accreting star (Soberman et al. 1997),TRUE,1,αCE varies per model; Nanjing λ; pessimistic CE (HG donors fail); COMPAS,No (pessimistic; Dominik et al. 2012),"Vink et al. (2000a,b) hot stars; Kudritzki &amp; Reimers (1978) / Nieuwenhuijzen &amp; de Jager (1990) cool stars; Belczynski et al. (2010) WR; LBV enhanced winds",Included via COMPAS/BSE framework; not separately varied,Fryer et al. (2012) delayed (most models) or rapid (RMP_R models) or Mandel &amp; Müller 2022 (RMP_M models),Kroupa (2001) broken power-law; M1: 10–150 M☉,Öpik (1924) flat-in-log; 0.01–1000 AU; circular at birth,"Uniform in q = M2/M1; q ∈ [0.01, 1); M2 ≥ 0.1 M☉",0.7 (Sana et al. 2012),"Flat-in-log; 10⁻⁴ ≤ Z ≤ 0.03; re-weighted to IllustrisTNG100 S(Z,z)","IllustrisTNG100 cosmological simulation; S(Z,z) re-weighting",2.5 (COMPAS default),30 (same as σ_strippedSN; no separate ECSN channel in COMPAS),237.992000000000,0.000000000000,0.000000000000,0.000000000000,0.572543000000,0.101428000000,0.005451000000,0.067344000000,0.253235000000,0.746766000000,551.50450000000,0.000000000000,0.00000000000,0.00000000000,0.00000000000,0.15635700000,0.00382400000,0.28931100000,0.02671700000,0.97328200000,485.65640000000,0.000000000000,0.00000000000,0.00078100000,0.00078100000,0.04280900000,0.05353200000,0.90287700000,0.00078100000,0.99999900000
Boesky et al. (2024),Boesky_sigma_30_RMP_M,2024,COMPAS,SSE,BO24,https://arxiv.org/pdf/2405.01623,30,30,0.5,thermal,pessimistic,standard,Nanjing,fit based on Marchant et al. (2019),zeta prescription,MM SN,specific AM of accreting star (Soberman et al. 1997),non-conservative MT mass lost with specific orbital AM of accreting star (Soberman et al. 1997),TRUE,1,αCE varies per model; Nanjing λ; pessimistic CE (HG donors fail); COMPAS,No (pessimistic; Dominik et al. 2012),"Vink et al. (2000a,b) hot stars; Kudritzki &amp; Reimers (1978) / Nieuwenhuijzen &amp; de Jager (1990) cool stars; Belczynski et al. (2010) WR; LBV enhanced winds",Included via COMPAS/BSE framework; not separately varied,Fryer et al. (2012) delayed (most models) or rapid (RMP_R models) or Mandel &amp; Müller 2022 (RMP_M models),Kroupa (2001) broken power-law; M1: 10–150 M☉,Öpik (1924) flat-in-log; 0.01–1000 AU; circular at birth,"Uniform in q = M2/M1; q ∈ [0.01, 1); M2 ≥ 0.1 M☉",0.7 (Sana et al. 2012),"Flat-in-log; 10⁻⁴ ≤ Z ≤ 0.03; re-weighted to IllustrisTNG100 S(Z,z)","IllustrisTNG100 cosmological simulation; S(Z,z) re-weighting",2.5 (COMPAS default),30 (same as σ_strippedSN; no separate ECSN channel in COMPAS),433.438700000000,0.000000000000,0.000000000000,0.000000000000,0.436681000000,0.070117000000,0.002865000000,0.071746000000,0.418591000000,0.581409000000,743.49720000000,0.000000000000,0.00000000000,0.00000000000,0.00000000000,0.22097900000,0.01546400000,0.11921300000,0.01450800000,0.98549100000,299.51050000000,0.000000000000,0.00000000000,0.00000000000,0.00000000000,0.01826900000,0.03898900000,0.94274200000,0.00000000000,1.00000000000
Boesky et al. (2024),Boesky_sigma_30_RMP_R,2024,COMPAS,SSE,BO24,https://arxiv.org/pdf/2405.01623,30,30,0.5,thermal,pessimistic,standard,Nanjing,fit based on Marchant et al. (2019),zeta prescription,F12 rapid,specific AM of accreting star (Soberman et al. 1997),non-conservative MT mass lost with specific orbital AM of accreting star (Soberman et al. 1997),TRUE,1,αCE varies per model; Nanjing λ; pessimistic CE (HG donors fail); COMPAS,No (pessimistic; Dominik et al. 2012),"Vink et al. (2000a,b) hot stars; Kudritzki &amp; Reimers (1978) / Nieuwenhuijzen &amp; de Jager (1990) cool stars; Belczynski et al. (2010) WR; LBV enhanced winds",Included via COMPAS/BSE framework; not separately varied,Fryer et al. (2012) delayed (most models) or rapid (RMP_R models) or Mandel &amp; Müller 2022 (RMP_M models),Kroupa (2001) broken power-law; M1: 10–150 M☉,Öpik (1924) flat-in-log; 0.01–1000 AU; circular at birth,"Uniform in q = M2/M1; q ∈ [0.01, 1); M2 ≥ 0.1 M☉",0.7 (Sana et al. 2012),"Flat-in-log; 10⁻⁴ ≤ Z ≤ 0.03; re-weighted to IllustrisTNG100 S(Z,z)","IllustrisTNG100 cosmological simulation; S(Z,z) re-weighting",2.5 (COMPAS default),30 (same as σ_strippedSN; no separate ECSN channel in COMPAS),182.849800000000,0.000000000000,0.000000000000,0.000000000000,0.593290000000,0.058536000000,0.001376000000,0.039609000000,0.307189000000,0.692811000000,596.31500000000,0.000000000000,0.00000000000,0.00000000000,0.00000000000,0.11997900000,0.00169500000,0.18046300000,0.00098900000,0.99901100000,351.17700000000,0.000000000000,0.00000000000,0.00000000000,0.00000000000,0.04638100000,0.05569900000,0.89792000000,0.00000000000,1.00000000000
Boesky et al. (2024),Boesky_sigma_750_RMP_D,2024,COMPAS,SSE,BO24,https://arxiv.org/pdf/2405.01623,750,30,0.5,thermal,pessimistic,standard,Nanjing,fit based on Marchant et al. (2019),zeta prescription,F12 delayed,specific AM of accreting star (Soberman et al. 1997),non-conservative MT mass lost with specific orbital AM of accreting star (Soberman et al. 1997),TRUE,1,αCE varies per model; Nanjing λ; pessimistic CE (HG donors fail); COMPAS,No (pessimistic; Dominik et al. 2012),"Vink et al. (2000a,b) hot stars; Kudritzki &amp; Reimers (1978) / Nieuwenhuijzen &amp; de Jager (1990) cool stars; Belczynski et al. (2010) WR; LBV enhanced winds",Included via COMPAS/BSE framework; not separately varied,Fryer et al. (2012) delayed (most models) or rapid (RMP_R models) or Mandel &amp; Müller 2022 (RMP_M models),Kroupa (2001) broken power-law; M1: 10–150 M☉,Öpik (1924) flat-in-log; 0.01–1000 AU; circular at birth,"Uniform in q = M2/M1; q ∈ [0.01, 1); M2 ≥ 0.1 M☉",0.7 (Sana et al. 2012),"Flat-in-log; 10⁻⁴ ≤ Z ≤ 0.03; re-weighted to IllustrisTNG100 S(Z,z)","IllustrisTNG100 cosmological simulation; S(Z,z) re-weighting",2.5 (COMPAS default),30 (same as σ_strippedSN; no separate ECSN channel in COMPAS),33.410110000000,0.000000000000,0.000000000000,0.000000000000,0.106020000000,0.183577000000,0.001290000000,0.088167000000,0.620945000000,0.379054000000,15.24295000000,0.000000000000,0.00000000000,0.00000000000,0.00000000000,0.44721200000,0.01019200000,0.12476800000,0.00719700000,0.99280300000,69.44690000000,0.000000000000,0.00000000000,0.00000000000,0.00000000000,0.05821300000,0.07501300000,0.86677300000,0.00000000000,0.99999900000
Boesky et al. (2024),Boesky_sigma_750_RMP_M,2024,COMPAS,SSE,BO24,https://arxiv.org/pdf/2405.01623,750,30,0.5,thermal,pessimistic,standard,Nanjing,fit based on Marchant et al. (2019),zeta prescription,MM SN,specific AM of accreting star (Soberman et al. 1997),non-conservative MT mass lost with specific orbital AM of accreting star (Soberman et al. 1997),TRUE,1,αCE varies per model; Nanjing λ; pessimistic CE (HG donors fail); COMPAS,No (pessimistic; Dominik et al. 2012),"Vink et al. (2000a,b) hot stars; Kudritzki &amp; Reimers (1978) / Nieuwenhuijzen &amp; de Jager (1990) cool stars; Belczynski et al. (2010) WR; LBV enhanced winds",Included via COMPAS/BSE framework; not separately varied,Fryer et al. (2012) delayed (most models) or rapid (RMP_R models) or Mandel &amp; Müller 2022 (RMP_M models),Kroupa (2001) broken power-law; M1: 10–150 M☉,Öpik (1924) flat-in-log; 0.01–1000 AU; circular at birth,"Uniform in q = M2/M1; q ∈ [0.01, 1); M2 ≥ 0.1 M☉",0.7 (Sana et al. 2012),"Flat-in-log; 10⁻⁴ ≤ Z ≤ 0.03; re-weighted to IllustrisTNG100 S(Z,z)","IllustrisTNG100 cosmological simulation; S(Z,z) re-weighting",2.5 (COMPAS default),30 (same as σ_strippedSN; no separate ECSN channel in COMPAS),0.598765000000,0.000000000000,0.000000000000,0.000000000000,0.017920000000,0.054162000000,0.022854000000,0.746437000000,0.158628000000,0.841373000000,3.69264300000,0.000000000000,0.00000000000,0.00000000000,0.00000000000,0.00866600000,0.21680100000,0.09810500000,0.01076900000,0.98923000000,53.14658000000,0.000000000000,0.00000000000,0.00000000000,0.00000000000,0.06324500000,0.03174900000,0.90500600000,0.00000000000,1.00000000000
Boesky et al. (2024),Boesky_sigma_750_RMP_R,2024,COMPAS,SSE,BO24,https://arxiv.org/pdf/2405.01623,750,30,0.5,thermal,pessimistic,standard,Nanjing,fit based on Marchant et al. (2019),zeta prescription,F12 rapid,specific AM of accreting star (Soberman et al. 1997),non-conservative MT mass lost with specific orbital AM of accreting star (Soberman et al. 1997),TRUE,1,αCE varies per model; Nanjing λ; pessimistic CE (HG donors fail); COMPAS,No (pessimistic; Dominik et al. 2012),"Vink et al. (2000a,b) hot stars; Kudritzki &amp; Reimers (1978) / Nieuwenhuijzen &amp; de Jager (1990) cool stars; Belczynski et al. (2010) WR; LBV enhanced winds",Included via COMPAS/BSE framework; not separately varied,Fryer et al. (2012) delayed (most models) or rapid (RMP_R models) or Mandel &amp; Müller 2022 (RMP_M models),Kroupa (2001) broken power-law; M1: 10–150 M☉,Öpik (1924) flat-in-log; 0.01–1000 AU; circular at birth,"Uniform in q = M2/M1; q ∈ [0.01, 1); M2 ≥ 0.1 M☉",0.7 (Sana et al. 2012),"Flat-in-log; 10⁻⁴ ≤ Z ≤ 0.03; re-weighted to IllustrisTNG100 S(Z,z)","IllustrisTNG100 cosmological simulation; S(Z,z) re-weighting",2.5 (COMPAS default),30 (same as σ_strippedSN; no separate ECSN channel in COMPAS),82.639410000000,0.000000000000,0.000000000000,0.000000000000,0.302999000000,0.109275000000,0.002433000000,0.076603000000,0.508689000000,0.491310000000,229.52770000000,0.000000000000,0.00000000000,0.00000000000,0.00000000000,0.07149900000,0.00442600000,0.00547000000,0.00240900000,0.99759100000,49.36769000000,0.000000000000,0.00000000000,0.00000000000,0.00000000000,0.05792000000,0.02892800000,0.91315300000,0.00000000000,1.00000100000
Briel et al. (2022),Briel (2022),2023,BPASS,STARS,BRI22,https://ui.adsabs.harvard.edu/abs/2022arXiv220613842B/abstract,265,265,"N/A (BPASS uses detailed stellar structure, not α-λ formalism)",Hurley 2002,N/A (BPASS),BPASS,BPASS,Farmer (2019) with additional assumptions (see Briel 2023) such as the upper limit based on the He core mass from Woosley et al. ( 2002 ).,BPASS,ET04,N/A (BPASS AM loss handled internally by stellar structure code),BPASS,Eddington limited only for NS not BH,N/A (BPASS STARS code; WR winds handled internally),"BPASS CE treated via detailed binary stellar evolution (STARS code), not parametric α-λ",N/A (BPASS does not use α-λ CE formalism; CE outcome from stellar structure),"Vink et al. (2000a,b) hot star winds; de Jager et al. (1988) cool stars; Nugis &amp; Lamers (2000) WR winds; all metallicity-scaled; BPASS STARS code",BPASS STARS code includes tidal interactions in detailed binary models (Eggleton 1971 framework),Eldridge &amp; Tout (2004); Fryer et al. (2012) delayed (fiducial) or rapid (sub-models); Farmer et al. (2019) PISN upper limit with Woosley et al. (2002) He-core constraint,Kroupa (2001) broken power-law; M1: 0.1–300 M☉ (full IMF; BPASS),Sana et al. (2012) log-normal period distribution; BPASS v2.2,"Flat in q = M2/M1; q ∈ [0.1, 1] (BPASS v2.2)",0.55 (Sana et al. 2012 / BPASS v2.2 default),Z = 10⁻⁵ to 0.04; 13 metallicity bins (BPASS v2.2 grid),Madau &amp; Dickinson (2014) SFRD; metallicity evolution from Langer &amp; Norman (2006) or equivalent,2.5 (BPASS default; NS/BH boundary),265 (BPASS applies same Hobbs 2005 Maxwellian to all CCSNe including ECSN),6.500000000000,0.000000000000,0.064400000000,0.000000000000,0.452800000000,0.000000000000,0.000000000000,0.000000000000,0.138500000000,0.861500000000,,,,,,,,,,,,,,,,,,,,
Briel et al. (2022),Briel (2022) - DELAYED,2023,BPASS,STARS,BRI22,https://ui.adsabs.harvard.edu/abs/2022arXiv220613842B/abstract,265,265,"N/A (BPASS uses detailed stellar structure, not α-λ formalism)",Hurley 2002,N/A (BPASS),BPASS,BPASS,Farmer (2019) with additional assumptions (see Briel 2023) such as the upper limit based on the He core mass from Woosley et al. ( 2002 ).,BPASS,F12 rapid,N/A (BPASS AM loss handled internally by stellar structure code),BPASS,Eddington limited only for NS not BH,N/A (BPASS STARS code; WR winds handled internally),"BPASS CE treated via detailed binary stellar evolution (STARS code), not parametric α-λ",N/A (BPASS does not use α-λ CE formalism; CE outcome from stellar structure),"Vink et al. (2000a,b) hot star winds; de Jager et al. (1988) cool stars; Nugis &amp; Lamers (2000) WR winds; all metallicity-scaled; BPASS STARS code",BPASS STARS code includes tidal interactions in detailed binary models (Eggleton 1971 framework),Eldridge &amp; Tout (2004); Fryer et al. (2012) delayed (fiducial) or rapid (sub-models); Farmer et al. (2019) PISN upper limit with Woosley et al. (2002) He-core constraint,Kroupa (2001) broken power-law; M1: 0.1–300 M☉ (full IMF; BPASS),Sana et al. (2012) log-normal period distribution; BPASS v2.2,"Flat in q = M2/M1; q ∈ [0.1, 1] (BPASS v2.2)",0.55 (Sana et al. 2012 / BPASS v2.2 default),Z = 10⁻⁵ to 0.04; 13 metallicity bins (BPASS v2.2 grid),Madau &amp; Dickinson (2014) SFRD; metallicity evolution from Langer &amp; Norman (2006) or equivalent,2.5 (BPASS default; NS/BH boundary),265 (BPASS applies same Hobbs 2005 Maxwellian to all CCSNe including ECSN),48.000000000000,0.000000000000,0.108800000000,0.000000000000,0.353500000000,0.000000000000,0.000000000000,0.000000000000,0.146200000000,0.853400000000,,,,,,,,,,,,,,,,,,,,
Briel et al. (2022),Briel (2022) - RAPID,2023,BPASS,STARS,BRI22,https://ui.adsabs.harvard.edu/abs/2022arXiv220613842B/abstract,265,265,"N/A (BPASS uses detailed stellar structure, not α-λ formalism)",Hurley 2002,N/A (BPASS),BPASS,BPASS,Farmer (2019) with additional assumptions (see Briel 2023) such as the upper limit based on the He core mass from Woosley et al. ( 2002 ).,BPASS,F12 delayed,N/A (BPASS AM loss handled internally by stellar structure code),BPASS,Eddington limited only for NS not BH,N/A (BPASS STARS code; WR winds handled internally),"BPASS CE treated via detailed binary stellar evolution (STARS code), not parametric α-λ",N/A (BPASS does not use α-λ CE formalism; CE outcome from stellar structure),"Vink et al. (2000a,b) hot star winds; de Jager et al. (1988) cool stars; Nugis &amp; Lamers (2000) WR winds; all metallicity-scaled; BPASS STARS code",BPASS STARS code includes tidal interactions in detailed binary models (Eggleton 1971 framework),Eldridge &amp; Tout (2004); Fryer et al. (2012) delayed (fiducial) or rapid (sub-models); Farmer et al. (2019) PISN upper limit with Woosley et al. (2002) He-core constraint,Kroupa (2001) broken power-law; M1: 0.1–300 M☉ (full IMF; BPASS),Sana et al. (2012) log-normal period distribution; BPASS v2.2,"Flat in q = M2/M1; q ∈ [0.1, 1] (BPASS v2.2)",0.55 (Sana et al. 2012 / BPASS v2.2 default),Z = 10⁻⁵ to 0.04; 13 metallicity bins (BPASS v2.2 grid),Madau &amp; Dickinson (2014) SFRD; metallicity evolution from Langer &amp; Norman (2006) or equivalent,2.5 (BPASS default; NS/BH boundary),265 (BPASS applies same Hobbs 2005 Maxwellian to all CCSNe including ECSN),57.100000000000,0.000000000000,0.097300000000,0.000000000000,0.412900000000,0.000000000000,0.000000000000,0.000000000000,0.127900000000,0.872000000000,,,,,,,,,,,,,,,,,,,,
Dorozsmai & Toonen (2022),DT22-M1,2024,SeBa,SSE,DT22,https://ui.adsabs.harvard.edu/abs/2022arXiv220708837D/abstract,0,75,αCE×λ = 0.05 (combined; α not stated separately in paper),0.3,pessimistic,standard,variable (SeBa internal structural; αCE×λ=0.05 effective),Farmer et al. (2019),zeta prescription,F12 delayed,2.5,isotropic re-emission; γ parameter varies per model (see gamma column),True,1,alpha*lambda = 0.05,No (pessimistic; SeBa cemergeflag equivalent),de Jager et al. (1988); Vink et al. (2000) for hot stars; Hamann et al. (1995) for WR stars; metallicity-scaled; SeBa (Toonen et al. 2012),Hut (1981) equilibrium tides; SeBa includes tidal synchronization and circularization,Fryer et al. (2012) delayed; gravitational mass from CO core mass,Kroupa (2001) broken power-law; M1: 3–100 M☉,Flat-in-log (Öpik 1924); 1–10⁶ R☉,"Flat in q = M2/M1; q ∈ (0, 1] (Duchêne &amp; Kraus 2013)",1.0 (all stars assumed to be in binaries for this mass range),Solar metallicity (Z = 0.02) only; single-metallicity study,Not applicable (single-metallicity; no cosmic rate calculation in paper),3.0 (SeBa default; Fryer et al. 2012 delayed),"75 (Verbunt, Igoshev &amp; Cator 2017 bimodal; same as σ_strippedSN; σ₁=75 weight=0.42, σ₂=315 weight=0.58)",23.400000000000,0.000000000000,0.000000000000,0.000000000000,0.000000000000,0.000000000000,0.000000000000,0.000000000000,0.589743589700,0.410256410200,,,,,,,,,,,,,,,,,,,,
Dorozsmai & Toonen (2022),DT22-M10,2024,SeBa,SSE,DT22,https://ui.adsabs.harvard.edu/abs/2022arXiv220708837D/abstract,315,75,αCE×λ = 0.05 (combined; α not stated separately in paper),0.7,pessimistic,standard,variable (SeBa internal structural; αCE×λ=0.05 effective),Farmer et al. (2019),zeta prescription,F12 delayed,1,isotropic re-emission; γ parameter varies per model (see gamma column),True,1,alpha*lambda = 0.05,No (pessimistic; SeBa cemergeflag equivalent),de Jager et al. (1988); Vink et al. (2000) for hot stars; Hamann et al. (1995) for WR stars; metallicity-scaled; SeBa (Toonen et al. 2012),Hut (1981) equilibrium tides; SeBa includes tidal synchronization and circularization,Fryer et al. (2012) delayed; gravitational mass from CO core mass,Kroupa (2001) broken power-law; M1: 3–100 M☉,Flat-in-log (Öpik 1924); 1–10⁶ R☉,"Flat in q = M2/M1; q ∈ (0, 1] (Duchêne &amp; Kraus 2013)",1.0 (all stars assumed to be in binaries for this mass range),Solar metallicity (Z = 0.02) only; single-metallicity study,Not applicable (single-metallicity; no cosmic rate calculation in paper),3.0 (SeBa default; Fryer et al. 2012 delayed),"75 (Verbunt, Igoshev &amp; Cator 2017 bimodal; same as σ_strippedSN; σ₁=75 weight=0.42, σ₂=315 weight=0.58)",30.200000000000,0.000000000000,0.000000000000,0.000000000000,0.000000000000,0.000000000000,0.000000000000,0.000000000000,0.079470198680,0.920529801300,,,,,,,,,,,,,,,,,,,,
Dorozsmai & Toonen (2022),DT22-M11,2024,SeBa,SSE,DT22,https://ui.adsabs.harvard.edu/abs/2022arXiv220708837D/abstract,315,75,αCE×λ = 0.05 (combined; α not stated separately in paper),0.3,pessimistic,standard,variable (SeBa internal structural; αCE×λ=0.05 effective),Farmer et al. (2019),zeta prescription,F12 delayed,1,isotropic re-emission; γ parameter varies per model (see gamma column),True,1,alpha*lambda = 0.05,No (pessimistic; SeBa cemergeflag equivalent),de Jager et al. (1988); Vink et al. (2000) for hot stars; Hamann et al. (1995) for WR stars; metallicity-scaled; SeBa (Toonen et al. 2012),Hut (1981) equilibrium tides; SeBa includes tidal synchronization and circularization,Fryer et al. (2012) delayed; gravitational mass from CO core mass,Kroupa (2001) broken power-law; M1: 3–100 M☉,Flat-in-log (Öpik 1924); 1–10⁶ R☉,"Flat in q = M2/M1; q ∈ (0, 1] (Duchêne &amp; Kraus 2013)",1.0 (all stars assumed to be in binaries for this mass range),Solar metallicity (Z = 0.02) only; single-metallicity study,Not applicable (single-metallicity; no cosmic rate calculation in paper),3.0 (SeBa default; Fryer et al. 2012 delayed),"75 (Verbunt, Igoshev &amp; Cator 2017 bimodal; same as σ_strippedSN; σ₁=75 weight=0.42, σ₂=315 weight=0.58)",47.800000000000,0.000000000000,0.000000000000,0.000000000000,0.000000000000,0.000000000000,0.000000000000,0.000000000000,0.043933054390,0.956066945620,,,,,,,,,,,,,,,,,,,,
Dorozsmai & Toonen (2022),DT22-M12,2024,SeBa,SSE,DT22,https://ui.adsabs.harvard.edu/abs/2022arXiv220708837D/abstract,315,75,αCE×λ = 0.05 (combined; α not stated separately in paper),0.7,pessimistic,standard,variable (SeBa internal structural; αCE×λ=0.05 effective),Farmer et al. (2019),zeta prescription,F12 delayed,1,isotropic re-emission; γ parameter varies per model (see gamma column),True,1,alpha*lambda = 0.05,No (pessimistic; SeBa cemergeflag equivalent),de Jager et al. (1988); Vink et al. (2000) for hot stars; Hamann et al. (1995) for WR stars; metallicity-scaled; SeBa (Toonen et al. 2012),Hut (1981) equilibrium tides; SeBa includes tidal synchronization and circularization,Fryer et al. (2012) delayed; gravitational mass from CO core mass,Kroupa (2001) broken power-law; M1: 3–100 M☉,Flat-in-log (Öpik 1924); 1–10⁶ R☉,"Flat in q = M2/M1; q ∈ (0, 1] (Duchêne &amp; Kraus 2013)",1.0 (all stars assumed to be in binaries for this mass range),Solar metallicity (Z = 0.02) only; single-metallicity study,Not applicable (single-metallicity; no cosmic rate calculation in paper),3.0 (SeBa default; Fryer et al. 2012 delayed),"75 (Verbunt, Igoshev &amp; Cator 2017 bimodal; same as σ_strippedSN; σ₁=75 weight=0.42, σ₂=315 weight=0.58)",28.000000000000,0.000000000000,0.000000000000,0.000000000000,0.000000000000,0.000000000000,0.000000000000,0.000000000000,0.085714285710,0.914285714300,,,,,,,,,,,,,,,,,,,,
Dorozsmai & Toonen (2022),DT22-M13,2024,SeBa,SSE,DT22,https://ui.adsabs.harvard.edu/abs/2022arXiv220708837D/abstract,315,75,αCE×λ = 0.05 (combined; α not stated separately in paper),0.3,pessimistic,standard,variable (SeBa internal structural; αCE×λ=0.05 effective),Farmer et al. (2019),zeta prescription,F12 delayed,1,isotropic re-emission; γ parameter varies per model (see gamma column),True,1,alpha*lambda = 0.05,No (pessimistic; SeBa cemergeflag equivalent),de Jager et al. (1988); Vink et al. (2000) for hot stars; Hamann et al. (1995) for WR stars; metallicity-scaled; SeBa (Toonen et al. 2012),Hut (1981) equilibrium tides; SeBa includes tidal synchronization and circularization,Fryer et al. (2012) delayed; gravitational mass from CO core mass,Kroupa (2001) broken power-law; M1: 3–100 M☉,Flat-in-log (Öpik 1924); 1–10⁶ R☉,"Flat in q = M2/M1; q ∈ (0, 1] (Duchêne &amp; Kraus 2013)",1.0 (all stars assumed to be in binaries for this mass range),Solar metallicity (Z = 0.02) only; single-metallicity study,Not applicable (single-metallicity; no cosmic rate calculation in paper),3.0 (SeBa default; Fryer et al. 2012 delayed),"75 (Verbunt, Igoshev &amp; Cator 2017 bimodal; same as σ_strippedSN; σ₁=75 weight=0.42, σ₂=315 weight=0.58)",70.300000000000,0.000000000000,0.000000000000,0.000000000000,0.000000000000,0.000000000000,0.000000000000,0.000000000000,0.624466571800,0.375533428200,,,,,,,,,,,,,,,,,,,,
Dorozsmai & Toonen (2022),DT22-M14,2024,SeBa,SSE,DT22,https://ui.adsabs.harvard.edu/abs/2022arXiv220708837D/abstract,315,75,αCE×λ = 0.05 (combined; α not stated separately in paper),0.7,pessimistic,standard,variable (SeBa internal structural; αCE×λ=0.05 effective),Farmer et al. (2019),zeta prescription,F12 delayed,1,isotropic re-emission; γ parameter varies per model (see gamma column),True,1,alpha*lambda = 0.05,No (pessimistic; SeBa cemergeflag equivalent),de Jager et al. (1988); Vink et al. (2000) for hot stars; Hamann et al. (1995) for WR stars; metallicity-scaled; SeBa (Toonen et al. 2012),Hut (1981) equilibrium tides; SeBa includes tidal synchronization and circularization,Fryer et al. (2012) delayed; gravitational mass from CO core mass,Kroupa (2001) broken power-law; M1: 3–100 M☉,Flat-in-log (Öpik 1924); 1–10⁶ R☉,"Flat in q = M2/M1; q ∈ (0, 1] (Duchêne &amp; Kraus 2013)",1.0 (all stars assumed to be in binaries for this mass range),Solar metallicity (Z = 0.02) only; single-metallicity study,Not applicable (single-metallicity; no cosmic rate calculation in paper),3.0 (SeBa default; Fryer et al. 2012 delayed),"75 (Verbunt, Igoshev &amp; Cator 2017 bimodal; same as σ_strippedSN; σ₁=75 weight=0.42, σ₂=315 weight=0.58)",93.100000000000,0.000000000000,0.000000000000,0.000000000000,0.000000000000,0.000000000000,0.000000000000,0.000000000000,0.787325456500,0.212674543460,,,,,,,,,,,,,,,,,,,,
Dorozsmai & Toonen (2022),DT22-M15,2024,SeBa,SSE,DT22,https://ui.adsabs.harvard.edu/abs/2022arXiv220708837D/abstract,315,75,αCE×λ = 0.05 (combined; α not stated separately in paper),0.3,pessimistic,standard,variable (SeBa internal structural; αCE×λ=0.05 effective),Farmer et al. (2019),zeta prescription,F12 delayed,1,isotropic re-emission; γ parameter varies per model (see gamma column),True,1,alpha*lambda = 0.05,No (pessimistic; SeBa cemergeflag equivalent),de Jager et al. (1988); Vink et al. (2000) for hot stars; Hamann et al. (1995) for WR stars; metallicity-scaled; SeBa (Toonen et al. 2012),Hut (1981) equilibrium tides; SeBa includes tidal synchronization and circularization,Fryer et al. (2012) delayed; gravitational mass from CO core mass,Kroupa (2001) broken power-law; M1: 3–100 M☉,Flat-in-log (Öpik 1924); 1–10⁶ R☉,"Flat in q = M2/M1; q ∈ (0, 1] (Duchêne &amp; Kraus 2013)",1.0 (all stars assumed to be in binaries for this mass range),Solar metallicity (Z = 0.02) only; single-metallicity study,Not applicable (single-metallicity; no cosmic rate calculation in paper),3.0 (SeBa default; Fryer et al. 2012 delayed),"75 (Verbunt, Igoshev &amp; Cator 2017 bimodal; same as σ_strippedSN; σ₁=75 weight=0.42, σ₂=315 weight=0.58)",89.600000000000,0.000000000000,0.000000000000,0.000000000000,0.000000000000,0.000000000000,0.000000000000,0.000000000000,0.511160714300,0.488839285690,,,,,,,,,,,,,,,,,,,,
Dorozsmai & Toonen (2022),DT22-M16,2024,SeBa,SSE,DT22,https://ui.adsabs.harvard.edu/abs/2022arXiv220708837D/abstract,315,75,αCE×λ = 0.05 (combined; α not stated separately in paper),0.7,pessimistic,standard,variable (SeBa internal structural; αCE×λ=0.05 effective),Farmer et al. (2019),zeta prescription,F12 delayed,1,isotropic re-emission; γ parameter varies per model (see gamma column),True,1,alpha*lambda = 0.05,No (pessimistic; SeBa cemergeflag equivalent),de Jager et al. (1988); Vink et al. (2000) for hot stars; Hamann et al. (1995) for WR stars; metallicity-scaled; SeBa (Toonen et al. 2012),Hut (1981) equilibrium tides; SeBa includes tidal synchronization and circularization,Fryer et al. (2012) delayed; gravitational mass from CO core mass,Kroupa (2001) broken power-law; M1: 3–100 M☉,Flat-in-log (Öpik 1924); 1–10⁶ R☉,"Flat in q = M2/M1; q ∈ (0, 1] (Duchêne &amp; Kraus 2013)",1.0 (all stars assumed to be in binaries for this mass range),Solar metallicity (Z = 0.02) only; single-metallicity study,Not applicable (single-metallicity; no cosmic rate calculation in paper),3.0 (SeBa default; Fryer et al. 2012 delayed),"75 (Verbunt, Igoshev &amp; Cator 2017 bimodal; same as σ_strippedSN; σ₁=75 weight=0.42, σ₂=315 weight=0.58)",101.700000000000,0.000000000000,0.000000000000,0.000000000000,0.000000000000,0.000000000000,0.000000000000,0.000000000000,0.747295968500,0.252704031515,,,,,,,,,,,,,,,,,,,,
Dorozsmai & Toonen (2022),DT22-M2,2024,SeBa,SSE,DT22,https://ui.adsabs.harvard.edu/abs/2022arXiv220708837D/abstract,315,75,αCE×λ = 0.05 (combined; α not stated separately in paper),0.7,pessimistic,standard,variable (SeBa internal structural; αCE×λ=0.05 effective),Farmer et al. (2019),zeta prescription,F12 delayed,2.5,isotropic re-emission; γ parameter varies per model (see gamma column),True,1,alpha*lambda = 0.05,No (pessimistic; SeBa cemergeflag equivalent),de Jager et al. (1988); Vink et al. (2000) for hot stars; Hamann et al. (1995) for WR stars; metallicity-scaled; SeBa (Toonen et al. 2012),Hut (1981) equilibrium tides; SeBa includes tidal synchronization and circularization,Fryer et al. (2012) delayed; gravitational mass from CO core mass,Kroupa (2001) broken power-law; M1: 3–100 M☉,Flat-in-log (Öpik 1924); 1–10⁶ R☉,"Flat in q = M2/M1; q ∈ (0, 1] (Duchêne &amp; Kraus 2013)",1.0 (all stars assumed to be in binaries for this mass range),Solar metallicity (Z = 0.02) only; single-metallicity study,Not applicable (single-metallicity; no cosmic rate calculation in paper),3.0 (SeBa default; Fryer et al. 2012 delayed),"75 (Verbunt, Igoshev &amp; Cator 2017 bimodal; same as σ_strippedSN; σ₁=75 weight=0.42, σ₂=315 weight=0.58)",26.400000000000,0.000000000000,0.000000000000,0.000000000000,0.000000000000,0.000000000000,0.000000000000,0.000000000000,0.386363636400,0.613636363600,,,,,,,,,,,,,,,,,,,,
Dorozsmai & Toonen (2022),DT22-M3,2024,SeBa,SSE,DT22,https://ui.adsabs.harvard.edu/abs/2022arXiv220708837D/abstract,315,75,αCE×λ = 0.05 (combined; α not stated separately in paper),0.3,pessimistic,standard,variable (SeBa internal structural; αCE×λ=0.05 effective),Farmer et al. (2019),zeta prescription,F12 delayed,2.5,isotropic re-emission; γ parameter varies per model (see gamma column),True,1,alpha*lambda = 0.05,No (pessimistic; SeBa cemergeflag equivalent),de Jager et al. (1988); Vink et al. (2000) for hot stars; Hamann et al. (1995) for WR stars; metallicity-scaled; SeBa (Toonen et al. 2012),Hut (1981) equilibrium tides; SeBa includes tidal synchronization and circularization,Fryer et al. (2012) delayed; gravitational mass from CO core mass,Kroupa (2001) broken power-law; M1: 3–100 M☉,Flat-in-log (Öpik 1924); 1–10⁶ R☉,"Flat in q = M2/M1; q ∈ (0, 1] (Duchêne &amp; Kraus 2013)",1.0 (all stars assumed to be in binaries for this mass range),Solar metallicity (Z = 0.02) only; single-metallicity study,Not applicable (single-metallicity; no cosmic rate calculation in paper),3.0 (SeBa default; Fryer et al. 2012 delayed),"75 (Verbunt, Igoshev &amp; Cator 2017 bimodal; same as σ_strippedSN; σ₁=75 weight=0.42, σ₂=315 weight=0.58)",19.100000000000,0.000000000000,0.000000000000,0.000000000000,0.000000000000,0.000000000000,0.000000000000,0.000000000000,0.701570680600,0.298429319360,,,,,,,,,,,,,,,,,,,,
Dorozsmai & Toonen (2022),DT22-M4,2024,SeBa,SSE,DT22,https://ui.adsabs.harvard.edu/abs/2022arXiv220708837D/abstract,315,75,αCE×λ = 0.05 (combined; α not stated separately in paper),0.7,pessimistic,standard,variable (SeBa internal structural; αCE×λ=0.05 effective),Farmer et al. (2019),zeta prescription,F12 delayed,2.5,isotropic re-emission; γ parameter varies per model (see gamma column),True,1,alpha*lambda = 0.05,No (pessimistic; SeBa cemergeflag equivalent),de Jager et al. (1988); Vink et al. (2000) for hot stars; Hamann et al. (1995) for WR stars; metallicity-scaled; SeBa (Toonen et al. 2012),Hut (1981) equilibrium tides; SeBa includes tidal synchronization and circularization,Fryer et al. (2012) delayed; gravitational mass from CO core mass,Kroupa (2001) broken power-law; M1: 3–100 M☉,Flat-in-log (Öpik 1924); 1–10⁶ R☉,"Flat in q = M2/M1; q ∈ (0, 1] (Duchêne &amp; Kraus 2013)",1.0 (all stars assumed to be in binaries for this mass range),Solar metallicity (Z = 0.02) only; single-metallicity study,Not applicable (single-metallicity; no cosmic rate calculation in paper),3.0 (SeBa default; Fryer et al. 2012 delayed),"75 (Verbunt, Igoshev &amp; Cator 2017 bimodal; same as σ_strippedSN; σ₁=75 weight=0.42, σ₂=315 weight=0.58)",21.000000000000,0.000000000000,0.000000000000,0.000000000000,0.000000000000,0.000000000000,0.000000000000,0.000000000000,0.433333333300,0.566666666660,,,,,,,,,,,,,,,,,,,,
Dorozsmai & Toonen (2022),DT22-M5,2024,SeBa,SSE,DT22,https://ui.adsabs.harvard.edu/abs/2022arXiv220708837D/abstract,315,75,αCE×λ = 0.05 (combined; α not stated separately in paper),0.3,pessimistic,standard,variable (SeBa internal structural; αCE×λ=0.05 effective),Farmer et al. (2019),zeta prescription,F12 delayed,2.5,isotropic re-emission; γ parameter varies per model (see gamma column),True,1,alpha*lambda = 0.05,No (pessimistic; SeBa cemergeflag equivalent),de Jager et al. (1988); Vink et al. (2000) for hot stars; Hamann et al. (1995) for WR stars; metallicity-scaled; SeBa (Toonen et al. 2012),Hut (1981) equilibrium tides; SeBa includes tidal synchronization and circularization,Fryer et al. (2012) delayed; gravitational mass from CO core mass,Kroupa (2001) broken power-law; M1: 3–100 M☉,Flat-in-log (Öpik 1924); 1–10⁶ R☉,"Flat in q = M2/M1; q ∈ (0, 1] (Duchêne &amp; Kraus 2013)",1.0 (all stars assumed to be in binaries for this mass range),Solar metallicity (Z = 0.02) only; single-metallicity study,Not applicable (single-metallicity; no cosmic rate calculation in paper),3.0 (SeBa default; Fryer et al. 2012 delayed),"75 (Verbunt, Igoshev &amp; Cator 2017 bimodal; same as σ_strippedSN; σ₁=75 weight=0.42, σ₂=315 weight=0.58)",67.300000000000,0.000000000000,0.000000000000,0.000000000000,0.000000000000,0.000000000000,0.000000000000,0.000000000000,0.891530460600,0.108469539370,,,,,,,,,,,,,,,,,,,,
Dorozsmai & Toonen (2022),DT22-M6,2024,SeBa,SSE,DT22,https://ui.adsabs.harvard.edu/abs/2022arXiv220708837D/abstract,315,75,αCE×λ = 0.05 (combined; α not stated separately in paper),0.7,pessimistic,standard,variable (SeBa internal structural; αCE×λ=0.05 effective),Farmer et al. (2019),zeta prescription,F12 delayed,2.5,isotropic re-emission; γ parameter varies per model (see gamma column),True,1,alpha*lambda = 0.05,No (pessimistic; SeBa cemergeflag equivalent),de Jager et al. (1988); Vink et al. (2000) for hot stars; Hamann et al. (1995) for WR stars; metallicity-scaled; SeBa (Toonen et al. 2012),Hut (1981) equilibrium tides; SeBa includes tidal synchronization and circularization,Fryer et al. (2012) delayed; gravitational mass from CO core mass,Kroupa (2001) broken power-law; M1: 3–100 M☉,Flat-in-log (Öpik 1924); 1–10⁶ R☉,"Flat in q = M2/M1; q ∈ (0, 1] (Duchêne &amp; Kraus 2013)",1.0 (all stars assumed to be in binaries for this mass range),Solar metallicity (Z = 0.02) only; single-metallicity study,Not applicable (single-metallicity; no cosmic rate calculation in paper),3.0 (SeBa default; Fryer et al. 2012 delayed),"75 (Verbunt, Igoshev &amp; Cator 2017 bimodal; same as σ_strippedSN; σ₁=75 weight=0.42, σ₂=315 weight=0.58)",100.900000000000,0.000000000000,0.000000000000,0.000000000000,0.000000000000,0.000000000000,0.000000000000,0.000000000000,0.881070366700,0.118929633310,,,,,,,,,,,,,,,,,,,,
Dorozsmai & Toonen (2022),DT22-M7,2024,SeBa,SSE,DT22,https://ui.adsabs.harvard.edu/abs/2022arXiv220708837D/abstract,315,75,αCE×λ = 0.05 (combined; α not stated separately in paper),0.3,pessimistic,standard,variable (SeBa internal structural; αCE×λ=0.05 effective),Farmer et al. (2019),zeta prescription,F12 delayed,2.5,isotropic re-emission; γ parameter varies per model (see gamma column),True,1,alpha*lambda = 0.05,No (pessimistic; SeBa cemergeflag equivalent),de Jager et al. (1988); Vink et al. (2000) for hot stars; Hamann et al. (1995) for WR stars; metallicity-scaled; SeBa (Toonen et al. 2012),Hut (1981) equilibrium tides; SeBa includes tidal synchronization and circularization,Fryer et al. (2012) delayed; gravitational mass from CO core mass,Kroupa (2001) broken power-law; M1: 3–100 M☉,Flat-in-log (Öpik 1924); 1–10⁶ R☉,"Flat in q = M2/M1; q ∈ (0, 1] (Duchêne &amp; Kraus 2013)",1.0 (all stars assumed to be in binaries for this mass range),Solar metallicity (Z = 0.02) only; single-metallicity study,Not applicable (single-metallicity; no cosmic rate calculation in paper),3.0 (SeBa default; Fryer et al. 2012 delayed),"75 (Verbunt, Igoshev &amp; Cator 2017 bimodal; same as σ_strippedSN; σ₁=75 weight=0.42, σ₂=315 weight=0.58)",59.500000000000,0.000000000000,0.000000000000,0.000000000000,0.000000000000,0.000000000000,0.000000000000,0.000000000000,0.905882352900,0.094117647060,,,,,,,,,,,,,,,,,,,,
Dorozsmai & Toonen (2022),DT22-M8,2024,SeBa,SSE,DT22,https://ui.adsabs.harvard.edu/abs/2022arXiv220708837D/abstract,315,75,αCE×λ = 0.05 (combined; α not stated separately in paper),0.7,pessimistic,standard,variable (SeBa internal structural; αCE×λ=0.05 effective),Farmer et al. (2019),zeta prescription,F12 delayed,2.5,isotropic re-emission; γ parameter varies per model (see gamma column),True,1,alpha*lambda = 0.05,No (pessimistic; SeBa cemergeflag equivalent),de Jager et al. (1988); Vink et al. (2000) for hot stars; Hamann et al. (1995) for WR stars; metallicity-scaled; SeBa (Toonen et al. 2012),Hut (1981) equilibrium tides; SeBa includes tidal synchronization and circularization,Fryer et al. (2012) delayed; gravitational mass from CO core mass,Kroupa (2001) broken power-law; M1: 3–100 M☉,Flat-in-log (Öpik 1924); 1–10⁶ R☉,"Flat in q = M2/M1; q ∈ (0, 1] (Duchêne &amp; Kraus 2013)",1.0 (all stars assumed to be in binaries for this mass range),Solar metallicity (Z = 0.02) only; single-metallicity study,Not applicable (single-metallicity; no cosmic rate calculation in paper),3.0 (SeBa default; Fryer et al. 2012 delayed),"75 (Verbunt, Igoshev &amp; Cator 2017 bimodal; same as σ_strippedSN; σ₁=75 weight=0.42, σ₂=315 weight=0.58)",88.300000000000,0.000000000000,0.000000000000,0.000000000000,0.000000000000,0.000000000000,0.000000000000,0.000000000000,0.876557191400,0.123442808594,,,,,,,,,,,,,,,,,,,,
Dorozsmai & Toonen (2022),DT22-M9,2024,SeBa,SSE,DT22,https://ui.adsabs.harvard.edu/abs/2022arXiv220708837D/abstract,315,75,αCE×λ = 0.05 (combined; α not stated separately in paper),0.3,pessimistic,standard,variable (SeBa internal structural; αCE×λ=0.05 effective),Farmer et al. (2019),zeta prescription,F12 delayed,1,isotropic re-emission; γ parameter varies per model (see gamma column),True,1,alpha*lambda = 0.05,No (pessimistic; SeBa cemergeflag equivalent),de Jager et al. (1988); Vink et al. (2000) for hot stars; Hamann et al. (1995) for WR stars; metallicity-scaled; SeBa (Toonen et al. 2012),Hut (1981) equilibrium tides; SeBa includes tidal synchronization and circularization,Fryer et al. (2012) delayed; gravitational mass from CO core mass,Kroupa (2001) broken power-law; M1: 3–100 M☉,Flat-in-log (Öpik 1924); 1–10⁶ R☉,"Flat in q = M2/M1; q ∈ (0, 1] (Duchêne &amp; Kraus 2013)",1.0 (all stars assumed to be in binaries for this mass range),Solar metallicity (Z = 0.02) only; single-metallicity study,Not applicable (single-metallicity; no cosmic rate calculation in paper),3.0 (SeBa default; Fryer et al. 2012 delayed),"75 (Verbunt, Igoshev &amp; Cator 2017 bimodal; same as σ_strippedSN; σ₁=75 weight=0.42, σ₂=315 weight=0.58)",33.400000000000,0.000000000000,0.000000000000,0.000000000000,0.000000000000,0.000000000000,0.000000000000,0.000000000000,0.065868263470,0.934131736600,,,,,,,,,,,,,,,,,,,,
Hendriks et al. (2023),Hendriks23,2023,binary c,SSE,Hen23,https://arxiv.org/pdf/2309.09339,265,30,1,non-conservative (Eddington-limited onto BH),pessimistic,standard,variable (de Kool 1990 / Claeys et al. 2014),Farmer et al. (2019),$q_{\rm{c}}$,delayed,specific AM of accretor (binary_c / Hurley et al. 2002 default),specific AM of accretor,TRUE,1,αCE=1.0; standard CE energy formalism; binary_c (Izzard et al. 2004) defaults,No (pessimistic; binary_c default),"Vink et al. (2000a,b) hot stars; de Jager et al. (1988) cool stars; Nugis &amp; Lamers (2000) WR; metallicity-scaled; binary_c framework",Hurley et al. (2002) BSE equilibrium tides; binary_c includes tidal synchronization,Fryer et al. (2012) delayed; binary_c (Izzard et al. 2004/2006) remnant mass scheme,Kroupa (2001) broken power-law; M1: 5–100 M☉,Sana et al. (2012) period distribution,Uniform in q = M2/M1 (Sana et al. 2012),0.7 (Sana et al. 2012),Z = 10⁻⁴ to 0.03; multiple metallicity bins; re-weighted for cosmic rate,Madau &amp; Dickinson (2014) SFRD; metallicity evolution; binary_c framework,2.5 (binary_c default),30 (low kick for ECSN; binary_c),25.000000000000,0.000000000000,0.000000000000,0.000000000000,0.000000000000,0.000000000000,0.000000000000,0.000000000000,0.400000000000,0.600000000000,,,,,,,,,,,,,,,,,,,,
Li et al. (2025),Li25-a,2025,MOBSE,SSE,Li25,https://arxiv.org/abs/2510.08231v1,265,30,1,non-conservative (Eddington-limited onto BH; 10x thermal rate for stellar accretor),pessimistic,standard,"Nanjing (Dominik et al. 2012; Xu & Li 2010a,b)",Farmer et al. (2019),$q_{\rm{c}}$,F12 delayed,-1,non-conservative MT mass lost with specific orbital AM of accreting star (Hurley et al. 2002),TRUE,1,αCE varies; pessimistic CE (HG donors fail); MOBSE/BSE framework (Giacobbo &amp; Mapelli 2018),No (pessimistic; MOBSE default; HG donors do not survive CE),"Vink et al. (2000a,b) hot stars; de Jager et al. (1988) cool stars; Belczynski et al. (2010) WR winds; Giacobbo et al. (2018) metallicity-scaled; MOBSE framework",Hurley et al. (2002) BSE equilibrium tides (Hut 1981); MOBSE inherits BSE tidal prescription,Fryer et al. (2012) delayed; Giacobbo &amp; Mapelli (2020) kick-mass scaling; baryonic-to-gravitational mass conversion included,Kroupa (2001) broken power-law; M1: 5–150 M☉,Flat-in-log (Öpik 1924); MOBSE default,Flat in q = M2/M1 (MOBSE / Giacobbo &amp; Mapelli 2018 default),0.5 (MOBSE default; Giacobbo &amp; Mapelli 2018),Z = 4×10⁻⁴ to 2×10⁻² (7 metallicity values); re-weighted for cosmic rate (Giacobbo &amp; Mapelli 2018),Madau &amp; Dickinson (2014) SFRD; metallicity evolution from Madau &amp; Fragos (2017); Giacobbo &amp; Mapelli (2018) framework,2.5 (MOBSE / Giacobbo &amp; Mapelli 2018 default),30 (low kick; MOBSE applies Giacobbo &amp; Mapelli 2020 prescription for stripped/ECSN),36,0.1194444444,0.000000000000,0.000000000000,0.000000000000,0.000000000000,0.000000000000,0.000000000000,0.258333333300,0.741666666700,,,,,,,,,,,,,,,,,,,,
Li et al. (2025),Li25-b,2025,MOBSE,SSE,Li25,https://arxiv.org/abs/2510.08231v1,265,30,1,non-conservative (Eddington-limited onto BH; 10x thermal rate for stellar accretor),pessimistic,standard,"Nanjing (Dominik et al. 2012; Xu & Li 2010a,b)",Farmer et al. (2019),$q_{\rm{c}}$,F12 delayed,-2,non-conservative MT mass lost with specific orbital AM of accreting star (Hurley et al. 2002),TRUE,1,αCE varies; pessimistic CE (HG donors fail); MOBSE/BSE framework (Giacobbo &amp; Mapelli 2018),No (pessimistic; MOBSE default; HG donors do not survive CE),"Vink et al. (2000a,b) hot stars; de Jager et al. (1988) cool stars; Belczynski et al. (2010) WR winds; Giacobbo et al. (2018) metallicity-scaled; MOBSE framework",Hurley et al. (2002) BSE equilibrium tides (Hut 1981); MOBSE inherits BSE tidal prescription,Fryer et al. (2012) delayed; Giacobbo &amp; Mapelli (2020) kick-mass scaling; baryonic-to-gravitational mass conversion included,Kroupa (2001) broken power-law; M1: 5–150 M☉,Flat-in-log (Öpik 1924); MOBSE default,Flat in q = M2/M1 (MOBSE / Giacobbo &amp; Mapelli 2018 default),0.5 (MOBSE default; Giacobbo &amp; Mapelli 2018),Z = 4×10⁻⁴ to 2×10⁻² (7 metallicity values); re-weighted for cosmic rate (Giacobbo &amp; Mapelli 2018),Madau &amp; Dickinson (2014) SFRD; metallicity evolution from Madau &amp; Fragos (2017); Giacobbo &amp; Mapelli (2018) framework,2.5 (MOBSE / Giacobbo &amp; Mapelli 2018 default),30 (low kick; MOBSE applies Giacobbo &amp; Mapelli 2020 prescription for stripped/ECSN),24,0.2458333333,0.000000000000,0.000000000000,0.000000000000,0.000000000000,0.000000000000,0.000000000000,0.358333333300,0.641666666700,,,,,,,,,,,,,,,,,,,,
Li et al. (2025),Li25-c,2025,MOBSE,SSE,Li25,https://arxiv.org/abs/2510.08231v1,265,30,0.5,non-conservative (Eddington-limited onto BH; 10x thermal rate for stellar accretor),pessimistic,standard,"Nanjing (Dominik et al. 2012; Xu & Li 2010a,b)",Farmer et al. (2019),$q_{\rm{c}}$,F12 delayed,-1,non-conservative MT mass lost with specific orbital AM of accreting star (Hurley et al. 2002),TRUE,1,αCE varies; pessimistic CE (HG donors fail); MOBSE/BSE framework (Giacobbo &amp; Mapelli 2018),No (pessimistic; MOBSE default; HG donors do not survive CE),"Vink et al. (2000a,b) hot stars; de Jager et al. (1988) cool stars; Belczynski et al. (2010) WR winds; Giacobbo et al. (2018) metallicity-scaled; MOBSE framework",Hurley et al. (2002) BSE equilibrium tides (Hut 1981); MOBSE inherits BSE tidal prescription,Fryer et al. (2012) delayed; Giacobbo &amp; Mapelli (2020) kick-mass scaling; baryonic-to-gravitational mass conversion included,Kroupa (2001) broken power-law; M1: 5–150 M☉,Flat-in-log (Öpik 1924); MOBSE default,Flat in q = M2/M1 (MOBSE / Giacobbo &amp; Mapelli 2018 default),0.5 (MOBSE default; Giacobbo &amp; Mapelli 2018),Z = 4×10⁻⁴ to 2×10⁻² (7 metallicity values); re-weighted for cosmic rate (Giacobbo &amp; Mapelli 2018),Madau &amp; Dickinson (2014) SFRD; metallicity evolution from Madau &amp; Fragos (2017); Giacobbo &amp; Mapelli (2018) framework,2.5 (MOBSE / Giacobbo &amp; Mapelli 2018 default),30 (low kick; MOBSE applies Giacobbo &amp; Mapelli 2020 prescription for stripped/ECSN),37.2,0.1612903226,0.000000000000,0.000000000000,0.000000000000,0.000000000000,0.000000000000,0.000000000000,0.352150537700,0.647849462400,,,,,,,,,,,,,,,,,,,,
Li et al. (2025),Li25-d,2025,MOBSE,SSE,Li25,https://arxiv.org/abs/2510.08231v1,265,30,2,non-conservative (Eddington-limited onto BH; 10x thermal rate for stellar accretor),pessimistic,standard,"Nanjing (Dominik et al. 2012; Xu & Li 2010a,b)",Farmer et al. (2019),$q_{\rm{c}}$,F12 delayed,-1,non-conservative MT mass lost with specific orbital AM of accreting star (Hurley et al. 2002),TRUE,1,αCE varies; pessimistic CE (HG donors fail); MOBSE/BSE framework (Giacobbo &amp; Mapelli 2018),No (pessimistic; MOBSE default; HG donors do not survive CE),"Vink et al. (2000a,b) hot stars; de Jager et al. (1988) cool stars; Belczynski et al. (2010) WR winds; Giacobbo et al. (2018) metallicity-scaled; MOBSE framework",Hurley et al. (2002) BSE equilibrium tides (Hut 1981); MOBSE inherits BSE tidal prescription,Fryer et al. (2012) delayed; Giacobbo &amp; Mapelli (2020) kick-mass scaling; baryonic-to-gravitational mass conversion included,Kroupa (2001) broken power-law; M1: 5–150 M☉,Flat-in-log (Öpik 1924); MOBSE default,Flat in q = M2/M1 (MOBSE / Giacobbo &amp; Mapelli 2018 default),0.5 (MOBSE default; Giacobbo &amp; Mapelli 2018),Z = 4×10⁻⁴ to 2×10⁻² (7 metallicity values); re-weighted for cosmic rate (Giacobbo &amp; Mapelli 2018),Madau &amp; Dickinson (2014) SFRD; metallicity evolution from Madau &amp; Fragos (2017); Giacobbo &amp; Mapelli (2018) framework,2.5 (MOBSE / Giacobbo &amp; Mapelli 2018 default),30 (low kick; MOBSE applies Giacobbo &amp; Mapelli 2020 prescription for stripped/ECSN),55.6,0.1079136691,0.000000000000,0.000000000000,0.000000000000,0.000000000000,0.000000000000,0.000000000000,0.235611510800,0.764388489200,,,,,,,,,,,,,,,,,,,,
Li et al. (2025),Li25-e,2025,MOBSE,SSE,Li25,https://arxiv.org/abs/2510.08231v1,265,30,1,non-conservative (Eddington-limited onto BH; 10x thermal rate for stellar accretor),pessimistic,standard,"Nanjing (Dominik et al. 2012; Xu & Li 2010a,b)",Farmer et al. (2019),$q_{\rm{c}}$,F12 delayed,-1,non-conservative MT mass lost with specific orbital AM of accreting star (Hurley et al. 2002),TRUE,0.5,αCE varies; pessimistic CE (HG donors fail); MOBSE/BSE framework (Giacobbo &amp; Mapelli 2018),No (pessimistic; MOBSE default; HG donors do not survive CE),"Vink et al. (2000a,b) hot stars; de Jager et al. (1988) cool stars; Belczynski et al. (2010) WR winds; Giacobbo et al. (2018) metallicity-scaled; MOBSE framework",Hurley et al. (2002) BSE equilibrium tides (Hut 1981); MOBSE inherits BSE tidal prescription,Fryer et al. (2012) delayed; Giacobbo &amp; Mapelli (2020) kick-mass scaling; baryonic-to-gravitational mass conversion included,Kroupa (2001) broken power-law; M1: 5–150 M☉,Flat-in-log (Öpik 1924); MOBSE default,Flat in q = M2/M1 (MOBSE / Giacobbo &amp; Mapelli 2018 default),0.5 (MOBSE default; Giacobbo &amp; Mapelli 2018),Z = 4×10⁻⁴ to 2×10⁻² (7 metallicity values); re-weighted for cosmic rate (Giacobbo &amp; Mapelli 2018),Madau &amp; Dickinson (2014) SFRD; metallicity evolution from Madau &amp; Fragos (2017); Giacobbo &amp; Mapelli (2018) framework,2.5 (MOBSE / Giacobbo &amp; Mapelli 2018 default),30 (low kick; MOBSE applies Giacobbo &amp; Mapelli 2020 prescription for stripped/ECSN),87.2,0.02178899083,0.000000000000,0.000000000000,0.000000000000,0.000000000000,0.000000000000,0.000000000000,0.260321100930,0.739678899100,,,,,,,,,,,,,,,,,,,,
Li et al. (2025),Li25-f,2025,MOBSE,SSE,Li25,https://arxiv.org/abs/2510.08231v1,265,30,1,non-conservative (Eddington-limited onto BH; 10x thermal rate for stellar accretor),pessimistic,standard,"Nanjing (Dominik et al. 2012; Xu & Li 2010a,b)",Farmer et al. (2019),$q_{\rm{c}}$,F12 delayed,-1,non-conservative MT mass lost with specific orbital AM of accreting star (Hurley et al. 2002),TRUE,2,αCE varies; pessimistic CE (HG donors fail); MOBSE/BSE framework (Giacobbo &amp; Mapelli 2018),No (pessimistic; MOBSE default; HG donors do not survive CE),"Vink et al. (2000a,b) hot stars; de Jager et al. (1988) cool stars; Belczynski et al. (2010) WR winds; Giacobbo et al. (2018) metallicity-scaled; MOBSE framework",Hurley et al. (2002) BSE equilibrium tides (Hut 1981); MOBSE inherits BSE tidal prescription,Fryer et al. (2012) delayed; Giacobbo &amp; Mapelli (2020) kick-mass scaling; baryonic-to-gravitational mass conversion included,Kroupa (2001) broken power-law; M1: 5–150 M☉,Flat-in-log (Öpik 1924); MOBSE default,Flat in q = M2/M1 (MOBSE / Giacobbo &amp; Mapelli 2018 default),0.5 (MOBSE default; Giacobbo &amp; Mapelli 2018),Z = 4×10⁻⁴ to 2×10⁻² (7 metallicity values); re-weighted for cosmic rate (Giacobbo &amp; Mapelli 2018),Madau &amp; Dickinson (2014) SFRD; metallicity evolution from Madau &amp; Fragos (2017); Giacobbo &amp; Mapelli (2018) framework,2.5 (MOBSE / Giacobbo &amp; Mapelli 2018 default),30 (low kick; MOBSE applies Giacobbo &amp; Mapelli 2020 prescription for stripped/ECSN),15.4,0.07792207792,0.000000000000,0.000000000000,0.000000000000,0.000000000000,0.000000000000,0.000000000000,0.233766233720,0.766233766200,,,,,,,,,,,,,,,,,,,,
Li et al. (2025),Li25-g,2025,MOBSE,SSE,Li25,https://arxiv.org/abs/2510.08231v1,45,30,1,non-conservative (Eddington-limited onto BH; 10x thermal rate for stellar accretor),pessimistic,standard,"Nanjing (Dominik et al. 2012; Xu & Li 2010a,b)",Farmer et al. (2019),$q_{\rm{c}}$,F12 delayed,-1,non-conservative MT mass lost with specific orbital AM of accreting star (Hurley et al. 2002),TRUE,1,αCE varies; pessimistic CE (HG donors fail); MOBSE/BSE framework (Giacobbo &amp; Mapelli 2018),No (pessimistic; MOBSE default; HG donors do not survive CE),"Vink et al. (2000a,b) hot stars; de Jager et al. (1988) cool stars; Belczynski et al. (2010) WR winds; Giacobbo et al. (2018) metallicity-scaled; MOBSE framework",Hurley et al. (2002) BSE equilibrium tides (Hut 1981); MOBSE inherits BSE tidal prescription,Fryer et al. (2012) delayed; Giacobbo &amp; Mapelli (2020) kick-mass scaling; baryonic-to-gravitational mass conversion included,Kroupa (2001) broken power-law; M1: 5–150 M☉,Flat-in-log (Öpik 1924); MOBSE default,Flat in q = M2/M1 (MOBSE / Giacobbo &amp; Mapelli 2018 default),0.5 (MOBSE default; Giacobbo &amp; Mapelli 2018),Z = 4×10⁻⁴ to 2×10⁻² (7 metallicity values); re-weighted for cosmic rate (Giacobbo &amp; Mapelli 2018),Madau &amp; Dickinson (2014) SFRD; metallicity evolution from Madau &amp; Fragos (2017); Giacobbo &amp; Mapelli (2018) framework,2.5 (MOBSE / Giacobbo &amp; Mapelli 2018 default),30 (low kick; MOBSE applies Giacobbo &amp; Mapelli 2020 prescription for stripped/ECSN),16.4,0.06097560976,0.000000000000,0.000000000000,0.000000000000,0.000000000000,0.000000000000,0.000000000000,0.158536585370,0.841463414600,,,,,,,,,,,,,,,,,,,,
Li et al. (2025),Li25-h,2025,MOBSE,SSE,Li25,https://arxiv.org/abs/2510.08231v1,750,30,1,non-conservative (Eddington-limited onto BH),pessimistic,standard,Nanjing,Farmer et al. (2019),$q_{\rm{c}}$,F12 delayed,-1,specific AM of accretor (Hurley et al. 2002),TRUE,1,αCE varies; pessimistic CE (HG donors fail); MOBSE/BSE framework (Giacobbo &amp; Mapelli 2018),No (pessimistic; MOBSE default; HG donors do not survive CE),"Vink et al. (2000a,b) hot stars; de Jager et al. (1988) cool stars; Belczynski et al. (2010) WR winds; Giacobbo et al. (2018) metallicity-scaled; MOBSE framework",Hurley et al. (2002) BSE equilibrium tides (Hut 1981); MOBSE inherits BSE tidal prescription,Fryer et al. (2012) delayed; Giacobbo &amp; Mapelli (2020) kick-mass scaling; baryonic-to-gravitational mass conversion included,Kroupa (2001) broken power-law; M1: 5–150 M☉,Flat-in-log (Öpik 1924); MOBSE default,Flat in q = M2/M1 (MOBSE / Giacobbo &amp; Mapelli 2018 default),0.5 (MOBSE default; Giacobbo &amp; Mapelli 2018),Z = 4×10⁻⁴ to 2×10⁻² (7 metallicity values); re-weighted for cosmic rate (Giacobbo &amp; Mapelli 2018),Madau &amp; Dickinson (2014) SFRD; metallicity evolution from Madau &amp; Fragos (2017); Giacobbo &amp; Mapelli (2018) framework,2.5 (MOBSE / Giacobbo &amp; Mapelli 2018 default),30 (low kick; MOBSE applies Giacobbo &amp; Mapelli 2020 prescription for stripped/ECSN),19.2,0.05208333333,0.000000000000,0.000000000000,0.000000000000,0.000000000000,0.000000000000,0.000000000000,0.312500000030,0.687500000000,,,,,,,,,,,,,,,,,,,,
Li et al. (2025),Li25-i,2025,MOBSE,SSE,Li25,https://arxiv.org/abs/2510.08231v1,265,30,1,non-conservative (Eddington-limited onto BH),pessimistic,standard,Nanjing,Farmer et al. (2019),$q_{\rm{c}}$ Ge,F12 delayed,-1,specific AM of accretor (Hurley et al. 2002),TRUE,1,αCE varies; pessimistic CE (HG donors fail); MOBSE/BSE framework (Giacobbo &amp; Mapelli 2018),No (pessimistic; MOBSE default; HG donors do not survive CE),"Vink et al. (2000a,b) hot stars; de Jager et al. (1988) cool stars; Belczynski et al. (2010) WR winds; Giacobbo et al. (2018) metallicity-scaled; MOBSE framework",Hurley et al. (2002) BSE equilibrium tides (Hut 1981); MOBSE inherits BSE tidal prescription,Fryer et al. (2012) delayed; Giacobbo &amp; Mapelli (2020) kick-mass scaling; baryonic-to-gravitational mass conversion included,Kroupa (2001) broken power-law; M1: 5–150 M☉,Flat-in-log (Öpik 1924); MOBSE default,Flat in q = M2/M1 (MOBSE / Giacobbo &amp; Mapelli 2018 default),0.5 (MOBSE default; Giacobbo &amp; Mapelli 2018),Z = 4×10⁻⁴ to 2×10⁻² (7 metallicity values); re-weighted for cosmic rate (Giacobbo &amp; Mapelli 2018),Madau &amp; Dickinson (2014) SFRD; metallicity evolution from Madau &amp; Fragos (2017); Giacobbo &amp; Mapelli (2018) framework,2.5 (MOBSE / Giacobbo &amp; Mapelli 2018 default),30 (low kick; MOBSE applies Giacobbo &amp; Mapelli 2020 prescription for stripped/ECSN),96.6,0.04347826087,0.000000000000,0.000000000000,0.000000000000,0.000000000000,0.000000000000,0.000000000000,0.965838509270,0.034161490680,,,,,,,,,,,,,,,,,,,,
Olejak et al. (2021),Olejak21-M380 (fiducial),2021,StarTrack,SSE,OL21,https://ui.adsabs.harvard.edu/abs/2021A%26A...651A.100O/abstract,265,265,1,0.5,pessimistic,standard,Nanjing-style (Dominik et al. 2012; StarTrack polynomial fits),Farmer et al. (2019) / Belczynski et al. (2016) StarTrack PISN prescription,zeta prescription (StarTrack / Belczynski et al. 2008),F12 delayed,specific AM of accretor (Belczynski et al. 2008 / StarTrack),"For non-degenerate accretors, we adopted a 50% nonconservative RLOF (Meurs &amp; van den Heuvel 1989; Vinciguerra et al. 2020) with a fraction of the lost donor mass accreted onto the companion (fa = 0.5), and the rest of the mass (1 − fa), leaving the system together with part of the donor and orbital angular momentum (see Sect. 3.4 of Belczynski et al. 2008). We use 5% Bondi-Hoyle rate accretion onto the compact object during the CE phase (Ricker &amp; Taam 2008; MacLeod &amp; Ramirez-Ruiz 2015; MacLeod et al. 2017).","We applied procedures for accretion onto a compact object during stable RLOF and from stellar winds, based on the analytic approximations described in King et al. (2001) and Mondal et al. (2020).",1,αCE=1.0; standard energy formalism (Webbink 1984); StarTrack,No (pessimistic; Dominik et al. 2012),"Vink et al. (2000a,b, 2001) hot stars; de Jager et al. (1988) cool stars; Hamann et al. (1995) WR; LBV enhanced winds; metallicity-scaled (Belczynski et al. 2010)",Hurley et al. (2002) BSE equilibrium tides (Hut 1981); tidal synchronization and circularization included,Fryer et al. (2012) delayed; rapid fallback for MCO&gt;7.6 M☉,Kroupa et al. (1993) broken power-law; M1: 5–150 M☉,Flat-in-log (Öpik 1924); a: 2–10⁵ R☉,"Flat in q = M2/M1; q ∈ [0, 1] (Kobulnicky &amp; Fryer 2007)",0.5 (StarTrack default),Z = 0.0002 to 0.02 (8 metallicity bins); solar Z=0.02,Strolger et al. (2004) / Madau &amp; Dickinson (2014) SFRD; metallicity evolution (Pei et al. 1999),2.5 (StarTrack default),265 (StarTrack applies full Hobbs 2005 kicks to all CCSNe including stripped),61.700000000000,0.000000000000,0.004862236629,0.000000000000,0.855753646677,0.000000000000,0.032414910859,0.000000000000,0.004862236629,0.888168557536,13.10000000000,0.000000000000,0.00000000000,0.00000000000,0.00000000000,0.00000000000,0.00000000000,0.00000000000,0.00000000000,0.77099236641,,,,,,,,,,
Olejak et al. (2021),Olejak21-M480 (changedCEcriteria),2021,StarTrack,SSE,OL21,https://ui.adsabs.harvard.edu/abs/2021A%26A...651A.100O/abstract,265,265,1,0.5,pessimistic,standard,Nanjing-style (Dominik et al. 2012; StarTrack polynomial fits),Farmer et al. (2019) / Belczynski et al. (2016) StarTrack PISN prescription,new type of stability based on Pavlovskii et al. (2017),F12 delayed,specific AM of accretor (Belczynski et al. 2008 / StarTrack),"For non-degenerate accretors, we adopted a 50% nonconservative RLOF (Meurs &amp; van den Heuvel 1989; Vinciguerra et al. 2020) with a fraction of the lost donor mass accreted onto the companion (fa = 0.5), and the rest of the mass (1 − fa), leaving the system together with part of the donor and orbital angular momentum (see Sect. 3.4 of Belczynski et al. 2008). We use 5% Bondi-Hoyle rate accretion onto the compact object during the CE phase (Ricker &amp; Taam 2008; MacLeod &amp; Ramirez-Ruiz 2015; MacLeod et al. 2017).","We applied procedures for accretion onto a compact object during stable RLOF and from stellar winds, based on the analytic approximations described in King et al. (2001) and Mondal et al. (2020).",1,αCE=1.0; standard energy formalism (Webbink 1984); StarTrack,No (pessimistic; Dominik et al. 2012),"Vink et al. (2000a,b, 2001) hot stars; de Jager et al. (1988) cool stars; Hamann et al. (1995) WR; LBV enhanced winds; metallicity-scaled (Belczynski et al. 2010)",Hurley et al. (2002) BSE equilibrium tides (Hut 1981); tidal synchronization and circularization included,Fryer et al. (2012) delayed; rapid fallback for MCO&gt;7.6 M☉,Kroupa et al. (1993) broken power-law; M1: 5–150 M☉,Flat-in-log (Öpik 1924); a: 2–10⁵ R☉,"Flat in q = M2/M1; q ∈ [0, 1] (Kobulnicky &amp; Fryer 2007)",0.5 (StarTrack default),Z = 0.0002 to 0.02 (8 metallicity bins); solar Z=0.02,Strolger et al. (2004) / Madau &amp; Dickinson (2014) SFRD; metallicity evolution (Pei et al. 1999),2.5 (StarTrack default),265 (StarTrack applies full Hobbs 2005 kicks to all CCSNe including stripped),88.400000000000,0.000000000000,0.940045248869,0.000000000000,0.040723981900,0.000000000000,0.015837104072,0.000000000000,0.940045248869,0.056561085973,15.60000000000,0.000000000000,0.00000000000,0.00000000000,0.00000000000,0.00000000000,0.00000000000,0.00000000000,0.07692307692,0.80769230769,,,,,,,,,,
Olejak et al. (2021),Olejak21-M481 (changedCEcriteria+switch),2021,StarTrack,SSE,OL21,https://ui.adsabs.harvard.edu/abs/2021A%26A...651A.100O/abstract,265,265,1,0.5,pessimistic,standard,Nanjing-style (Dominik et al. 2012; StarTrack polynomial fits),Farmer et al. (2019) / Belczynski et al. (2016) StarTrack PISN prescription,new type of stability based on Pavlovskii et al. (2017),F12 delayed,specific AM of accretor (Belczynski et al. 2008 / StarTrack),"For non-degenerate accretors, we adopted a 50% nonconservative RLOF (Meurs &amp; van den Heuvel 1989; Vinciguerra et al. 2020) with a fraction of the lost donor mass accreted onto the companion (fa = 0.5), and the rest of the mass (1 − fa), leaving the system together with part of the donor and orbital angular momentum (see Sect. 3.4 of Belczynski et al. 2008). We use 5% Bondi-Hoyle rate accretion onto the compact object during the CE phase (Ricker &amp; Taam 2008; MacLeod &amp; Ramirez-Ruiz 2015; MacLeod et al. 2017).","We applied procedures for accretion onto a compact object during stable RLOF and from stellar winds, based on the analytic approximations described in King et al. (2001) and Mondal et al. (2020).",1,αCE=1.0; standard energy formalism (Webbink 1984); StarTrack,Switched (M481: CE channel switch combined with changed stability criterion),"Vink et al. (2000a,b, 2001) hot stars; de Jager et al. (1988) cool stars; Hamann et al. (1995) WR; LBV enhanced winds; metallicity-scaled (Belczynski et al. 2010)",Hurley et al. (2002) BSE equilibrium tides (Hut 1981); tidal synchronization and circularization included,Fryer et al. (2012) delayed; rapid fallback for MCO&gt;7.6 M☉,Kroupa et al. (1993) broken power-law; M1: 5–150 M☉,Flat-in-log (Öpik 1924); a: 2–10⁵ R☉,"Flat in q = M2/M1; q ∈ [0, 1] (Kobulnicky &amp; Fryer 2007)",0.5 (StarTrack default),Z = 0.0002 to 0.02 (8 metallicity bins); solar Z=0.02,Strolger et al. (2004) / Madau &amp; Dickinson (2014) SFRD; metallicity evolution (Pei et al. 1999),2.5 (StarTrack default),265 (StarTrack applies full Hobbs 2005 kicks to all CCSNe including stripped),17.900000000000,0.000000000000,0.022346368715,0.000000000000,0.865921787709,0.000000000000,0.078212290503,0.000000000000,0.022346368715,0.944134078212,4.10000000000,0.000000000000,0.00000000000,0.00000000000,0.00000000000,0.00000000000,0.00000000000,0.00000000000,0.00000000000,0.73170731707,,,,,,,,,,
Pellouin et al. (2025),Pellouin25,2025,COSMIC,SSE,PE25,https://ui.adsabs.harvard.edu/abs/2025A%26A...693A.283P/abstract,265,20,1,-1,pessimistic,standard,variable (Claeys et al. 2014),pisn=-2 (default BSE treatment),"qcrit (qcflag=5, Neijssel et al. 2019)",F12 rapid,-2,"xi=0.5, gamma=-2; Bondi-Hoyle accretion",TRUE (acc2=1.5),0.5,Fragos et al. (2019); no external energy terms,No (pessimistic; cemergeflag=1; stars without clear core-envelope boundary merge — Belczynski et al. 2008),Corrected BSE winds (windflag=3; Breivik et al. 2020); Reimers η=0.5; hewind=0.5; no Eddington-limited winds (eddlimflag=0),"Hut (1981) / BSE equilibrium tides (tflag=1, ST_tide=1); fprimc_array default",Fryer et al. (2012) rapid + Giacobbo &amp; Mapelli (2020) updates (remnantflag=3); creates NS-BH mass gap; baryonic-to-gravitational conversion: rembar_massloss=0.5,Kroupa (2001) broken power-law; primary masses drawn independently,Sana et al. (2012) period distribution,Uniform in q = M2/M1 (Sana et al. 2012); qmin=-1 flag,0.5 (Sana et al. 2012),Z = 9.5×10⁻⁵ to 0.014; 14 log-spaced bins; super-solar Z=0.028 sampled but excluded from rate; σ=0.2 dex log-normal dispersion at fixed z,"Springel &amp; Hernquist (2003) functional form; parameters from Vangioni et al. (2015): ν=0.178 M☉ Mpc⁻³ yr⁻¹, zm=2, a=2.37, b=1.80; mean Z(z) from Belczynski et al. (2016)",3.0 (mxns=3.0; COSMIC default),20 (sigmadiv=-20; reduced kick for ECSN/USSN/AIC; Giacobbo &amp; Mapelli 2020),,,,,,,,,,,,,,,,,,,,,298.00000000000,0.000000000000,0.00000000000,0.00000000000,0.00000000000,0.00000000000,0.96308724832,0.03691275168,0.00000000000,1.00000000000
Romagnolo et al. (2023),R23-A-Fiducial,2023,StarTrack,SSE,RO23,https://arxiv.org/pdf/2211.15800,265,265,1,0.5,pessimistic,standard,Nanjing,Farmer et al. (2019),Belczynski et al. (2008) / StarTrack zeta prescription,F12 delayed,specific AM of accretor (Belczynski et al. 2008 / StarTrack),specific AM of accretor (Belczynski et al. 2008),TRUE,1,αCE=1.0; standard Webbink 1984 energy formalism; pessimistic CE (HG donors fail); StarTrack,No (pessimistic; HG donors do not survive CE),"Vink et al. (2000a,b, 2001) hot stars; de Jager et al. (1988) cool stars; Hamann et al. (1995) WR; varying Rmax/METISSE/MESA prescriptions alter effective stellar radii and thus wind-driven mass loss history",Hurley et al. (2002) BSE equilibrium tides (Hut 1981),Fryer et al. (2012) delayed; StarTrack remnant mass scheme,Kroupa et al. (1993) / Kroupa (2001) broken power-law; M1: 5–150 M☉,Flat-in-log (Öpik 1924); a: 2–10⁵ R☉,Flat in q = M2/M1 (StarTrack default),0.5 (StarTrack default),Z = 0.0002 to 0.02; multiple metallicity bins; StarTrack grid,Madau &amp; Dickinson (2014) SFRD; metallicity evolution from Langer &amp; Norman (2006),2.5 (StarTrack default),265 (StarTrack applies full Hobbs 2005 kicks),69.340000000000,0.000000000000,0.000000000000,0.000000000000,0.961349870200,0.000576867609,0.033458321320,0.000000000000,0.004614940871,0.995385059129,15.01,0.000000000000,0.00000000000,0,0.00000000000,0,0.1945369753,0,0.00266489007,0.99733510990,158.35,0.000000000000,0.00000000000,0,0.9975371014,2.40E-03,0.00006315124724,0,0.00000000000,1.00000000004
Romagnolo et al. (2023),R23-A-Fiducial_Optimistic,2023,StarTrack,SSE,RO23,not used,265,265,1,0.5,optimistic,standard,Nanjing (Dominik et al. 2012),Farmer et al. (2019),Belczynski et al. (2008) / StarTrack zeta prescription,F12 delayed,specific AM of accretor (Belczynski et al. 2008 / StarTrack),specific AM of accretor (Belczynski et al. 2008),TRUE,1,αCE=1.0; optimistic CE (HG donors survive); StarTrack Webbink 1984 energy formalism,Yes (optimistic; HG donors survive CE),"Vink et al. (2000a,b, 2001) hot stars; de Jager et al. (1988) cool stars; Hamann et al. (1995) WR; varying Rmax/METISSE/MESA prescriptions alter effective stellar radii and thus wind-driven mass loss history",Hurley et al. (2002) BSE equilibrium tides (Hut 1981),Fryer et al. (2012) delayed; StarTrack remnant mass scheme,Kroupa et al. (1993) / Kroupa (2001) broken power-law; M1: 5–150 M☉,Flat-in-log (Öpik 1924); a: 2–10⁵ R☉,Flat in q = M2/M1 (StarTrack default),0.5 (StarTrack default),Z = 0.0002 to 0.02; multiple metallicity bins; StarTrack grid,Madau &amp; Dickinson (2014) SFRD; metallicity evolution from Langer &amp; Norman (2006),2.5 (StarTrack default),265 (StarTrack applies full Hobbs 2005 kicks),,,,,,,,,,,,,,,,,,,,,,,,,,,,,,
Romagnolo et al. (2023),R23-B-RMAX2,2023,StarTrack,SSE,RO23,https://arxiv.org/pdf/2211.15800,265,265,1,0.5,pessimistic,standard,Nanjing,Farmer et al. (2019),Belczynski et al. (2008) / StarTrack zeta prescription,F12 delayed,specific AM of accretor (Belczynski et al. 2008 / StarTrack),specific AM of accretor (Belczynski et al. 2008),TRUE,1,αCE=1.0; standard Webbink 1984 energy formalism; pessimistic CE (HG donors fail); StarTrack,No (pessimistic; HG donors do not survive CE),"Vink et al. (2000a,b, 2001) hot stars; de Jager et al. (1988) cool stars; Hamann et al. (1995) WR; varying Rmax/METISSE/MESA prescriptions alter effective stellar radii and thus wind-driven mass loss history",Hurley et al. (2002) BSE equilibrium tides (Hut 1981),Fryer et al. (2012) delayed; StarTrack remnant mass scheme,Kroupa et al. (1993) / Kroupa (2001) broken power-law; M1: 5–150 M☉,Flat-in-log (Öpik 1924); a: 2–10⁵ R☉,Flat in q = M2/M1 (StarTrack default),0.5 (StarTrack default),Z = 0.0002 to 0.02; multiple metallicity bins; StarTrack grid,Madau &amp; Dickinson (2014) SFRD; metallicity evolution from Langer &amp; Norman (2006),2.5 (StarTrack default),265 (StarTrack applies full Hobbs 2005 kicks),63.890000000000,0.000000000000,0.000000000000,0.000000000000,0.991547973100,0.003756456409,0.000939114102,0.000000000000,0.003756456409,0.996243543611,14.752,0.000000000000,0.00000000000,0,0.00000000000,0.0001355748373,0.1721800434,0,0.00067787419,0.99932212584,163.2,0.000000000000,0.00000000000,0,0.996752451,3.00E-03,0.0002450980392,0,0.00000000000,1.00000000002
Romagnolo et al. (2023),R23-B-RMAX2_Optimistic,2023,StarTrack,SSE,RO23,not used,265,265,1,0.5,optimistic,standard,Nanjing (Dominik et al. 2012),Farmer et al. (2019),Belczynski et al. (2008) / StarTrack zeta prescription,F12 delayed,specific AM of accretor (Belczynski et al. 2008 / StarTrack),specific AM of accretor (Belczynski et al. 2008),TRUE,1,αCE=1.0; optimistic CE (HG donors survive); StarTrack Webbink 1984 energy formalism,Yes (optimistic; HG donors survive CE),"Vink et al. (2000a,b, 2001) hot stars; de Jager et al. (1988) cool stars; Hamann et al. (1995) WR; varying Rmax/METISSE/MESA prescriptions alter effective stellar radii and thus wind-driven mass loss history",Hurley et al. (2002) BSE equilibrium tides (Hut 1981),Fryer et al. (2012) delayed; StarTrack remnant mass scheme,Kroupa et al. (1993) / Kroupa (2001) broken power-law; M1: 5–150 M☉,Flat-in-log (Öpik 1924); a: 2–10⁵ R☉,Flat in q = M2/M1 (StarTrack default),0.5 (StarTrack default),Z = 0.0002 to 0.02; multiple metallicity bins; StarTrack grid,Madau &amp; Dickinson (2014) SFRD; metallicity evolution from Langer &amp; Norman (2006),2.5 (StarTrack default),265 (StarTrack applies full Hobbs 2005 kicks),,,,,,,,,,,,,,,,,,,,,,,,,,,,,,
Romagnolo et al. (2023),R23-C-RMAX3,2023,StarTrack,SSE,RO23,https://arxiv.org/pdf/2211.15800,265,265,1,0.5,pessimistic,standard,Nanjing,Farmer et al. (2019),Belczynski et al. (2008) / StarTrack zeta prescription,F12 delayed,specific AM of accretor (Belczynski et al. 2008 / StarTrack),specific AM of accretor (Belczynski et al. 2008),TRUE,1,αCE=1.0; standard Webbink 1984 energy formalism; pessimistic CE (HG donors fail); StarTrack,No (pessimistic; HG donors do not survive CE),"Vink et al. (2000a,b, 2001) hot stars; de Jager et al. (1988) cool stars; Hamann et al. (1995) WR; varying Rmax/METISSE/MESA prescriptions alter effective stellar radii and thus wind-driven mass loss history",Hurley et al. (2002) BSE equilibrium tides (Hut 1981),Fryer et al. (2012) delayed; StarTrack remnant mass scheme,Kroupa et al. (1993) / Kroupa (2001) broken power-law; M1: 5–150 M☉,Flat-in-log (Öpik 1924); a: 2–10⁵ R☉,Flat in q = M2/M1 (StarTrack default),0.5 (StarTrack default),Z = 0.0002 to 0.02; multiple metallicity bins; StarTrack grid,Madau &amp; Dickinson (2014) SFRD; metallicity evolution from Langer &amp; Norman (2006),2.5 (StarTrack default),265 (StarTrack applies full Hobbs 2005 kicks),43.640000000000,0.000000000000,0.000000000000,0.000000000000,0.376718606800,0.001374885426,0.612740604900,0.000000000000,0.009165902841,0.990834097126,19.821,0.000000000000,0.00000000000,0,0.00000000000,0.00005045154129,0.709853186,0,0.00151354624,0.99848645374,157.444,0.000000000000,0.00000000000,0,0.9978150962,2.10E-03,0.00008892050507,0,0.00000000000,1.00000000004
Romagnolo et al. (2023),R23-C-RMAX3_Optimistic,2023,StarTrack,SSE,RO23,not used,265,265,1,0.5,optimistic,standard,Nanjing (Dominik et al. 2012),Farmer et al. (2019),Belczynski et al. (2008) / StarTrack zeta prescription,F12 delayed,specific AM of accretor (Belczynski et al. 2008 / StarTrack),specific AM of accretor (Belczynski et al. 2008),TRUE,1,αCE=1.0; optimistic CE (HG donors survive); StarTrack Webbink 1984 energy formalism,Yes (optimistic; HG donors survive CE),"Vink et al. (2000a,b, 2001) hot stars; de Jager et al. (1988) cool stars; Hamann et al. (1995) WR; varying Rmax/METISSE/MESA prescriptions alter effective stellar radii and thus wind-driven mass loss history",Hurley et al. (2002) BSE equilibrium tides (Hut 1981),Fryer et al. (2012) delayed; StarTrack remnant mass scheme,Kroupa et al. (1993) / Kroupa (2001) broken power-law; M1: 5–150 M☉,Flat-in-log (Öpik 1924); a: 2–10⁵ R☉,Flat in q = M2/M1 (StarTrack default),0.5 (StarTrack default),Z = 0.0002 to 0.02; multiple metallicity bins; StarTrack grid,Madau &amp; Dickinson (2014) SFRD; metallicity evolution from Langer &amp; Norman (2006),2.5 (StarTrack default),265 (StarTrack applies full Hobbs 2005 kicks),,,,,,,,,,,,,,,,,,,,,,,,,,,,,,
Romagnolo et al. (2023),R23-D-RMAX4,2023,StarTrack,SSE,RO23,https://arxiv.org/pdf/2211.15800,265,265,1,0.5,pessimistic,standard,Nanjing,Farmer et al. (2019),Belczynski et al. (2008) / StarTrack zeta prescription,F12 delayed,specific AM of accretor (Belczynski et al. 2008 / StarTrack),specific AM of accretor (Belczynski et al. 2008),TRUE,1,αCE=1.0; standard Webbink 1984 energy formalism; pessimistic CE (HG donors fail); StarTrack,No (pessimistic; HG donors do not survive CE),"Vink et al. (2000a,b, 2001) hot stars; de Jager et al. (1988) cool stars; Hamann et al. (1995) WR; varying Rmax/METISSE/MESA prescriptions alter effective stellar radii and thus wind-driven mass loss history",Hurley et al. (2002) BSE equilibrium tides (Hut 1981),Fryer et al. (2012) delayed; StarTrack remnant mass scheme,Kroupa et al. (1993) / Kroupa (2001) broken power-law; M1: 5–150 M☉,Flat-in-log (Öpik 1924); a: 2–10⁵ R☉,Flat in q = M2/M1 (StarTrack default),0.5 (StarTrack default),Z = 0.0002 to 0.02; multiple metallicity bins; StarTrack grid,Madau &amp; Dickinson (2014) SFRD; metallicity evolution from Langer &amp; Norman (2006),2.5 (StarTrack default),265 (StarTrack applies full Hobbs 2005 kicks),21.800000000000,0.000000000000,0.000000000000,0.000000000000,0.890366972500,0.000917431193,0.097247706420,0.000000000000,0.011467889910,0.988532110113,10,0.000000000000,0.00000000000,0,0.00000000000,0.002,0.283,0,0.00100000000,0.99900000000,101.59,0.000000000000,0.00000000000,0,0.9967516488,2.76E-03,0.0004921744266,0,0.00000000000,1.00000000002
Romagnolo et al. (2023),R23-D-RMAX4_Optimistic,2023,StarTrack,SSE,RO23,not used,265,265,1,0.5,optimistic,standard,Nanjing,Farmer et al. (2019),Belczynski et al. (2008) / StarTrack zeta prescription,F12 delayed,specific AM of accretor (Belczynski et al. 2008 / StarTrack),specific AM of accretor (Belczynski et al. 2008),TRUE,1,αCE=1.0; optimistic CE (HG donors survive); StarTrack Webbink 1984,Yes (optimistic; HG donors survive CE),"Vink et al. (2000a,b, 2001) hot stars; de Jager et al. (1988) cool stars; Hamann et al. (1995) WR; varying Rmax/METISSE/MESA prescriptions alter effective stellar radii and thus wind-driven mass loss history",Hurley et al. (2002) BSE equilibrium tides (Hut 1981),Fryer et al. (2012) delayed; StarTrack remnant mass scheme,Kroupa et al. (1993) / Kroupa (2001) broken power-law; M1: 5–150 M☉,Flat-in-log (Öpik 1924); a: 2–10⁵ R☉,Flat in q = M2/M1 (StarTrack default),0.5 (StarTrack default),Z = 0.0002 to 0.02; multiple metallicity bins; StarTrack grid,Madau &amp; Dickinson (2014) SFRD; metallicity evolution from Langer &amp; Norman (2006),2.5 (StarTrack default),265 (StarTrack applies full Hobbs 2005 kicks),,,,,,,,,,,,,,,,,,,,,,,,,,,,,,
Romagnolo et al. (2023),R23-E-RMAX4B,2023,StarTrack,SSE,RO23,https://arxiv.org/pdf/2211.15800,265,265,1,0.5,pessimistic,standard,Nanjing,Farmer et al. (2019),Belczynski et al. (2008) / StarTrack zeta prescription,F12 delayed,specific AM of accretor (Belczynski et al. 2008 / StarTrack),specific AM of accretor (Belczynski et al. 2008),TRUE,1,αCE=1.0; standard Webbink 1984 energy formalism; pessimistic CE (HG donors fail); StarTrack,No (pessimistic; HG donors do not survive CE),"Vink et al. (2000a,b, 2001) hot stars; de Jager et al. (1988) cool stars; Hamann et al. (1995) WR; varying Rmax/METISSE/MESA prescriptions alter effective stellar radii and thus wind-driven mass loss history",Hurley et al. (2002) BSE equilibrium tides (Hut 1981),Fryer et al. (2012) delayed; StarTrack remnant mass scheme,Kroupa et al. (1993) / Kroupa (2001) broken power-law; M1: 5–150 M☉,Flat-in-log (Öpik 1924); a: 2–10⁵ R☉,Flat in q = M2/M1 (StarTrack default),0.5 (StarTrack default),Z = 0.0002 to 0.02; multiple metallicity bins; StarTrack grid,Madau &amp; Dickinson (2014) SFRD; metallicity evolution from Langer &amp; Norman (2006),2.5 (StarTrack default),265 (StarTrack applies full Hobbs 2005 kicks),65.260000000000,0.000000000000,0.000000000000,0.000000000000,0.967054857500,0.000919399326,0.028654612320,0.000000000000,0.003371130861,0.996628869146,15.8603,0.000000000000,0.00000000000,0,0.00000000000,0.00001891515293,0.1569957693,0,0.00063050510,0.99936949485,160.15,0.000000000000,0.00000000000,0,0.9976272245,0.001748360912,0.0006244146113,0,0.00000000000,1.00000000002
Romagnolo et al. (2023),R23-E-RMAX4B_Optimistic,2023,StarTrack,SSE,RO23,not used,265,265,1,0.5,optimistic,standard,Nanjing,Farmer et al. (2019),Belczynski et al. (2008) / StarTrack zeta prescription,F12 delayed,specific AM of accretor (Belczynski et al. 2008 / StarTrack),specific AM of accretor (Belczynski et al. 2008),TRUE,1,αCE=1.0; optimistic CE (HG donors survive); StarTrack Webbink 1984,Yes (optimistic; HG donors survive CE),"Vink et al. (2000a,b, 2001) hot stars; de Jager et al. (1988) cool stars; Hamann et al. (1995) WR; varying Rmax/METISSE/MESA prescriptions alter effective stellar radii and thus wind-driven mass loss history",Hurley et al. (2002) BSE equilibrium tides (Hut 1981),Fryer et al. (2012) delayed; StarTrack remnant mass scheme,Kroupa et al. (1993) / Kroupa (2001) broken power-law; M1: 5–150 M☉,Flat-in-log (Öpik 1924); a: 2–10⁵ R☉,Flat in q = M2/M1 (StarTrack default),0.5 (StarTrack default),Z = 0.0002 to 0.02; multiple metallicity bins; StarTrack grid,Madau &amp; Dickinson (2014) SFRD; metallicity evolution from Langer &amp; Norman (2006),2.5 (StarTrack default),265 (StarTrack applies full Hobbs 2005 kicks),,,,,,,,,,,,,,,,,,,,,,,,,,,,,,
Romagnolo et al. (2025),R25-A-Fiducial,2025,StarTrack,SSE,RO25,https://arxiv.org/abs/2410.17315,265,265,1,0.5,pessimistic,standard,Nanjing,Farmer et al. (2019),Belczynski et al. (2008) / StarTrack zeta prescription,F12 delayed,specific AM of accretor (Belczynski et al. 2008 / StarTrack),specific AM of accretor (Belczynski et al. 2008),TRUE,1,αCE=1.0; standard Webbink 1984 energy formalism; pessimistic CE (HG donors fail); StarTrack,No (pessimistic; HG donors do not survive CE),"Vink et al. (2000a,b, 2001) hot stars; de Jager et al. (1988) cool stars; Hamann et al. (1995) WR; metallicity-scaled; varying Teff boundary and Rmax prescription per model variant",Hurley et al. (2002) BSE equilibrium tides (Hut 1981),Fryer et al. (2012) delayed; StarTrack remnant mass scheme,Kroupa et al. (1993) / Kroupa (2001) broken power-law; M1: 5–150 M☉,Flat-in-log (Öpik 1924); a: 2–10⁵ R☉,Flat in q = M2/M1 (StarTrack default),0.5 (StarTrack default),Z = 0.0002 to 0.02; multiple metallicity bins; StarTrack grid,Madau &amp; Dickinson (2014) SFRD; metallicity evolution from Langer &amp; Norman (2006),2.5 (StarTrack default),265 (StarTrack applies full Hobbs 2005 kicks),68.540000000000,0.000000000000,0.000000000000,0.000000000000,0.946308724800,0.000000000000,0.042602859640,0.000000000000,0.011088415520,0.988911584440,13.37,0.000000000000,0.00000000000,0,0.00000000000,0,0.2019446522,0,0.01570680628,0.98429319370,111.40000000000,0.000000000000,0.00000000000,0.00000000000,0.99856373430,0.00000000000,0.00017953321,0.00000000000,0.00125673250,0.99874326751
Romagnolo et al. (2025),R25-A-Fiducial_Optimistic,2025,StarTrack,SSE,RO25,not used,265,265,1,0.5,optimistic,standard,Nanjing (Dominik et al. 2012),Farmer et al. (2019),Belczynski et al. (2008) / StarTrack zeta prescription,F12 delayed,specific AM of accretor (Belczynski et al. 2008 / StarTrack),specific AM of accretor (Belczynski et al. 2008),TRUE,1,αCE=1.0; optimistic CE (HG donors survive); StarTrack Webbink 1984 energy formalism,Yes (optimistic; HG donors survive CE),"Vink et al. (2000a,b, 2001) hot stars; de Jager et al. (1988) cool stars; Hamann et al. (1995) WR; metallicity-scaled; varying Teff boundary and Rmax prescription per model variant",Hurley et al. (2002) BSE equilibrium tides (Hut 1981),Fryer et al. (2012) delayed; StarTrack remnant mass scheme,Kroupa et al. (1993) / Kroupa (2001) broken power-law; M1: 5–150 M☉,Flat-in-log (Öpik 1924); a: 2–10⁵ R☉,Flat in q = M2/M1 (StarTrack default),0.5 (StarTrack default),Z = 0.0002 to 0.02; multiple metallicity bins; StarTrack grid,Madau &amp; Dickinson (2014) SFRD; metallicity evolution from Langer &amp; Norman (2006),2.5 (StarTrack default),265 (StarTrack applies full Hobbs 2005 kicks),,,,,,,,,,,,,,,,,,,,,,,,,,,,,,
Romagnolo et al. (2025),R25-B-RMAX,2025,StarTrack,SSE,RO25,https://arxiv.org/abs/2410.17315,265,265,1,0.5,pessimistic,standard,Nanjing,Farmer et al. (2019),Belczynski et al. (2008) / StarTrack zeta prescription,F12 delayed,specific AM of accretor (Belczynski et al. 2008 / StarTrack),specific AM of accretor (Belczynski et al. 2008),TRUE,1,αCE=1.0; standard Webbink 1984 energy formalism; pessimistic CE (HG donors fail); StarTrack,No (pessimistic; HG donors do not survive CE),"Vink et al. (2000a,b, 2001) hot stars; de Jager et al. (1988) cool stars; Hamann et al. (1995) WR; metallicity-scaled; varying Teff boundary and Rmax prescription per model variant",Hurley et al. (2002) BSE equilibrium tides (Hut 1981),Fryer et al. (2012) delayed; StarTrack remnant mass scheme,Kroupa et al. (1993) / Kroupa (2001) broken power-law; M1: 5–150 M☉,Flat-in-log (Öpik 1924); a: 2–10⁵ R☉,Flat in q = M2/M1 (StarTrack default),0.5 (StarTrack default),Z = 0.0002 to 0.02; multiple metallicity bins; StarTrack grid,Madau &amp; Dickinson (2014) SFRD; metallicity evolution from Langer &amp; Norman (2006),2.5 (StarTrack default),265 (StarTrack applies full Hobbs 2005 kicks),63.420000000000,0.000000000000,0.000000000000,0.000000000000,0.950488804800,0.000000000000,0.041154210030,0.000000000000,0.008356985178,0.991643014830,11.96,0.000000000000,0.00000000000,0,0.00000000000,0,0.1814381271,0,0.01505016722,0.98494983280,113.34000000000,0.000000000000,0.00000000000,0.00000000000,0.99779424740,0.00000000000,0.00141168167,0.00000000000,0.00079407094,0.99920592907
Romagnolo et al. (2025),R25-B-RMAX_Optimistic,2025,StarTrack,SSE,RO25,not used,265,265,1,0.5,optimistic,standard,Nanjing (Dominik et al. 2012),Farmer et al. (2019),Belczynski et al. (2008) / StarTrack zeta prescription,F12 delayed,specific AM of accretor (Belczynski et al. 2008 / StarTrack),specific AM of accretor (Belczynski et al. 2008),TRUE,1,αCE=1.0; optimistic CE (HG donors survive); StarTrack Webbink 1984 energy formalism,Yes (optimistic; HG donors survive CE),"Vink et al. (2000a,b, 2001) hot stars; de Jager et al. (1988) cool stars; Hamann et al. (1995) WR; metallicity-scaled; varying Teff boundary and Rmax prescription per model variant",Hurley et al. (2002) BSE equilibrium tides (Hut 1981),Fryer et al. (2012) delayed; StarTrack remnant mass scheme,Kroupa et al. (1993) / Kroupa (2001) broken power-law; M1: 5–150 M☉,Flat-in-log (Öpik 1924); a: 2–10⁵ R☉,Flat in q = M2/M1 (StarTrack default),0.5 (StarTrack default),Z = 0.0002 to 0.02; multiple metallicity bins; StarTrack grid,Madau &amp; Dickinson (2014) SFRD; metallicity evolution from Langer &amp; Norman (2006),2.5 (StarTrack default),265 (StarTrack applies full Hobbs 2005 kicks),,,,,,,,,,,,,,,,,,,,,,,,,,,,,,
Romagnolo et al. (2025),R25-C-Conv_ML1.5,2025,StarTrack,SSE,RO25,https://arxiv.org/abs/2410.17315,265,265,1,0.5,pessimistic,standard,Nanjing,Farmer et al. (2019),Belczynski et al. (2008) / StarTrack zeta prescription,F12 delayed,specific AM of accretor (Belczynski et al. 2008 / StarTrack),specific AM of accretor (Belczynski et al. 2008),TRUE,1,αCE=1.0; standard Webbink 1984 energy formalism; pessimistic CE (HG donors fail); StarTrack,No (pessimistic; HG donors do not survive CE),"Vink et al. (2000a,b, 2001) hot stars; de Jager et al. (1988) cool stars; Hamann et al. (1995) WR; metallicity-scaled; varying Teff boundary and Rmax prescription per model variant",Hurley et al. (2002) BSE equilibrium tides (Hut 1981),Fryer et al. (2012) delayed; StarTrack remnant mass scheme,Kroupa et al. (1993) / Kroupa (2001) broken power-law; M1: 5–150 M☉,Flat-in-log (Öpik 1924); a: 2–10⁵ R☉,Flat in q = M2/M1 (StarTrack default),0.5 (StarTrack default),Z = 0.0002 to 0.02; multiple metallicity bins; StarTrack grid,Madau &amp; Dickinson (2014) SFRD; metallicity evolution from Langer &amp; Norman (2006),2.5 (StarTrack default),265 (StarTrack applies full Hobbs 2005 kicks),14.600000000000,0.000000000000,0.000000000000,0.000000000000,0.954794520500,0.000000000000,0.002739726027,0.000000000000,0.042465753420,0.957534246527,12.34,0.000000000000,0.00000000000,0,0.00000000000,0,0.004862236629,0,0.02350081037,0.97649918963,53.83000000000,0.000000000000,0.00000000000,0.00000000000,0.99665613970,0.00000000000,0.00130039012,0.00000000000,0.00204347018,0.99795652982
Romagnolo et al. (2025),R25-D-Conv_ML1.5_RMAX,2025,StarTrack,SSE,RO25,https://arxiv.org/abs/2410.17315,265,265,1,0.5,pessimistic,standard,Nanjing,Farmer et al. (2019),Belczynski et al. (2008) / StarTrack zeta prescription,F12 delayed,specific AM of accretor (Belczynski et al. 2008 / StarTrack),specific AM of accretor (Belczynski et al. 2008),TRUE,1,αCE=1.0; standard Webbink 1984 energy formalism; pessimistic CE (HG donors fail); StarTrack,No (pessimistic; HG donors do not survive CE),"Vink et al. (2000a,b, 2001) hot stars; de Jager et al. (1988) cool stars; Hamann et al. (1995) WR; metallicity-scaled; varying Teff boundary and Rmax prescription per model variant",Hurley et al. (2002) BSE equilibrium tides (Hut 1981),Fryer et al. (2012) delayed; StarTrack remnant mass scheme,Kroupa et al. (1993) / Kroupa (2001) broken power-law; M1: 5–150 M☉,Flat-in-log (Öpik 1924); a: 2–10⁵ R☉,Flat in q = M2/M1 (StarTrack default),0.5 (StarTrack default),Z = 0.0002 to 0.02; multiple metallicity bins; StarTrack grid,Madau &amp; Dickinson (2014) SFRD; metallicity evolution from Langer &amp; Norman (2006),2.5 (StarTrack default),265 (StarTrack applies full Hobbs 2005 kicks),3.090000000000,0.000000000000,0.000000000000,0.000000000000,0.789644012900,0.152103559900,0.003236245955,0.000000000000,0.055016181230,0.944983818755,12.53,0.000000000000,0.00000000000,0,0.00000000000,0.01037509976,0.000798084597,0,0.01276935355,0.98723064646,2.48000000000,0.000000000000,0.00000000000,0.00000000000,0.98790322580,0.01209677419,0.00000000000,0.00000000000,0.00000000000,0.99999999999
Romagnolo et al. (2025),R25-E-Conv_ML1.82_MLTpp,2025,StarTrack,SSE,RO25,https://arxiv.org/abs/2410.17315,265,265,1,0.5,pessimistic,standard,Nanjing,Farmer et al. (2019),Belczynski et al. (2008) / StarTrack zeta prescription,F12 delayed,specific AM of accretor (Belczynski et al. 2008 / StarTrack),specific AM of accretor (Belczynski et al. 2008),TRUE,1,αCE=1.0; standard Webbink 1984 energy formalism; pessimistic CE (HG donors fail); StarTrack,No (pessimistic; HG donors do not survive CE),"Vink et al. (2000a,b, 2001) hot stars; de Jager et al. (1988) cool stars; Hamann et al. (1995) WR; metallicity-scaled; varying Teff boundary and Rmax prescription per model variant",Hurley et al. (2002) BSE equilibrium tides (Hut 1981),Fryer et al. (2012) delayed; StarTrack remnant mass scheme,Kroupa et al. (1993) / Kroupa (2001) broken power-law; M1: 5–150 M☉,Flat-in-log (Öpik 1924); a: 2–10⁵ R☉,Flat in q = M2/M1 (StarTrack default),0.5 (StarTrack default),Z = 0.0002 to 0.02; multiple metallicity bins; StarTrack grid,Madau &amp; Dickinson (2014) SFRD; metallicity evolution from Langer &amp; Norman (2006),2.5 (StarTrack default),265 (StarTrack applies full Hobbs 2005 kicks),103.491000000000,0.000000000000,0.000000000000,0.000000000000,0.960373365800,0.003285309834,0.036331661690,0.000000000000,0.000009662676,0.999990337324,12.64,0.000000000000,0.00000000000,0,0.00000000000,0.007911392405,0.0664556962,0,0.00000000000,1.00000000001,17.19000000000,0.000000000000,0.00000000000,0.00000000000,0.99534613150,0.00465386853,0.00000000000,0.00000000000,0.00000000000,1.00000000003
Romagnolo et al. (2025),R25-E-Conv_ML1.82_MLTpp_RMAX,2025,StarTrack,SSE,RO25,https://arxiv.org/abs/2410.17315,265,265,1,0.5,pessimistic,standard,Nanjing,Farmer et al. (2019),Belczynski et al. (2008) / StarTrack zeta prescription,F12 delayed,specific AM of accretor (Belczynski et al. 2008 / StarTrack),specific AM of accretor (Belczynski et al. 2008),TRUE,1,αCE=1.0; standard Webbink 1984 energy formalism; pessimistic CE (HG donors fail); StarTrack,No (pessimistic; HG donors do not survive CE),"Vink et al. (2000a,b, 2001) hot stars; de Jager et al. (1988) cool stars; Hamann et al. (1995) WR; metallicity-scaled; varying Teff boundary and Rmax prescription per model variant",Hurley et al. (2002) BSE equilibrium tides (Hut 1981),Fryer et al. (2012) delayed; StarTrack remnant mass scheme,Kroupa et al. (1993) / Kroupa (2001) broken power-law; M1: 5–150 M☉,Flat-in-log (Öpik 1924); a: 2–10⁵ R☉,Flat in q = M2/M1 (StarTrack default),0.5 (StarTrack default),Z = 0.0002 to 0.02; multiple metallicity bins; StarTrack grid,Madau &amp; Dickinson (2014) SFRD; metallicity evolution from Langer &amp; Norman (2006),2.5 (StarTrack default),265 (StarTrack applies full Hobbs 2005 kicks),38.880000000000,0.000000000000,0.000000000000,0.000000000000,0.947016460900,0.014403292180,0.037808641980,0.000000000000,0.000771604938,0.999228395060,12.42,0.000000000000,0.00000000000,0,0.00000000000,0.01771336554,0.02495974235,0,0.00000000000,0.99999999999,15.80000000000,0.000000000000,0.00000000000,0.00000000000,0.99683544300,0.00316455696,0.00000000000,0.00000000000,0.00000000000,0.99999999996
Román-Garza et al. (2022),RG21-ECSN:Full-SN:delayed,2021,POSYDON,hybrid,RG21,https://ui.adsabs.harvard.edu/abs/2021ApJ...912L..23R/abstract,265,265,1,thermal,pessimistic,standard,Nanjing,Farmer et al. (2019),zeta prescription,F12 delayed,specific AM of accreting star (Hurley 2002 AM of accretor prescription),Hurley (2002) AM of accretor,TRUE,1,αCE=1.0; pessimistic CE (HG donors fail); POSYDON hybrid framework,No (pessimistic),"Vink et al. (2000a,b) hot star winds; Nieuwenhuijzen &amp; de Jager (1990) cool stars; Belczynski et al. (2010) WR winds; POSYDON hybrid MESA grids for MS/HeMS",Hurley et al. (2002) BSE tidal prescription; tides in MESA grids for MS/HeMS phases,"Varies per model: N20 engine (Sukhbold et al. 2016), F12 rapid, or F12 delayed (Fryer et al. 2012)",Kroupa (2001) broken power-law; M1: 10–150 M☉,Sana et al. (2012) period distribution,Uniform in q = M2/M1 (Sana et al. 2012),0.7 (Sana et al. 2012),Z = 10⁻⁴ to 2×10⁻² (multiple metallicity bins),IllustrisTNG100 cosmological simulation,2.5 (POSYDON default),20 (low kick for ECSN; σ_strippedSN=20 in label),69.630000000000,0.000000000000,0.000000000000,0.000000000000,0.000000000000,0.000000000000,0.000000000000,0.000000000000,0.446359327900,0.553640672100,5.81000000000,0.000000000000,0.00000000000,0.00000000000,0.00000000000,0.00000000000,0.00000000000,0.00000000000,0.49569707400,0.50430292600,,,,,,,,,,
Román-Garza et al. (2022),RG21-ESCN:Full-SN:N20,2021,POSYDON,hybrid,RG21,https://ui.adsabs.harvard.edu/abs/2021ApJ...912L..23R/abstract,265,265,1,thermal,pessimistic,standard,Nanjing,Farmer et al. (2019),zeta prescription,N20 (Sukhbold et al. 2016),specific AM of accreting star (Hurley 2002 AM of accretor prescription),Hurley (2002) AM of accretor,TRUE,1,αCE=1.0; pessimistic CE (HG donors fail); POSYDON hybrid framework,No (pessimistic),"Vink et al. (2000a,b) hot star winds; Nieuwenhuijzen &amp; de Jager (1990) cool stars; Belczynski et al. (2010) WR winds; POSYDON hybrid MESA grids for MS/HeMS",Hurley et al. (2002) BSE tidal prescription; tides in MESA grids for MS/HeMS phases,"Varies per model: N20 engine (Sukhbold et al. 2016), F12 rapid, or F12 delayed (Fryer et al. 2012)",Kroupa (2001) broken power-law; M1: 10–150 M☉,Sana et al. (2012) period distribution,Uniform in q = M2/M1 (Sana et al. 2012),0.7 (Sana et al. 2012),Z = 10⁻⁴ to 2×10⁻² (multiple metallicity bins),IllustrisTNG100 cosmological simulation,2.5 (POSYDON default),20 (low kick for ECSN; σ_strippedSN=20 in label),203.490000000000,0.000000000000,0.000000000000,0.000000000000,0.000000000000,0.000000000000,0.000000000000,0.000000000000,0.203597228400,0.796402771600,69.35000000000,0.000000000000,0.00000000000,0.00000000000,0.00000000000,0.00000000000,0.00000000000,0.00000000000,0.04311463590,0.95688536410,,,,,,,,,,
Román-Garza et al. (2022),RG21-ESCN:Full-SN:rapid,2021,POSYDON,hybrid,RG21,https://ui.adsabs.harvard.edu/abs/2021ApJ...912L..23R/abstract,265,265,1,thermal,pessimistic,standard,Nanjing,Farmer et al. (2019),zeta prescription,F12 rapid,specific AM of accreting star (Hurley 2002 AM of accretor prescription),Hurley (2002) AM of accretor,TRUE,1,αCE=1.0; pessimistic CE (HG donors fail); POSYDON hybrid framework,No (pessimistic),"Vink et al. (2000a,b) hot star winds; Nieuwenhuijzen &amp; de Jager (1990) cool stars; Belczynski et al. (2010) WR winds; POSYDON hybrid MESA grids for MS/HeMS",Hurley et al. (2002) BSE tidal prescription; tides in MESA grids for MS/HeMS phases,"Varies per model: N20 engine (Sukhbold et al. 2016), F12 rapid, or F12 delayed (Fryer et al. 2012)",Kroupa (2001) broken power-law; M1: 10–150 M☉,Sana et al. (2012) period distribution,Uniform in q = M2/M1 (Sana et al. 2012),0.7 (Sana et al. 2012),Z = 10⁻⁴ to 2×10⁻² (multiple metallicity bins),IllustrisTNG100 cosmological simulation,2.5 (POSYDON default),20 (low kick for ECSN; σ_strippedSN=20 in label),115.240000000000,0.000000000000,0.000000000000,0.000000000000,0.000000000000,0.000000000000,0.000000000000,0.000000000000,0.291565428700,0.708434571300,10.71000000000,0.000000000000,0.00000000000,0.00000000000,0.00000000000,0.00000000000,0.00000000000,0.00000000000,0.29131652660,0.70868347340,,,,,,,,,,
Román-Garza et al. (2022),RG21-SN:N20,2021,POSYDON,hybrid,RG21,https://ui.adsabs.harvard.edu/abs/2021ApJ...912L..23R/abstract,265,20,1,thermal,pessimistic,standard,Nanjing,Farmer et al. (2019),zeta prescription,N20 (Sukhbold et al. 2016),specific AM of accreting star (Hurley 2002 AM of accretor prescription),Hurley (2002) AM of accretor,TRUE,1,αCE=1.0; pessimistic CE (HG donors fail); POSYDON hybrid framework,No (pessimistic),"Vink et al. (2000a,b) hot star winds; Nieuwenhuijzen &amp; de Jager (1990) cool stars; Belczynski et al. (2010) WR winds; POSYDON hybrid MESA grids for MS/HeMS",Hurley et al. (2002) BSE tidal prescription; tides in MESA grids for MS/HeMS phases,"Varies per model: N20 engine (Sukhbold et al. 2016), F12 rapid, or F12 delayed (Fryer et al. 2012)",Kroupa (2001) broken power-law; M1: 10–150 M☉,Sana et al. (2012) period distribution,Uniform in q = M2/M1 (Sana et al. 2012),0.7 (Sana et al. 2012),Z = 10⁻⁴ to 2×10⁻² (multiple metallicity bins),IllustrisTNG100 cosmological simulation,2.5 (POSYDON default),20 (low kick for ECSN; σ_strippedSN=20 in label),202.510000000000,0.000000000000,0.000000000000,0.000000000000,0.000000000000,0.000000000000,0.000000000000,0.000000000000,0.196187842600,0.803812157400,77.24000000000,0.000000000000,0.00000000000,0.00000000000,0.00000000000,0.00000000000,0.00000000000,0.00000000000,0.02951838426,0.97048161570,,,,,,,,,,
Román-Garza et al. (2022),RG21-SN:delayed,2021,POSYDON,hybrid,RG21,https://ui.adsabs.harvard.edu/abs/2021ApJ...912L..23R/abstract,265,20,1,thermal,pessimistic,standard,Nanjing,Farmer et al. (2019),zeta prescription,F12 delayed,specific AM of accreting star (Hurley 2002 AM of accretor prescription),Hurley (2002) AM of accretor,TRUE,1,αCE=1.0; pessimistic CE (HG donors fail); POSYDON hybrid framework,No (pessimistic),"Vink et al. (2000a,b) hot star winds; Nieuwenhuijzen &amp; de Jager (1990) cool stars; Belczynski et al. (2010) WR winds; POSYDON hybrid MESA grids for MS/HeMS",Hurley et al. (2002) BSE tidal prescription; tides in MESA grids for MS/HeMS phases,"Varies per model: N20 engine (Sukhbold et al. 2016), F12 rapid, or F12 delayed (Fryer et al. 2012)",Kroupa (2001) broken power-law; M1: 10–150 M☉,Sana et al. (2012) period distribution,Uniform in q = M2/M1 (Sana et al. 2012),0.7 (Sana et al. 2012),Z = 10⁻⁴ to 2×10⁻² (multiple metallicity bins),IllustrisTNG100 cosmological simulation,2.5 (POSYDON default),20 (low kick for ECSN; σ_strippedSN=20 in label),70.400000000000,0.000000000000,0.000000000000,0.000000000000,0.000000000000,0.000000000000,0.000000000000,0.000000000000,0.444176136400,0.555823863600,5.65000000000,0.000000000000,0.00000000000,0.00000000000,0.00000000000,0.00000000000,0.00000000000,0.00000000000,0.54159292040,0.45840707960,,,,,,,,,,
Román-Garza et al. (2022),RG21-SN:rapid,2021,POSYDON,hybrid,RG21,https://ui.adsabs.harvard.edu/abs/2021ApJ...912L..23R/abstract,265,20,1,thermal,pessimistic,standard,Nanjing,Farmer et al. (2019),zeta prescription,F12 rapid,specific AM of accreting star (Hurley 2002 AM of accretor prescription),Hurley (2002) AM of accretor,TRUE,1,αCE=1.0; pessimistic CE (HG donors fail); POSYDON hybrid framework,No (pessimistic),"Vink et al. (2000a,b) hot star winds; Nieuwenhuijzen &amp; de Jager (1990) cool stars; Belczynski et al. (2010) WR winds; POSYDON hybrid MESA grids for MS/HeMS",Hurley et al. (2002) BSE tidal prescription; tides in MESA grids for MS/HeMS phases,"Varies per model: N20 engine (Sukhbold et al. 2016), F12 rapid, or F12 delayed (Fryer et al. 2012)",Kroupa (2001) broken power-law; M1: 10–150 M☉,Sana et al. (2012) period distribution,Uniform in q = M2/M1 (Sana et al. 2012),0.7 (Sana et al. 2012),Z = 10⁻⁴ to 2×10⁻² (multiple metallicity bins),IllustrisTNG100 cosmological simulation,2.5 (POSYDON default),20 (low kick for ECSN; σ_strippedSN=20 in label),114.180000000000,0.000000000000,0.000000000000,0.000000000000,0.000000000000,0.000000000000,0.000000000000,0.000000000000,0.289455246100,0.710544753900,10.14000000000,0.000000000000,0.00000000000,0.00000000000,0.00000000000,0.00000000000,0.00000000000,0.00000000000,0.28205128210,0.71794871790,,,,,,,,,,
Román-Garza et al. (2022),RG21-noBH-kick-SN:delayed,2021,POSYDON,hybrid,RG21,https://ui.adsabs.harvard.edu/abs/2021ApJ...912L..23R/abstract,0,20,1,thermal,pessimistic,standard,Nanjing,Farmer et al. (2019),zeta prescription,F12 delayed,specific AM of accreting star (Hurley 2002 AM of accretor prescription),Hurley (2002) AM of accretor,TRUE,1,αCE=1.0; pessimistic CE (HG donors fail); POSYDON hybrid framework,No (pessimistic),"Vink et al. (2000a,b) hot star winds; Nieuwenhuijzen &amp; de Jager (1990) cool stars; Belczynski et al. (2010) WR winds; POSYDON hybrid MESA grids for MS/HeMS",Hurley et al. (2002) BSE tidal prescription; tides in MESA grids for MS/HeMS phases,"Varies per model: N20 engine (Sukhbold et al. 2016), F12 rapid, or F12 delayed (Fryer et al. 2012)",Kroupa (2001) broken power-law; M1: 10–150 M☉,Sana et al. (2012) period distribution,Uniform in q = M2/M1 (Sana et al. 2012),0.7 (Sana et al. 2012),Z = 10⁻⁴ to 2×10⁻² (multiple metallicity bins),IllustrisTNG100 cosmological simulation,2.5 (POSYDON default),20 (low kick for ECSN; σ_strippedSN=20 in label),193.670000000000,0.000000000000,0.000000000000,0.000000000000,0.000000000000,0.000000000000,0.000000000000,0.000000000000,0.136107812300,0.863892187700,32.67000000000,0.000000000000,0.00000000000,0.00000000000,0.00000000000,0.00000000000,0.00000000000,0.00000000000,0.07621671258,0.92378328740,,,,,,,,,,
Román-Garza et al. (2022),RG21-noBHkick-SN:N20,2021,POSYDON,hybrid,RG21,https://ui.adsabs.harvard.edu/abs/2021ApJ...912L..23R/abstract,0,20,1,thermal,pessimistic,standard,Nanjing,Farmer et al. (2019),zeta prescription,N20 (Sukhbold et al. 2016),specific AM of accreting star (Hurley 2002 AM of accretor prescription),Hurley (2002) AM of accretor,TRUE,1,αCE=1.0; pessimistic CE (HG donors fail); POSYDON hybrid framework,No (pessimistic),"Vink et al. (2000a,b) hot star winds; Nieuwenhuijzen &amp; de Jager (1990) cool stars; Belczynski et al. (2010) WR winds; POSYDON hybrid MESA grids for MS/HeMS",Hurley et al. (2002) BSE tidal prescription; tides in MESA grids for MS/HeMS phases,"Varies per model: N20 engine (Sukhbold et al. 2016), F12 rapid, or F12 delayed (Fryer et al. 2012)",Kroupa (2001) broken power-law; M1: 10–150 M☉,Sana et al. (2012) period distribution,Uniform in q = M2/M1 (Sana et al. 2012),0.7 (Sana et al. 2012),Z = 10⁻⁴ to 2×10⁻² (multiple metallicity bins),IllustrisTNG100 cosmological simulation,2.5 (POSYDON default),20 (low kick for ECSN; σ_strippedSN=20 in label),202.510000000000,0.000000000000,0.000000000000,0.000000000000,0.000000000000,0.000000000000,0.000000000000,0.000000000000,0.196187842600,0.803812157400,77.24000000000,0.000000000000,0.00000000000,0.00000000000,0.00000000000,0.00000000000,0.00000000000,0.00000000000,0.02951838426,0.97048161570,,,,,,,,,,
Román-Garza et al. (2022),RG21-noBHkick-SN:rapid,2021,POSYDON,hybrid,RG21,https://ui.adsabs.harvard.edu/abs/2021ApJ...912L..23R/abstract,0,20,1,thermal,pessimistic,standard,Nanjing,Farmer et al. (2019),zeta prescription,F12 rapid,specific AM of accreting star (Hurley 2002 AM of accretor prescription),Hurley (2002) AM of accretor,TRUE,1,αCE=1.0; pessimistic CE (HG donors fail); POSYDON hybrid framework,No (pessimistic),"Vink et al. (2000a,b) hot star winds; Nieuwenhuijzen &amp; de Jager (1990) cool stars; Belczynski et al. (2010) WR winds; POSYDON hybrid MESA grids for MS/HeMS",Hurley et al. (2002) BSE tidal prescription; tides in MESA grids for MS/HeMS phases,"Varies per model: N20 engine (Sukhbold et al. 2016), F12 rapid, or F12 delayed (Fryer et al. 2012)",Kroupa (2001) broken power-law; M1: 10–150 M☉,Sana et al. (2012) period distribution,Uniform in q = M2/M1 (Sana et al. 2012),0.7 (Sana et al. 2012),Z = 10⁻⁴ to 2×10⁻² (multiple metallicity bins),IllustrisTNG100 cosmological simulation,2.5 (POSYDON default),20 (low kick for ECSN; σ_strippedSN=20 in label),160.790000000000,0.000000000000,0.000000000000,0.000000000000,0.000000000000,0.000000000000,0.000000000000,0.000000000000,0.195161390600,0.804838609400,16.54000000000,0.000000000000,0.00000000000,0.00000000000,0.00000000000,0.00000000000,0.00000000000,0.00000000000,0.11366384520,0.88633615480,,,,,,,,,,
Sgalletta et al. (2025),Sgalletta_alpha_0_5,2025,SEVN,PARSEC,Sg25,https://www.aanda.org/articles/aa/pdf/2025/06/aa52757-24.pdf,265,7.48,0.5,non-conservative (Eddington-limited onto BH),pessimistic,standard,variable (Claeys et al. 2014),Farmer et al. (2019),qcrit prescription (Neijssel et al. 2019),F12 delayed,specific AM of accreting star (SEVN / Hurley et al. 2002 base),specific AM of accretor,TRUE,1,αCE varies; pessimistic CE; SEVN+PARSEC; Giacobbo &amp; Mapelli (2020) kick prescription,No (pessimistic; SEVN default),"Vink et al. (2000a,b) hot stars; de Jager et al. (1988) cool stars; Belczynski et al. (2010) WR; PARSEC stellar tracks determine pre-SN mass via detailed wind-driven evolution (Chen et al. 2015)",Hurley et al. (2002) BSE equilibrium tides as implemented in SEVN (Spera et al. 2019),Fryer et al. (2012) delayed; Giacobbo &amp; Mapelli (2020) kick-mass scaling; PARSEC He-core mass tracks,Kroupa (2001) broken power-law; M1: 5–150 M☉ (SEVN default),Sana et al. (2012) period distribution; SEVN,Uniform in q = M2/M1 (Sana et al. 2012); SEVN,0.7 (Sana et al. 2012),Z = 4×10⁻⁴ to 1.7×10⁻² (PARSEC grid; multiple metallicity bins),Madau &amp; Dickinson (2014) SFRD; metallicity evolution; SEVN+PARSEC framework (Mapelli et al. 2022),2.5 (SEVN / Giacobbo &amp; Mapelli 2020 default),Scaled by ejecta/remnant mass (Giacobbo &amp; Mapelli 2020 prescription; GM20 — effective low kick for stripped/ECSN),255.6,0,0,0,0.7824726135,0.01408450704,0.1251956182,0,0.078247261350,0.921752738740,,,,,,,,,,,,,,,,,,,,
Sgalletta et al. (2025),Sgalletta_alpha_1,2025,SEVN,PARSEC,Sg25,https://www.aanda.org/articles/aa/pdf/2025/06/aa52757-24.pdf,265,7.48,1,non-conservative (Eddington-limited onto BH),pessimistic,standard,variable (Claeys et al. 2014),Farmer et al. (2019),qcrit prescription (Neijssel et al. 2019),F12 delayed,specific AM of accreting star (SEVN / Hurley et al. 2002 base),specific AM of accretor,TRUE,1,αCE varies; pessimistic CE; SEVN+PARSEC; Giacobbo &amp; Mapelli (2020) kick prescription,No (pessimistic; SEVN default),"Vink et al. (2000a,b) hot stars; de Jager et al. (1988) cool stars; Belczynski et al. (2010) WR; PARSEC stellar tracks determine pre-SN mass via detailed wind-driven evolution (Chen et al. 2015)",Hurley et al. (2002) BSE equilibrium tides as implemented in SEVN (Spera et al. 2019),Fryer et al. (2012) delayed; Giacobbo &amp; Mapelli (2020) kick-mass scaling; PARSEC He-core mass tracks,Kroupa (2001) broken power-law; M1: 5–150 M☉ (SEVN default),Sana et al. (2012) period distribution; SEVN,Uniform in q = M2/M1 (Sana et al. 2012); SEVN,0.7 (Sana et al. 2012),Z = 4×10⁻⁴ to 1.7×10⁻² (PARSEC grid; multiple metallicity bins),Madau &amp; Dickinson (2014) SFRD; metallicity evolution; SEVN+PARSEC framework (Mapelli et al. 2022),2.5 (SEVN / Giacobbo &amp; Mapelli 2020 default),Scaled by ejecta/remnant mass (Giacobbo &amp; Mapelli 2020 prescription; GM20 — effective low kick for stripped/ECSN),296.4,0,0,0,0.7759784076,0.004723346829,0.1518218623,0,0.067476383270,0.932523616729,,,,,,,,,,,,,,,,,,,,
Sgalletta et al. (2025),Sgalletta_alpha_3,2025,SEVN,PARSEC,Sg25,https://www.aanda.org/articles/aa/pdf/2025/06/aa52757-24.pdf,265,7.48,3,non-conservative (Eddington-limited onto BH),pessimistic,standard,variable (Claeys et al. 2014),Farmer et al. (2019),qcrit prescription (Neijssel et al. 2019),F12 delayed,specific AM of accreting star (SEVN / Hurley et al. 2002 base),specific AM of accretor,TRUE,1,αCE varies; pessimistic CE; SEVN+PARSEC; Giacobbo &amp; Mapelli (2020) kick prescription,No (pessimistic; SEVN default),"Vink et al. (2000a,b) hot stars; de Jager et al. (1988) cool stars; Belczynski et al. (2010) WR; PARSEC stellar tracks determine pre-SN mass via detailed wind-driven evolution (Chen et al. 2015)",Hurley et al. (2002) BSE equilibrium tides as implemented in SEVN (Spera et al. 2019),Fryer et al. (2012) delayed; Giacobbo &amp; Mapelli (2020) kick-mass scaling; PARSEC He-core mass tracks,Kroupa (2001) broken power-law; M1: 5–150 M☉ (SEVN default),Sana et al. (2012) period distribution; SEVN,Uniform in q = M2/M1 (Sana et al. 2012); SEVN,0.7 (Sana et al. 2012),Z = 4×10⁻⁴ to 1.7×10⁻² (PARSEC grid; multiple metallicity bins),Madau &amp; Dickinson (2014) SFRD; metallicity evolution; SEVN+PARSEC framework (Mapelli et al. 2022),2.5 (SEVN / Giacobbo &amp; Mapelli 2020 default),Scaled by ejecta/remnant mass (Giacobbo &amp; Mapelli 2020 prescription; GM20 — effective low kick for stripped/ECSN),203.3,0,0,0,0.7870142646,0.0063944909,0.1082144614,0,0.098376783080,0.901623216900,,,,,,,,,,,,,,,,,,,,
Sgalletta et al. (2025),Sgalletta_alpha_5,2025,SEVN,PARSEC,Sg25,https://www.aanda.org/articles/aa/pdf/2025/06/aa52757-24.pdf,265,7.48,5,non-conservative (Eddington-limited onto BH),pessimistic,standard,variable (Claeys et al. 2014),Farmer et al. (2019),qcrit prescription (Neijssel et al. 2019),F12 delayed,specific AM of accreting star (SEVN / Hurley et al. 2002 base),specific AM of accretor,TRUE,1,αCE varies; pessimistic CE; SEVN+PARSEC; Giacobbo &amp; Mapelli (2020) kick prescription,No (pessimistic; SEVN default),"Vink et al. (2000a,b) hot stars; de Jager et al. (1988) cool stars; Belczynski et al. (2010) WR; PARSEC stellar tracks determine pre-SN mass via detailed wind-driven evolution (Chen et al. 2015)",Hurley et al. (2002) BSE equilibrium tides as implemented in SEVN (Spera et al. 2019),Fryer et al. (2012) delayed; Giacobbo &amp; Mapelli (2020) kick-mass scaling; PARSEC He-core mass tracks,Kroupa (2001) broken power-law; M1: 5–150 M☉ (SEVN default),Sana et al. (2012) period distribution; SEVN,Uniform in q = M2/M1 (Sana et al. 2012); SEVN,0.7 (Sana et al. 2012),Z = 4×10⁻⁴ to 1.7×10⁻² (PARSEC grid; multiple metallicity bins),Madau &amp; Dickinson (2014) SFRD; metallicity evolution; SEVN+PARSEC framework (Mapelli et al. 2022),2.5 (SEVN / Giacobbo &amp; Mapelli 2020 default),Scaled by ejecta/remnant mass (Giacobbo &amp; Mapelli 2020 prescription; GM20 — effective low kick for stripped/ECSN),144,0,0,0,0.7638888889,0,0.09722222222,0,0.138888888900,0.861111111120,,,,,,,,,,,,,,,,,,,,
Shao & Li (2021),ShaoLi_delayed,2021,BSE,SSE,SL21,https://ui.adsabs.harvard.edu/abs/2021ApJ...920...81S/abstract,265,265,1,0.5,pessimistic,standard,variable (Claeys et al. 2014),Farmer et al. (2019),zeta prescription (BSE / Hurley et al. 2002),F12 delayed,specific AM of accretor (isotropic re-emission; Soberman et al. 1997),isotropic re-emission (Soberman et al. 1997),TRUE,1,αCE=1.0; standard CE energy formalism; BSE (Hurley et al. 2002) framework,No (pessimistic; BSE default),"Vink et al. (2000a,b) hot stars; Kudritzki &amp; Reimers (1978) cool stars; Hamann et al. (1995) WR; metallicity-scaled; BSE (Hurley et al. 2002)",Hurley et al. (2002) BSE equilibrium tides (Hut 1981); tidal synchronization and circularization included,"Varies per model: Fryer et al. (2012) rapid (ShaoLi_rapid), delayed (ShaoLi_delayed), or Mandel &amp; Müller (2016) stochastic (ShaoLi_stochastic)",Kroupa (2001) broken power-law; M1: 5–150 M☉,Flat-in-log (Öpik 1924); BSE default,Flat in q = M2/M1 (BSE / Hurley et al. 2002 default),0.5 (BSE default),Z = 0.0001 to 0.03; multiple metallicity bins (Shao &amp; Li 2021),Madau &amp; Dickinson (2014) SFRD; metallicity evolution from Langer &amp; Norman (2006),2.5 (BSE default),265 (BSE applies same Hobbs 2005 Maxwellian; no separate ECSN channel),47.2,0,0,0,0,0,0,0,0.780000000000,0.220000000000,10.2,0,0,0,0,0,0,0,0.41000000000,0.59000000000,,,,,,,,,,
Shao & Li (2021),ShaoLi_rapid,2021,BSE,SSE,SL21,https://ui.adsabs.harvard.edu/abs/2021ApJ...920...81S/abstract,265,265,1,0.5,pessimistic,standard,variable (Claeys et al. 2014),Farmer et al. (2019),zeta prescription (BSE / Hurley et al. 2002),F12 rapid,specific AM of accretor (isotropic re-emission; Soberman et al. 1997),isotropic re-emission (Soberman et al. 1997),TRUE,1,αCE=1.0; standard CE energy formalism; BSE (Hurley et al. 2002) framework,No (pessimistic; BSE default),"Vink et al. (2000a,b) hot stars; Kudritzki &amp; Reimers (1978) cool stars; Hamann et al. (1995) WR; metallicity-scaled; BSE (Hurley et al. 2002)",Hurley et al. (2002) BSE equilibrium tides (Hut 1981); tidal synchronization and circularization included,"Varies per model: Fryer et al. (2012) rapid (ShaoLi_rapid), delayed (ShaoLi_delayed), or Mandel &amp; Müller (2016) stochastic (ShaoLi_stochastic)",Kroupa (2001) broken power-law; M1: 5–150 M☉,Flat-in-log (Öpik 1924); BSE default,Flat in q = M2/M1 (BSE / Hurley et al. 2002 default),0.5 (BSE default),Z = 0.0001 to 0.03; multiple metallicity bins (Shao &amp; Li 2021),Madau &amp; Dickinson (2014) SFRD; metallicity evolution from Langer &amp; Norman (2006),2.5 (BSE default),265 (BSE applies same Hobbs 2005 Maxwellian; no separate ECSN channel),42.6,0,0,0,0,0,0,0,0.700000000000,0.300000000000,17.4,0,0,0,0,0,0,0,0.28000000000,0.72000000000,,,,,,,,,,
Shao & Li (2021),ShaoLi_stochastic,2021,BSE,SSE,SL21,https://ui.adsabs.harvard.edu/abs/2021ApJ...920...81S/abstract,265,265,1,0.5,pessimistic,standard,variable (Claeys et al. 2014),Farmer et al. (2019),zeta prescription (BSE / Hurley et al. 2002),"MM SN (stochastic, Mandel & Müller 2016)",specific AM of accretor (isotropic re-emission; Soberman et al. 1997),isotropic re-emission (Soberman et al. 1997),TRUE,1,αCE=1.0; standard CE energy formalism; BSE (Hurley et al. 2002) framework,No (pessimistic; BSE default),"Vink et al. (2000a,b) hot stars; Kudritzki &amp; Reimers (1978) cool stars; Hamann et al. (1995) WR; metallicity-scaled; BSE (Hurley et al. 2002)",Hurley et al. (2002) BSE equilibrium tides (Hut 1981); tidal synchronization and circularization included,"Varies per model: Fryer et al. (2012) rapid (ShaoLi_rapid), delayed (ShaoLi_delayed), or Mandel &amp; Müller (2016) stochastic (ShaoLi_stochastic)",Kroupa (2001) broken power-law; M1: 5–150 M☉,Flat-in-log (Öpik 1924); BSE default,Flat in q = M2/M1 (BSE / Hurley et al. 2002 default),0.5 (BSE default),Z = 0.0001 to 0.03; multiple metallicity bins (Shao &amp; Li 2021),Madau &amp; Dickinson (2014) SFRD; metallicity evolution from Langer &amp; Norman (2006),2.5 (BSE default),265 (BSE applies same Hobbs 2005 Maxwellian; no separate ECSN channel),76.1,0,0,0,0,0,0,0,0.300000000000,0.700000000000,71.7,0,0,0,0,0,0,0,0.14000000000,0.86000000000,,,,,,,,,,
Xing et al. (2024),Xing24_alpha_2,2024,POSYDON,MESA,Xing24,https://arxiv.org/pdf/2410.20415,265,30,2,non-conservative (Eddington-limited onto BH),pessimistic,standard,Nanjing,Farmer et al. (2019),POSYDON detailed MT stability (MESA grids),delayed,specific AM of accreting star (Hurley 2002 prescription in POSYDON),Hurley (2002) AM of accretor,TRUE,1,αCE varies per model; pessimistic CE; POSYDON v2 MESA grids; Fragos et al. 2023,No (pessimistic; POSYDON v2 default),"POSYDON v2: MESA-computed stellar winds during MS/HeMS phases; Vink et al. (2000a,b) hot stars; Nugis &amp; Lamers (2000) WR; Belczynski et al. (2010) stripped stars",POSYDON v2 MESA grids include tidal interactions; Hurley et al. (2002) for non-MESA phases,Fryer et al. (2012) delayed; POSYDON v2 remnant mass scheme,Kroupa (2001) broken power-law; M1: 10–150 M☉,Sana et al. (2012) period distribution; POSYDON v2 grid,Uniform in q = M2/M1 (Sana et al. 2012); POSYDON v2,0.7 (Sana et al. 2012),Z = 10⁻⁴ to 2 Z☉; POSYDON v2 cosmological metallicity grid (Andrews et al. 2024),"IllustrisTNG cosmological simulation; POSYDON v2 S(Z,z) framework (Andrews et al. 2024)",2.5 (POSYDON v2 default),30 (low-kick channel; σ_strippedSN=30),,,,,,,,,,,162.00000000000,0.000000000000,0.00000000000,0.00000000000,0.00000000000,0.00000000000,0.00000000000,0.00000000000,0.14000000000,0.86000000000,,,,,,,,,,
Xing et al. (2024),Xing24_fiducial,2024,POSYDON,MESA,Xing24,https://arxiv.org/pdf/2410.20415,265,30,1,non-conservative (Eddington-limited onto BH),pessimistic,standard,Nanjing,Farmer et al. (2019),POSYDON detailed MT stability (MESA grids),delayed,specific AM of accreting star (Hurley 2002 prescription in POSYDON),Hurley (2002) AM of accretor,TRUE,1,αCE varies per model; pessimistic CE; POSYDON v2 MESA grids; Fragos et al. 2023,No (pessimistic; POSYDON v2 default),"POSYDON v2: MESA-computed stellar winds during MS/HeMS phases; Vink et al. (2000a,b) hot stars; Nugis &amp; Lamers (2000) WR; Belczynski et al. (2010) stripped stars",POSYDON v2 MESA grids include tidal interactions; Hurley et al. (2002) for non-MESA phases,Fryer et al. (2012) delayed; POSYDON v2 remnant mass scheme,Kroupa (2001) broken power-law; M1: 10–150 M☉,Sana et al. (2012) period distribution; POSYDON v2 grid,Uniform in q = M2/M1 (Sana et al. 2012); POSYDON v2,0.7 (Sana et al. 2012),Z = 10⁻⁴ to 2 Z☉; POSYDON v2 cosmological metallicity grid (Andrews et al. 2024),"IllustrisTNG cosmological simulation; POSYDON v2 S(Z,z) framework (Andrews et al. 2024)",2.5 (POSYDON v2 default),30 (low-kick channel; σ_strippedSN=30),,,,,,,,,,,72.00000000000,0.000000000000,0.00000000000,0.00000000000,0.00000000000,0.00000000000,0.00000000000,0.00000000000,0.30000000000,0.70000000000,,,,,,,,,,
Xing et al. (2024),Xing24_sigma_150,2024,POSYDON,MESA,Xing24,https://arxiv.org/pdf/2410.20415,150,30,1,non-conservative (Eddington-limited onto BH),pessimistic,standard,Nanjing,Farmer et al. (2019),POSYDON detailed MT stability (MESA grids),delayed,specific AM of accreting star (Hurley 2002 prescription in POSYDON),Hurley (2002) AM of accretor,TRUE,1,αCE varies per model; pessimistic CE; POSYDON v2 MESA grids; Fragos et al. 2023,No (pessimistic; POSYDON v2 default),"POSYDON v2: MESA-computed stellar winds during MS/HeMS phases; Vink et al. (2000a,b) hot stars; Nugis &amp; Lamers (2000) WR; Belczynski et al. (2010) stripped stars",POSYDON v2 MESA grids include tidal interactions; Hurley et al. (2002) for non-MESA phases,Fryer et al. (2012) delayed; POSYDON v2 remnant mass scheme,Kroupa (2001) broken power-law; M1: 10–150 M☉,Sana et al. (2012) period distribution; POSYDON v2 grid,Uniform in q = M2/M1 (Sana et al. 2012); POSYDON v2,0.7 (Sana et al. 2012),Z = 10⁻⁴ to 2 Z☉; POSYDON v2 cosmological metallicity grid (Andrews et al. 2024),"IllustrisTNG cosmological simulation; POSYDON v2 S(Z,z) framework (Andrews et al. 2024)",2.5 (POSYDON v2 default),30 (low-kick channel; σ_strippedSN=30),,,,,,,,,,,193.00000000000,0.000000000000,0.00000000000,0.00000000000,0.00000000000,0.00000000000,0.00000000000,0.00000000000,0.25000000000,0.75000000000,,,,,,,,,,
Xing et al. (2024),Xing24_sigma_61_6,2024,POSYDON,MESA,Xing24,https://arxiv.org/pdf/2410.20415,61.6,30,1,non-conservative (Eddington-limited onto BH),pessimistic,standard,Nanjing,Farmer et al. (2019),POSYDON detailed MT stability (MESA grids),delayed,specific AM of accreting star (Hurley 2002 prescription in POSYDON),Hurley (2002) AM of accretor,TRUE,1,αCE varies per model; pessimistic CE; POSYDON v2 MESA grids; Fragos et al. 2023,No (pessimistic; POSYDON v2 default),"POSYDON v2: MESA-computed stellar winds during MS/HeMS phases; Vink et al. (2000a,b) hot stars; Nugis &amp; Lamers (2000) WR; Belczynski et al. (2010) stripped stars",POSYDON v2 MESA grids include tidal interactions; Hurley et al. (2002) for non-MESA phases,Fryer et al. (2012) delayed; POSYDON v2 remnant mass scheme,Kroupa (2001) broken power-law; M1: 10–150 M☉,Sana et al. (2012) period distribution; POSYDON v2 grid,Uniform in q = M2/M1 (Sana et al. 2012); POSYDON v2,0.7 (Sana et al. 2012),Z = 10⁻⁴ to 2 Z☉; POSYDON v2 cosmological metallicity grid (Andrews et al. 2024),"IllustrisTNG cosmological simulation; POSYDON v2 S(Z,z) framework (Andrews et al. 2024)",2.5 (POSYDON v2 default),30 (low-kick channel; σ_strippedSN=30),,,,,,,,,,,408.00000000000,0.000000000000,0.00000000000,0.00000000000,0.00000000000,0.00000000000,0.00000000000,0.00000000000,0.03000000000,0.97000000000,,,,,,,,,,
van Son et al. (2022),van Son (2022),2022,COMPAS,SSE,vSon22,https://ui.adsabs.harvard.edu/abs/2022ApJ...931...17V/abstract,265,30,1,"during stable MT onto a stellar companion, accretion limited to $10\times$ the thermal rate of the accretor",pessimistic,standard,"``Nanjing'' prescription \citep{Dominik2012,XuLi2010a,XuLi2010b}","Farmer et al.~(2019); PPISN for He-core masses $>35\,\Msun$, PISN for $60$--$135\,\Msun$ \\",zeta prescription,F12 delayed,non-conservative MT mass is lost with the specific orbital AM of the accretor,non-conservative MT mass lost with specific orbital AM of accreting star (Soberman et al. 1997),True,1,αCE=1.0; σ=265 inferred from Hobbs 2005 (not stated explicitly); Nanjing λ; pessimistic CE,No (pessimistic; Dominik et al. 2012),"Vink et al. (2000a,b) hot stars; Kudritzki &amp; Reimers (1978) / Nieuwenhuijzen &amp; de Jager (1990) cool stars; Belczynski et al. (2010) WR; LBV enhanced above Humphreys-Davidson limit",Included via COMPAS/BSE framework; not separately varied,Fryer et al. (2012) delayed; gravitational mass from CO core mass,Kroupa (2001) broken power-law; M1: 10–150 M☉,Öpik (1924) flat-in-log; 0.01–1000 AU; circular at birth,"Uniform in q = M2/M1; q ∈ [0.01, 1); M2 ≥ 0.1 M☉ (Sana et al. 2012)",0.7 (Sana et al. 2012),"Flat-in-log; 10⁻⁴ ≤ Z ≤ 0.03; re-weighted to IllustrisTNG100 S(Z,z)","IllustrisTNG100 cosmological simulation; skewed log-normal S(Z,z)",2.5 (COMPAS default),30 (same Maxwellian as σ_strippedSN),73.000000000000,0.000000000000,0.000000000000,0.000000000000,0.000000000000,0.000000000000,0.000000000000,0.000000000000,0.370000000000,0.630000000000,,,,,,,,,,,,,,,,,,,,
van Son et al. (2023),van Son (2023),2023,COMPAS,SSE,vSon23,https://ui.adsabs.harvard.edu/abs/2023ApJ...948..105V,265,30,1,"during stable MT onto a stellar companion, accretion limited to $10\times$ the thermal rate of the accretor",pessimistic,standard,"``Nanjing'' prescription \citep{Dominik2012,XuLi2010a,XuLi2010b}","Farmer et al.~(2019); PPISN for He-core masses $>35\,\Msun$, PISN for $60$--$135\,\Msun$ \\","zeta prescription: $\zeta_{\rm ad}=2$ for MS donors, $\zeta_{\rm ad}=6.5$ for HG donors, and Soberman et al.~(1997) post-He ignition",F12 delayed,non-conservative MT mass is lost with the specific orbital AM of the accretor,non-conservative MT mass lost with specific orbital AM of accreting star (Soberman et al. 1997),True,1,"αCE=1.0; ζ stability (ζ_ad=2 MS, ζ_ad=6.5 HG, Soberman 1997 post-He); Nanjing λ",No (pessimistic; Dominik et al. 2012),"Vink et al. (2000a,b) hot stars; Kudritzki &amp; Reimers (1978) / Nieuwenhuijzen &amp; de Jager (1990) cool stars; Belczynski et al. (2010) WR; LBV enhanced above Humphreys-Davidson limit",Included via COMPAS/BSE framework; not separately varied,Fryer et al. (2012) delayed; gravitational mass from CO core mass; Farmer et al. (2019) PPISN upper limit,Kroupa (2001) broken power-law; M1: 10–150 M☉,Öpik (1924) flat-in-log; 0.01–1000 AU; circular at birth,"Uniform in q = M2/M1; q ∈ [0.01, 1); M2 ≥ 0.1 M☉ (Sana et al. 2012)",0.7 (Sana et al. 2012),Flat-in-log; 10⁻⁴ ≤ Z ≤ 0.03; continuous smooth distribution,"IllustrisTNG100 cosmological simulation; S(Z,z) re-weighting",2.5 (COMPAS default),30 (same as σ_strippedSN),58.900000000000,0.000000000000,0.000000000000,0.000000000000,0.000000000000,0.000000000000,0.000000000000,0.000000000000,0.290322580645,0.709677419355,,,,,,,,,,,,,,,,,,,,
