model,link to paper ,year,code,code_abbr,stellar_tracks,label_1,label_2,label_3,label_4,label_author,sigma,sigma_strippedSN,sigma extra,alpha,alpha extra ,beta,gamma,CE optimistic/pessimistic,CE prescription,lambda,RMP,RMP extra,PISN prescription,stability ,non-conservativeness AM loss ,Eddington limited accretion CO,f_WR,
model,link to paper,year,code,code_abbr,stellar_tracks,label_1,label_2,label_3,label_4,label_author,sigma,sigma_strippedSN,sigma extra,alpha,alpha extra,beta,gamma,CE optimistic/pessimistic,CE prescription,lambda,RMP,RMP extra,PISN prescription,stability,non-conservativeness AM loss,Eddington limited accretion CO,f_WR,binding energy
B22-A-fiducial,https://ui.adsabs.harvard.edu/abs/2021arXiv210302608B/abstract,2022,COMPAS,COMP,SSE,fiducial,,,,BRO22,265,30,Hobbs 2005,1,Standard CE energy formalism; αCE=1 is fiducial (Webbink 1984),thermal,specific AM of accreting star (Soberman et al. 1997),pessimistic,standard,Nanjing,F12 delayed,Fryer 2012 delayed http://adsabs.harvard.edu/abs/2012ApJ...749...91F,fit based on Marchant et al. (2019),zeta prescription,non-conservative MT mass lost with specific orbital AM of accreting star (Soberman et al. 1997; van den Heuvel et al. 2017),TRUE,1,"Nanjing prescription: λ computed from polynomial fits to stellar structure as function of stellar type, mass, and radius (Xu & Li 2010a,b; Dominik et al. 2012). Includes internal energy (αth contribution). λ varies from ~0.01–10 depending on evolutionary state."
B22-B-beta0-25,https://ui.adsabs.harvard.edu/abs/2021arXiv210302608B/abstract,2022,COMPAS,COMP,SSE,$\beta = 0.25$,,,,BRO22,265,30,Hobbs 2005,1,Standard CE energy formalism; αCE=1 is fiducial (Webbink 1984),0.25,specific AM of accreting star (Soberman et al. 1997),pessimistic,standard,Nanjing,F12 delayed,Fryer 2012 delayed http://adsabs.harvard.edu/abs/2012ApJ...749...91F,fit based on Marchant et al. (2019),zeta prescription,non-conservative MT mass lost with specific orbital AM of accreting star (Soberman et al. 1997; van den Heuvel et al. 2017),TRUE,1,"Nanjing prescription: λ computed from polynomial fits to stellar structure as function of stellar type, mass, and radius (Xu & Li 2010a,b; Dominik et al. 2012). Includes internal energy (αth contribution). λ varies from ~0.01–10 depending on evolutionary state."
B22-C-beta0-5,https://ui.adsabs.harvard.edu/abs/2021arXiv210302608B/abstract,2022,COMPAS,COMP,SSE,$\beta = 0.5$,,,,BRO22,265,30,Hobbs 2005,1,Standard CE energy formalism; αCE=1 is fiducial (Webbink 1984),0.5,specific AM of accreting star (Soberman et al. 1997),pessimistic,standard,Nanjing,F12 delayed,Fryer 2012 delayed http://adsabs.harvard.edu/abs/2012ApJ...749...91F,fit based on Marchant et al. (2019),zeta prescription,non-conservative MT mass lost with specific orbital AM of accreting star (Soberman et al. 1997; van den Heuvel et al. 2017),TRUE,1,"Nanjing prescription: λ computed from polynomial fits to stellar structure as function of stellar type, mass, and radius (Xu & Li 2010a,b; Dominik et al. 2012). Includes internal energy (αth contribution). λ varies from ~0.01–10 depending on evolutionary state."
B22-D-beta0-75,https://ui.adsabs.harvard.edu/abs/2021arXiv210302608B/abstract,2022,COMPAS,COMP,SSE,$\beta = 0.75$,,,,BRO22,265,30,Hobbs 2005,1,Standard CE energy formalism; αCE=1 is fiducial (Webbink 1984),0.75,specific AM of accreting star (Soberman et al. 1997),pessimistic,standard,Nanjing,F12 delayed,Fryer 2012 delayed http://adsabs.harvard.edu/abs/2012ApJ...749...91F,fit based on Marchant et al. (2019),zeta prescription,non-conservative MT mass lost with specific orbital AM of accreting star (Soberman et al. 1997; van den Heuvel et al. 2017),TRUE,1,"Nanjing prescription: λ computed from polynomial fits to stellar structure as function of stellar type, mass, and radius (Xu & Li 2010a,b; Dominik et al. 2012). Includes internal energy (αth contribution). λ varies from ~0.01–10 depending on evolutionary state."
B22-E-unstableBB,https://ui.adsabs.harvard.edu/abs/2021arXiv210302608B/abstract,2022,COMPAS,COMP,SSE,case BB CE,,,,BRO22,265,30,Hobbs 2005,1,Standard CE energy formalism; αCE=1 is fiducial (Webbink 1984),thermal,specific AM of accreting star (Soberman et al. 1997),pessimistic,standard,Nanjing,F12 delayed,Fryer 2012 delayed http://adsabs.harvard.edu/abs/2012ApJ...749...91F,fit based on Marchant et al. (2019),zeta prescription,non-conservative MT mass lost with specific orbital AM of accreting star (Soberman et al. 1997; van den Heuvel et al. 2017),TRUE,1,"Nanjing prescription: λ computed from polynomial fits to stellar structure as function of stellar type, mass, and radius (Xu & Li 2010a,b; Dominik et al. 2012). Includes internal energy (αth contribution). λ varies from ~0.01–10 depending on evolutionary state."
B22-F-unstableBB-optimistic,https://ui.adsabs.harvard.edu/abs/2021arXiv210302608B/abstract,2022,COMPAS,COMP,SSE,case BB CE,opt CE,,,BRO22,265,30,Hobbs 2005,1,Standard CE energy formalism; αCE=1 is fiducial (Webbink 1984),thermal,specific AM of accreting star (Soberman et al. 1997),optimistic,standard,Nanjing,F12 delayed,Fryer 2012 delayed http://adsabs.harvard.edu/abs/2012ApJ...749...91F,fit based on Marchant et al. (2019),zeta prescription,non-conservative MT mass lost with specific orbital AM of accreting star (Soberman et al. 1997; van den Heuvel et al. 2017),TRUE,1,"Nanjing prescription: λ computed from polynomial fits to stellar structure as function of stellar type, mass, and radius (Xu & Li 2010a,b; Dominik et al. 2012). Includes internal energy (αth contribution). λ varies from ~0.01–10 depending on evolutionary state."
B22-G-alpha0-1,https://ui.adsabs.harvard.edu/abs/2021arXiv210302608B/abstract,2022,COMPAS,COMP,SSE,$\alpha = 0.1$,,,,BRO22,265,30,Hobbs 2005,0.1,Standard CE energy formalism; αCE=1 is fiducial (Webbink 1984),thermal,specific AM of accreting star (Soberman et al. 1997),pessimistic,standard,Nanjing,F12 delayed,Fryer 2012 delayed http://adsabs.harvard.edu/abs/2012ApJ...749...91F,fit based on Marchant et al. (2019),zeta prescription,non-conservative MT mass lost with specific orbital AM of accreting star (Soberman et al. 1997; van den Heuvel et al. 2017),TRUE,1,"Nanjing prescription: λ computed from polynomial fits to stellar structure as function of stellar type, mass, and radius (Xu & Li 2010a,b; Dominik et al. 2012). Includes internal energy (αth contribution). λ varies from ~0.01–10 depending on evolutionary state."
B22-H-alpha0-5,https://ui.adsabs.harvard.edu/abs/2021arXiv210302608B/abstract,2022,COMPAS,COMP,SSE,$\alpha = 0.5$,,,,BRO22,265,30,Hobbs 2005,0.5,Standard CE energy formalism; αCE=1 is fiducial (Webbink 1984),thermal,specific AM of accreting star (Soberman et al. 1997),pessimistic,standard,Nanjing,F12 delayed,Fryer 2012 delayed http://adsabs.harvard.edu/abs/2012ApJ...749...91F,fit based on Marchant et al. (2019),zeta prescription,non-conservative MT mass lost with specific orbital AM of accreting star (Soberman et al. 1997; van den Heuvel et al. 2017),TRUE,1,"Nanjing prescription: λ computed from polynomial fits to stellar structure as function of stellar type, mass, and radius (Xu & Li 2010a,b; Dominik et al. 2012). Includes internal energy (αth contribution). λ varies from ~0.01–10 depending on evolutionary state."
B22-I-alpha2,https://ui.adsabs.harvard.edu/abs/2021arXiv210302608B/abstract,2022,COMPAS,COMP,SSE,$\alpha = 2$,,,,BRO22,265,30,Hobbs 2005,2,Standard CE energy formalism; αCE=1 is fiducial (Webbink 1984),thermal,specific AM of accreting star (Soberman et al. 1997),pessimistic,standard,Nanjing,F12 delayed,Fryer 2012 delayed http://adsabs.harvard.edu/abs/2012ApJ...749...91F,fit based on Marchant et al. (2019),zeta prescription,non-conservative MT mass lost with specific orbital AM of accreting star (Soberman et al. 1997; van den Heuvel et al. 2017),TRUE,1,"Nanjing prescription: λ computed from polynomial fits to stellar structure as function of stellar type, mass, and radius (Xu & Li 2010a,b; Dominik et al. 2012). Includes internal energy (αth contribution). λ varies from ~0.01–10 depending on evolutionary state."
B22-J-alpha10,https://ui.adsabs.harvard.edu/abs/2021arXiv210302608B/abstract,2022,COMPAS,COMP,SSE,$\alpha = 10$,,,,BRO22,265,30,Hobbs 2005,10,Standard CE energy formalism; αCE=1 is fiducial (Webbink 1984),thermal,specific AM of accreting star (Soberman et al. 1997),pessimistic,standard,Nanjing,F12 delayed,Fryer 2012 delayed http://adsabs.harvard.edu/abs/2012ApJ...749...91F,fit based on Marchant et al. (2019),zeta prescription,non-conservative MT mass lost with specific orbital AM of accreting star (Soberman et al. 1997; van den Heuvel et al. 2017),TRUE,1,"Nanjing prescription: λ computed from polynomial fits to stellar structure as function of stellar type, mass, and radius (Xu & Li 2010a,b; Dominik et al. 2012). Includes internal energy (αth contribution). λ varies from ~0.01–10 depending on evolutionary state."
B22-K-optimisticCE,https://ui.adsabs.harvard.edu/abs/2021arXiv210302608B/abstract,2022,COMPAS,COMP,SSE,opt CE,,,,BRO22,265,30,Hobbs 2005,1,Standard CE energy formalism; αCE=1 is fiducial (Webbink 1984),thermal,specific AM of accreting star (Soberman et al. 1997),optimistic,standard,Nanjing,F12 delayed,Fryer 2012 delayed http://adsabs.harvard.edu/abs/2012ApJ...749...91F,fit based on Marchant et al. (2019),zeta prescription,non-conservative MT mass lost with specific orbital AM of accreting star (Soberman et al. 1997; van den Heuvel et al. 2017),TRUE,1,"Nanjing prescription: λ computed from polynomial fits to stellar structure as function of stellar type, mass, and radius (Xu & Li 2010a,b; Dominik et al. 2012). Includes internal energy (αth contribution). λ varies from ~0.01–10 depending on evolutionary state."
B22-L-rapid,https://ui.adsabs.harvard.edu/abs/2021arXiv210302608B/abstract,2022,COMPAS,COMP,SSE,rapid SN,,,,BRO22,265,30,Hobbs 2005,1,Standard CE energy formalism; αCE=1 is fiducial (Webbink 1984),thermal,specific AM of accreting star (Soberman et al. 1997),pessimistic,standard,Nanjing,F12 rapid,Fryer 2012 delayed http://adsabs.harvard.edu/abs/2012ApJ...749...91F,fit based on Marchant et al. (2019),zeta prescription,non-conservative MT mass lost with specific orbital AM of accreting star (Soberman et al. 1997; van den Heuvel et al. 2017),TRUE,1,"Nanjing prescription: λ computed from polynomial fits to stellar structure as function of stellar type, mass, and radius (Xu & Li 2010a,b; Dominik et al. 2012). Includes internal energy (αth contribution). λ varies from ~0.01–10 depending on evolutionary state."
B22-M-max-mNS:2,https://ui.adsabs.harvard.edu/abs/2021arXiv210302608B/abstract,2022,COMPAS,COMP,SSE,"$m_{\rm{NS}} \leq 2\,M_{\odot} $",,,,BRO22,265,30,Hobbs 2005,1,Standard CE energy formalism; αCE=1 is fiducial (Webbink 1984),thermal,specific AM of accreting star (Soberman et al. 1997),pessimistic,standard,Nanjing,F12 delayed,Fryer 2012 delayed http://adsabs.harvard.edu/abs/2012ApJ...749...91F,fit based on Marchant et al. (2019),zeta prescription,non-conservative MT mass lost with specific orbital AM of accreting star (Soberman et al. 1997; van den Heuvel et al. 2017),TRUE,1,"Nanjing prescription: λ computed from polynomial fits to stellar structure as function of stellar type, mass, and radius (Xu & Li 2010a,b; Dominik et al. 2012). Includes internal energy (αth contribution). λ varies from ~0.01–10 depending on evolutionary state."
B22-N-max-mNS:3,https://ui.adsabs.harvard.edu/abs/2021arXiv210302608B/abstract,2022,COMPAS,COMP,SSE,"$m_{\rm{NS}} \leq 3\,M_{\odot} $",,,,BRO22,265,30,Hobbs 2005,1,Standard CE energy formalism; αCE=1 is fiducial (Webbink 1984),thermal,specific AM of accreting star (Soberman et al. 1997),pessimistic,standard,Nanjing,F12 delayed,Fryer 2012 delayed http://adsabs.harvard.edu/abs/2012ApJ...749...91F,fit based on Marchant et al. (2019),zeta prescription,non-conservative MT mass lost with specific orbital AM of accreting star (Soberman et al. 1997; van den Heuvel et al. 2017),TRUE,1,"Nanjing prescription: λ computed from polynomial fits to stellar structure as function of stellar type, mass, and radius (Xu & Li 2010a,b; Dominik et al. 2012). Includes internal energy (αth contribution). λ varies from ~0.01–10 depending on evolutionary state."
B22-O-noPISN,https://ui.adsabs.harvard.edu/abs/2021arXiv210302608B/abstract,2022,COMPAS,COMP,SSE,no PISN,,,,BRO22,265,30,Hobbs 2005,1,Standard CE energy formalism; αCE=1 is fiducial (Webbink 1984),thermal,specific AM of accreting star (Soberman et al. 1997),pessimistic,standard,Nanjing,F12 delayed,Fryer 2012 delayed http://adsabs.harvard.edu/abs/2012ApJ...749...91F,no PISN,zeta prescription,non-conservative MT mass lost with specific orbital AM of accreting star (Soberman et al. 1997; van den Heuvel et al. 2017),TRUE,1,"Nanjing prescription: λ computed from polynomial fits to stellar structure as function of stellar type, mass, and radius (Xu & Li 2010a,b; Dominik et al. 2012). Includes internal energy (αth contribution). λ varies from ~0.01–10 depending on evolutionary state."
B22-P-sigma:100,https://ui.adsabs.harvard.edu/abs/2021arXiv210302608B/abstract,2022,COMPAS,COMP,SSE,$\sigma = 100$,,,,BRO22,100,100,Hobbs 2005,1,Standard CE energy formalism; αCE=1 is fiducial (Webbink 1984),thermal,specific AM of accreting star (Soberman et al. 1997),pessimistic,standard,Nanjing,F12 delayed,Fryer 2012 delayed http://adsabs.harvard.edu/abs/2012ApJ...749...91F,fit based on Marchant et al. (2019),zeta prescription,non-conservative MT mass lost with specific orbital AM of accreting star (Soberman et al. 1997; van den Heuvel et al. 2017),TRUE,1,"Nanjing prescription: λ computed from polynomial fits to stellar structure as function of stellar type, mass, and radius (Xu & Li 2010a,b; Dominik et al. 2012). Includes internal energy (αth contribution). λ varies from ~0.01–10 depending on evolutionary state."
B22-Q-sigma:30,https://ui.adsabs.harvard.edu/abs/2021arXiv210302608B/abstract,2022,COMPAS,COMP,SSE,$\sigma = 30$,,,,BRO22,30,30,Hobbs 2005,1,Standard CE energy formalism; αCE=1 is fiducial (Webbink 1984),thermal,specific AM of accreting star (Soberman et al. 1997),pessimistic,standard,Nanjing,F12 delayed,Fryer 2012 delayed http://adsabs.harvard.edu/abs/2012ApJ...749...91F,fit based on Marchant et al. (2019),zeta prescription,non-conservative MT mass lost with specific orbital AM of accreting star (Soberman et al. 1997; van den Heuvel et al. 2017),TRUE,1,"Nanjing prescription: λ computed from polynomial fits to stellar structure as function of stellar type, mass, and radius (Xu & Li 2010a,b; Dominik et al. 2012). Includes internal energy (αth contribution). λ varies from ~0.01–10 depending on evolutionary state."
B22-R-noBHkick,https://ui.adsabs.harvard.edu/abs/2021arXiv210302608B/abstract,2022,COMPAS,COMP,SSE,no BH kick,,,,BRO22,0,0,Hobbs 2005,1,Standard CE energy formalism; αCE=1 is fiducial (Webbink 1984),thermal,specific AM of accreting star (Soberman et al. 1997),pessimistic,standard,Nanjing,F12 delayed,Fryer 2012 delayed http://adsabs.harvard.edu/abs/2012ApJ...749...91F,fit based on Marchant et al. (2019),zeta prescription,non-conservative MT mass lost with specific orbital AM of accreting star (Soberman et al. 1997; van den Heuvel et al. 2017),TRUE,1,"Nanjing prescription: λ computed from polynomial fits to stellar structure as function of stellar type, mass, and radius (Xu & Li 2010a,b; Dominik et al. 2012). Includes internal energy (αth contribution). λ varies from ~0.01–10 depending on evolutionary state."
B22-S-fWR:0-1,https://ui.adsabs.harvard.edu/abs/2021arXiv210302608B/abstract,2022,COMPAS,COMP,SSE,$f_{\rm{WR}} = 0.1$,,,,BRO22,265,30,Hobbs 2005,1,Standard CE energy formalism; αCE=1 is fiducial (Webbink 1984),thermal,specific AM of accreting star (Soberman et al. 1997),pessimistic,standard,Nanjing,F12 delayed,Fryer 2012 delayed http://adsabs.harvard.edu/abs/2012ApJ...749...91F,fit based on Marchant et al. (2019),zeta prescription,non-conservative MT mass lost with specific orbital AM of accreting star (Soberman et al. 1997; van den Heuvel et al. 2017),TRUE,0.1,"Nanjing prescription: λ computed from polynomial fits to stellar structure as function of stellar type, mass, and radius (Xu & Li 2010a,b; Dominik et al. 2012). Includes internal energy (αth contribution). λ varies from ~0.01–10 depending on evolutionary state."
B22-T-fWR:5,https://ui.adsabs.harvard.edu/abs/2021arXiv210302608B/abstract,2022,COMPAS,COMP,SSE,$f_{\rm{WR}} = 5$,,,,BRO22,265,30,Hobbs 2005,1,Standard CE energy formalism; αCE=1 is fiducial (Webbink 1984),thermal,specific AM of accreting star (Soberman et al. 1997),pessimistic,standard,Nanjing,F12 delayed,Fryer 2012 delayed http://adsabs.harvard.edu/abs/2012ApJ...749...91F,fit based on Marchant et al. (2019),zeta prescription,non-conservative MT mass lost with specific orbital AM of accreting star (Soberman et al. 1997; van den Heuvel et al. 2017),TRUE,5,"Nanjing prescription: λ computed from polynomial fits to stellar structure as function of stellar type, mass, and radius (Xu & Li 2010a,b; Dominik et al. 2012). Includes internal energy (αth contribution). λ varies from ~0.01–10 depending on evolutionary state."
B21-alpha0-2,https://arxiv.org/pdf/2010.16333,2021,POSYDON,POSY,hybrid,$\alpha = 0.2$,,,,BA21,265,30,Hobbs 2005,0.2,αCE varies per model; pessimistic CE (HG donors fail); POSYDON hybrid,non-conservative (Eddington-limited onto BH); 10x thermal rate for stellar accretor,specific AM of accreting star (Hurley 2002 AM of accretor prescription),pessimistic,standard,"Nanjing (Dominik et al. 2012; Xu & Li 2010a,b)",F12 delayed,Fryer 2012 delayed http://adsabs.harvard.edu/abs/2012ApJ...749...91F,fit based on Marchant et al. (2019),"The stability of Roche-lobe overflow mass transfer is determined by the rate at which the Roche-lobe radius is changing as a result of mass-transfer d log(RL)/d log(m) to the response of the radius of a star as its mass is changing d log(R∗)/d log(m). We use the approximation of Eggleton (1983) for the Roche-lobe radius while we approximate the radial response of the star depending on its stellar type. We adopt the values assumed in Neijssel et al. (2019); Bavera et al. (2020). The stability of the mass transfer can then be determined by solving this equation with respect to the critical mass ratio, defined as qcrit = mdonor/maccretor. For MS stars we use d log(R∗)/d log(m) = 2.0 which correspond to qcrit ' 1.72 while for HG stars d log(R∗)/d log(m) = 6.5 which correspond to qcrit ' 3.83 (Ge et al. 2015). For stars on the GB and AGB we use fits from Hjellming & Webbink (1987). For stripped stars we adopt qcrit as in Claeys et al. (2014). Different choices of qcrit, especially for GB and AGB stars have an impact on the parameter space that leads to the formation of BBHs, hence on the merger rate, see Sec. 4.3 for a discussion of this uncertainty.",Hurley (2002) AM of accretor,TRUE,1,"Nanjing prescription: λ from polynomial fits to stellar structure (Xu & Li 2010a,b; Dominik et al. 2012), same as COMPAS. Binding energy E_bind = G M_env M / (λ R). λ varies with stellar type and evolutionary state."
B21-alpha0-35,https://arxiv.org/pdf/2010.16333,2021,POSYDON,POSY,hybrid,$\alpha = 0.35$,,,,BA21,265,30,Hobbs 2005,0.35,αCE varies per model; pessimistic CE (HG donors fail); POSYDON hybrid,non-conservative (Eddington-limited onto BH); 10x thermal rate for stellar accretor,specific AM of accreting star (Hurley 2002 AM of accretor prescription),pessimistic,standard,"Nanjing (Dominik et al. 2012; Xu & Li 2010a,b)",F12 delayed,Fryer 2012 delayed http://adsabs.harvard.edu/abs/2012ApJ...749...91F,fit based on Marchant et al. (2019),"The stability of Roche-lobe overflow mass transfer is determined by the rate at which the Roche-lobe radius is changing as a result of mass-transfer d log(RL)/d log(m) to the response of the radius of a star as its mass is changing d log(R∗)/d log(m). We use the approximation of Eggleton (1983) for the Roche-lobe radius while we approximate the radial response of the star depending on its stellar type. We adopt the values assumed in Neijssel et al. (2019); Bavera et al. (2020). The stability of the mass transfer can then be determined by solving this equation with respect to the critical mass ratio, defined as qcrit = mdonor/maccretor. For MS stars we use d log(R∗)/d log(m) = 2.0 which correspond to qcrit ' 1.72 while for HG stars d log(R∗)/d log(m) = 6.5 which correspond to qcrit ' 3.83 (Ge et al. 2015). For stars on the GB and AGB we use fits from Hjellming & Webbink (1987). For stripped stars we adopt qcrit as in Claeys et al. (2014). Different choices of qcrit, especially for GB and AGB stars have an impact on the parameter space that leads to the formation of BBHs, hence on the merger rate, see Sec. 4.3 for a discussion of this uncertainty.",Hurley (2002) AM of accretor,TRUE,1,"Nanjing prescription: λ from polynomial fits to stellar structure (Xu & Li 2010a,b; Dominik et al. 2012), same as COMPAS. Binding energy E_bind = G M_env M / (λ R). λ varies with stellar type and evolutionary state."
B21-alpha0-5,https://arxiv.org/pdf/2010.16333,2021,POSYDON,POSY,hybrid,$\alpha = 0.5$,,,,BA21,265,30,Hobbs 2005,0.5,αCE varies per model; pessimistic CE (HG donors fail); POSYDON hybrid,non-conservative (Eddington-limited onto BH); 10x thermal rate for stellar accretor,specific AM of accreting star (Hurley 2002 AM of accretor prescription),pessimistic,standard,"Nanjing (Dominik et al. 2012; Xu & Li 2010a,b)",F12 delayed,Fryer 2012 delayed http://adsabs.harvard.edu/abs/2012ApJ...749...91F,fit based on Marchant et al. (2019),"The stability of Roche-lobe overflow mass transfer is determined by the rate at which the Roche-lobe radius is changing as a result of mass-transfer d log(RL)/d log(m) to the response of the radius of a star as its mass is changing d log(R∗)/d log(m). We use the approximation of Eggleton (1983) for the Roche-lobe radius while we approximate the radial response of the star depending on its stellar type. We adopt the values assumed in Neijssel et al. (2019); Bavera et al. (2020). The stability of the mass transfer can then be determined by solving this equation with respect to the critical mass ratio, defined as qcrit = mdonor/maccretor. For MS stars we use d log(R∗)/d log(m) = 2.0 which correspond to qcrit ' 1.72 while for HG stars d log(R∗)/d log(m) = 6.5 which correspond to qcrit ' 3.83 (Ge et al. 2015). For stars on the GB and AGB we use fits from Hjellming & Webbink (1987). For stripped stars we adopt qcrit as in Claeys et al. (2014). Different choices of qcrit, especially for GB and AGB stars have an impact on the parameter space that leads to the formation of BBHs, hence on the merger rate, see Sec. 4.3 for a discussion of this uncertainty.",Hurley (2002) AM of accretor,TRUE,1,"Nanjing prescription: λ from polynomial fits to stellar structure (Xu & Li 2010a,b; Dominik et al. 2012), same as COMPAS. Binding energy E_bind = G M_env M / (λ R). λ varies with stellar type and evolutionary state."
B21-alpha0-75,https://arxiv.org/pdf/2010.16333,2021,POSYDON,POSY,hybrid,$\alpha = 0.75$,,,,BA21,265,30,Hobbs 2005,0.75,αCE varies per model; pessimistic CE (HG donors fail); POSYDON hybrid,non-conservative (Eddington-limited onto BH); 10x thermal rate for stellar accretor,specific AM of accreting star (Hurley 2002 AM of accretor prescription),pessimistic,standard,"Nanjing (Dominik et al. 2012; Xu & Li 2010a,b)",F12 delayed,Fryer 2012 delayed http://adsabs.harvard.edu/abs/2012ApJ...749...91F,fit based on Marchant et al. (2019),"The stability of Roche-lobe overflow mass transfer is determined by the rate at which the Roche-lobe radius is changing as a result of mass-transfer d log(RL)/d log(m) to the response of the radius of a star as its mass is changing d log(R∗)/d log(m). We use the approximation of Eggleton (1983) for the Roche-lobe radius while we approximate the radial response of the star depending on its stellar type. We adopt the values assumed in Neijssel et al. (2019); Bavera et al. (2020). The stability of the mass transfer can then be determined by solving this equation with respect to the critical mass ratio, defined as qcrit = mdonor/maccretor. For MS stars we use d log(R∗)/d log(m) = 2.0 which correspond to qcrit ' 1.72 while for HG stars d log(R∗)/d log(m) = 6.5 which correspond to qcrit ' 3.83 (Ge et al. 2015). For stars on the GB and AGB we use fits from Hjellming & Webbink (1987). For stripped stars we adopt qcrit as in Claeys et al. (2014). Different choices of qcrit, especially for GB and AGB stars have an impact on the parameter space that leads to the formation of BBHs, hence on the merger rate, see Sec. 4.3 for a discussion of this uncertainty.",Hurley (2002) AM of accretor,TRUE,1,"Nanjing prescription: λ from polynomial fits to stellar structure (Xu & Li 2010a,b; Dominik et al. 2012), same as COMPAS. Binding energy E_bind = G M_env M / (λ R). λ varies with stellar type and evolutionary state."
B21-alpha1,https://arxiv.org/pdf/2010.16333,2021,POSYDON,POSY,hybrid,$\alpha = 1$,,,,BA21,265,30,Hobbs 2005,1,αCE varies per model; pessimistic CE (HG donors fail); POSYDON hybrid,non-conservative (Eddington-limited onto BH); 10x thermal rate for stellar accretor,specific AM of accreting star (Hurley 2002 AM of accretor prescription),pessimistic,standard,"Nanjing (Dominik et al. 2012; Xu & Li 2010a,b)",F12 delayed,Fryer 2012 delayed http://adsabs.harvard.edu/abs/2012ApJ...749...91F,fit based on Marchant et al. (2019),"The stability of Roche-lobe overflow mass transfer is determined by the rate at which the Roche-lobe radius is changing as a result of mass-transfer d log(RL)/d log(m) to the response of the radius of a star as its mass is changing d log(R∗)/d log(m). We use the approximation of Eggleton (1983) for the Roche-lobe radius while we approximate the radial response of the star depending on its stellar type. We adopt the values assumed in Neijssel et al. (2019); Bavera et al. (2020). The stability of the mass transfer can then be determined by solving this equation with respect to the critical mass ratio, defined as qcrit = mdonor/maccretor. For MS stars we use d log(R∗)/d log(m) = 2.0 which correspond to qcrit ' 1.72 while for HG stars d log(R∗)/d log(m) = 6.5 which correspond to qcrit ' 3.83 (Ge et al. 2015). For stars on the GB and AGB we use fits from Hjellming & Webbink (1987). For stripped stars we adopt qcrit as in Claeys et al. (2014). Different choices of qcrit, especially for GB and AGB stars have an impact on the parameter space that leads to the formation of BBHs, hence on the merger rate, see Sec. 4.3 for a discussion of this uncertainty.",Hurley (2002) AM of accretor,TRUE,1,"Nanjing prescription: λ from polynomial fits to stellar structure (Xu & Li 2010a,b; Dominik et al. 2012), same as COMPAS. Binding energy E_bind = G M_env M / (λ R). λ varies with stellar type and evolutionary state."
B21-alpha2,https://arxiv.org/pdf/2010.16333,2021,POSYDON,POSY,hybrid,$\alpha = 2$,,,,BA21,265,30,Hobbs 2005,2,αCE varies per model; pessimistic CE (HG donors fail); POSYDON hybrid,non-conservative (Eddington-limited onto BH); 10x thermal rate for stellar accretor,specific AM of accreting star (Hurley 2002 AM of accretor prescription),pessimistic,standard,"Nanjing (Dominik et al. 2012; Xu & Li 2010a,b)",F12 delayed,Fryer 2012 delayed http://adsabs.harvard.edu/abs/2012ApJ...749...91F,fit based on Marchant et al. (2019),"The stability of Roche-lobe overflow mass transfer is determined by the rate at which the Roche-lobe radius is changing as a result of mass-transfer d log(RL)/d log(m) to the response of the radius of a star as its mass is changing d log(R∗)/d log(m). We use the approximation of Eggleton (1983) for the Roche-lobe radius while we approximate the radial response of the star depending on its stellar type. We adopt the values assumed in Neijssel et al. (2019); Bavera et al. (2020). The stability of the mass transfer can then be determined by solving this equation with respect to the critical mass ratio, defined as qcrit = mdonor/maccretor. For MS stars we use d log(R∗)/d log(m) = 2.0 which correspond to qcrit ' 1.72 while for HG stars d log(R∗)/d log(m) = 6.5 which correspond to qcrit ' 3.83 (Ge et al. 2015). For stars on the GB and AGB we use fits from Hjellming & Webbink (1987). For stripped stars we adopt qcrit as in Claeys et al. (2014). Different choices of qcrit, especially for GB and AGB stars have an impact on the parameter space that leads to the formation of BBHs, hence on the merger rate, see Sec. 4.3 for a discussion of this uncertainty.",Hurley (2002) AM of accretor,TRUE,1,"Nanjing prescription: λ from polynomial fits to stellar structure (Xu & Li 2010a,b; Dominik et al. 2012), same as COMPAS. Binding energy E_bind = G M_env M / (λ R). λ varies with stellar type and evolutionary state."
B21-alpha5,https://arxiv.org/pdf/2010.16333,2021,POSYDON,POSY,hybrid,$\alpha = 5$,,,,BA21,265,30,Hobbs 2005,5,αCE varies per model; pessimistic CE (HG donors fail); POSYDON hybrid,non-conservative (Eddington-limited onto BH); 10x thermal rate for stellar accretor,specific AM of accreting star (Hurley 2002 AM of accretor prescription),pessimistic,standard,"Nanjing (Dominik et al. 2012; Xu & Li 2010a,b)",F12 delayed,Fryer 2012 delayed http://adsabs.harvard.edu/abs/2012ApJ...749...91F,fit based on Marchant et al. (2019),"The stability of Roche-lobe overflow mass transfer is determined by the rate at which the Roche-lobe radius is changing as a result of mass-transfer d log(RL)/d log(m) to the response of the radius of a star as its mass is changing d log(R∗)/d log(m). We use the approximation of Eggleton (1983) for the Roche-lobe radius while we approximate the radial response of the star depending on its stellar type. We adopt the values assumed in Neijssel et al. (2019); Bavera et al. (2020). The stability of the mass transfer can then be determined by solving this equation with respect to the critical mass ratio, defined as qcrit = mdonor/maccretor. For MS stars we use d log(R∗)/d log(m) = 2.0 which correspond to qcrit ' 1.72 while for HG stars d log(R∗)/d log(m) = 6.5 which correspond to qcrit ' 3.83 (Ge et al. 2015). For stars on the GB and AGB we use fits from Hjellming & Webbink (1987). For stripped stars we adopt qcrit as in Claeys et al. (2014). Different choices of qcrit, especially for GB and AGB stars have an impact on the parameter space that leads to the formation of BBHs, hence on the merger rate, see Sec. 4.3 for a discussion of this uncertainty.",Hurley (2002) AM of accretor,TRUE,1,"Nanjing prescription: λ from polynomial fits to stellar structure (Xu & Li 2010a,b; Dominik et al. 2012), same as COMPAS. Binding energy E_bind = G M_env M / (λ R). λ varies with stellar type and evolutionary state."
B21-eddington-1E3,https://arxiv.org/pdf/2010.16333,2021,POSYDON,POSY,hybrid,$10^3 \dot{m}_{\rm{E}}$,,,,BA21,265,30,Hobbs 2005,1,αCE varies per model; pessimistic CE (HG donors fail); POSYDON hybrid,non-conservative (Eddington-limited onto BH); 10x thermal rate for stellar accretor,specific AM of accreting star (Hurley 2002 AM of accretor prescription),pessimistic,standard,"Nanjing (Dominik et al. 2012; Xu & Li 2010a,b)",F12 delayed,Fryer 2012 delayed http://adsabs.harvard.edu/abs/2012ApJ...749...91F,fit based on Marchant et al. (2019),"The stability of Roche-lobe overflow mass transfer is determined by the rate at which the Roche-lobe radius is changing as a result of mass-transfer d log(RL)/d log(m) to the response of the radius of a star as its mass is changing d log(R∗)/d log(m). We use the approximation of Eggleton (1983) for the Roche-lobe radius while we approximate the radial response of the star depending on its stellar type. We adopt the values assumed in Neijssel et al. (2019); Bavera et al. (2020). The stability of the mass transfer can then be determined by solving this equation with respect to the critical mass ratio, defined as qcrit = mdonor/maccretor. For MS stars we use d log(R∗)/d log(m) = 2.0 which correspond to qcrit ' 1.72 while for HG stars d log(R∗)/d log(m) = 6.5 which correspond to qcrit ' 3.83 (Ge et al. 2015). For stars on the GB and AGB we use fits from Hjellming & Webbink (1987). For stripped stars we adopt qcrit as in Claeys et al. (2014). Different choices of qcrit, especially for GB and AGB stars have an impact on the parameter space that leads to the formation of BBHs, hence on the merger rate, see Sec. 4.3 for a discussion of this uncertainty.",Hurley (2002) AM of accretor,adjusted,1,"Nanjing prescription: λ from polynomial fits to stellar structure (Xu & Li 2010a,b; Dominik et al. 2012), same as COMPAS. Binding energy E_bind = G M_env M / (λ R). λ varies with stellar type and evolutionary state."
B21-eddington-1E5,https://arxiv.org/pdf/2010.16333,2021,POSYDON,POSY,hybrid,$10^6 \dot{m}_{\rm{E}}$,,,,BA21,265,30,Hobbs 2005,1,αCE varies per model; pessimistic CE (HG donors fail); POSYDON hybrid,non-conservative (Eddington-limited onto BH); 10x thermal rate for stellar accretor,specific AM of accreting star (Hurley 2002 AM of accretor prescription),pessimistic,standard,"Nanjing (Dominik et al. 2012; Xu & Li 2010a,b)",F12 delayed,Fryer 2012 delayed http://adsabs.harvard.edu/abs/2012ApJ...749...91F,fit based on Marchant et al. (2019),"The stability of Roche-lobe overflow mass transfer is determined by the rate at which the Roche-lobe radius is changing as a result of mass-transfer d log(RL)/d log(m) to the response of the radius of a star as its mass is changing d log(R∗)/d log(m). We use the approximation of Eggleton (1983) for the Roche-lobe radius while we approximate the radial response of the star depending on its stellar type. We adopt the values assumed in Neijssel et al. (2019); Bavera et al. (2020). The stability of the mass transfer can then be determined by solving this equation with respect to the critical mass ratio, defined as qcrit = mdonor/maccretor. For MS stars we use d log(R∗)/d log(m) = 2.0 which correspond to qcrit ' 1.72 while for HG stars d log(R∗)/d log(m) = 6.5 which correspond to qcrit ' 3.83 (Ge et al. 2015). For stars on the GB and AGB we use fits from Hjellming & Webbink (1987). For stripped stars we adopt qcrit as in Claeys et al. (2014). Different choices of qcrit, especially for GB and AGB stars have an impact on the parameter space that leads to the formation of BBHs, hence on the merger rate, see Sec. 4.3 for a discussion of this uncertainty.",Hurley (2002) AM of accretor,adjusted,1,"Nanjing prescription: λ from polynomial fits to stellar structure (Xu & Li 2010a,b; Dominik et al. 2012), same as COMPAS. Binding energy E_bind = G M_env M / (λ R). λ varies with stellar type and evolutionary state."
B21-eddington-1E9,https://arxiv.org/pdf/2010.16333,2021,POSYDON,POSY,hybrid,$10^9 \dot{m}_{\rm{E}}$,,,,BA21,265,30,Hobbs 2005,1,αCE varies per model; pessimistic CE (HG donors fail); POSYDON hybrid,non-conservative (Eddington-limited onto BH); 10x thermal rate for stellar accretor,specific AM of accreting star (Hurley 2002 AM of accretor prescription),pessimistic,standard,"Nanjing (Dominik et al. 2012; Xu & Li 2010a,b)",F12 delayed,Fryer 2012 delayed http://adsabs.harvard.edu/abs/2012ApJ...749...91F,fit based on Marchant et al. (2019),"The stability of Roche-lobe overflow mass transfer is determined by the rate at which the Roche-lobe radius is changing as a result of mass-transfer d log(RL)/d log(m) to the response of the radius of a star as its mass is changing d log(R∗)/d log(m). We use the approximation of Eggleton (1983) for the Roche-lobe radius while we approximate the radial response of the star depending on its stellar type. We adopt the values assumed in Neijssel et al. (2019); Bavera et al. (2020). The stability of the mass transfer can then be determined by solving this equation with respect to the critical mass ratio, defined as qcrit = mdonor/maccretor. For MS stars we use d log(R∗)/d log(m) = 2.0 which correspond to qcrit ' 1.72 while for HG stars d log(R∗)/d log(m) = 6.5 which correspond to qcrit ' 3.83 (Ge et al. 2015). For stars on the GB and AGB we use fits from Hjellming & Webbink (1987). For stripped stars we adopt qcrit as in Claeys et al. (2014). Different choices of qcrit, especially for GB and AGB stars have an impact on the parameter space that leads to the formation of BBHs, hence on the merger rate, see Sec. 4.3 for a discussion of this uncertainty.",Hurley (2002) AM of accretor,adjusted,1,"Nanjing prescription: λ from polynomial fits to stellar structure (Xu & Li 2010a,b; Dominik et al. 2012), same as COMPAS. Binding energy E_bind = G M_env M / (λ R). λ varies with stellar type and evolutionary state."
B21-noRLOFatZAMS,https://arxiv.org/pdf/2010.16333,2021,POSYDON,POSY,hybrid,no MT ZAMS,,,,BA21,265,30,Hobbs 2005,1,αCE varies per model; pessimistic CE (HG donors fail); POSYDON hybrid,non-conservative (Eddington-limited onto BH); 10x thermal rate for stellar accretor,specific AM of accreting star (Hurley 2002 AM of accretor prescription),pessimistic,standard,"Nanjing (Dominik et al. 2012; Xu & Li 2010a,b)",F12 delayed,Fryer 2012 delayed http://adsabs.harvard.edu/abs/2012ApJ...749...91F,fit based on Marchant et al. (2019),"The stability of Roche-lobe overflow mass transfer is determined by the rate at which the Roche-lobe radius is changing as a result of mass-transfer d log(RL)/d log(m) to the response of the radius of a star as its mass is changing d log(R∗)/d log(m). We use the approximation of Eggleton (1983) for the Roche-lobe radius while we approximate the radial response of the star depending on its stellar type. We adopt the values assumed in Neijssel et al. (2019); Bavera et al. (2020). The stability of the mass transfer can then be determined by solving this equation with respect to the critical mass ratio, defined as qcrit = mdonor/maccretor. For MS stars we use d log(R∗)/d log(m) = 2.0 which correspond to qcrit ' 1.72 while for HG stars d log(R∗)/d log(m) = 6.5 which correspond to qcrit ' 3.83 (Ge et al. 2015). For stars on the GB and AGB we use fits from Hjellming & Webbink (1987). For stripped stars we adopt qcrit as in Claeys et al. (2014). Different choices of qcrit, especially for GB and AGB stars have an impact on the parameter space that leads to the formation of BBHs, hence on the merger rate, see Sec. 4.3 for a discussion of this uncertainty.",Hurley (2002) AM of accretor,TRUE,1,"Nanjing prescription: λ from polynomial fits to stellar structure (Xu & Li 2010a,b; Dominik et al. 2012), same as COMPAS. Binding energy E_bind = G M_env M / (λ R). λ varies with stellar type and evolutionary state."
B21-logU-SanaPrior,https://arxiv.org/pdf/2010.16333,2021,POSYDON,POSY,hybrid,logU prior,,,,BA21,265,30,Hobbs 2005,1,αCE varies per model; pessimistic CE (HG donors fail); POSYDON hybrid,non-conservative (Eddington-limited onto BH); 10x thermal rate for stellar accretor,specific AM of accreting star (Hurley 2002 AM of accretor prescription),pessimistic,standard,"Nanjing (Dominik et al. 2012; Xu & Li 2010a,b)",F12 delayed,Fryer 2012 delayed http://adsabs.harvard.edu/abs/2012ApJ...749...91F,fit based on Marchant et al. (2019),"The stability of Roche-lobe overflow mass transfer is determined by the rate at which the Roche-lobe radius is changing as a result of mass-transfer d log(RL)/d log(m) to the response of the radius of a star as its mass is changing d log(R∗)/d log(m). We use the approximation of Eggleton (1983) for the Roche-lobe radius while we approximate the radial response of the star depending on its stellar type. We adopt the values assumed in Neijssel et al. (2019); Bavera et al. (2020). The stability of the mass transfer can then be determined by solving this equation with respect to the critical mass ratio, defined as qcrit = mdonor/maccretor. For MS stars we use d log(R∗)/d log(m) = 2.0 which correspond to qcrit ' 1.72 while for HG stars d log(R∗)/d log(m) = 6.5 which correspond to qcrit ' 3.83 (Ge et al. 2015). For stars on the GB and AGB we use fits from Hjellming & Webbink (1987). For stripped stars we adopt qcrit as in Claeys et al. (2014). Different choices of qcrit, especially for GB and AGB stars have an impact on the parameter space that leads to the formation of BBHs, hence on the merger rate, see Sec. 4.3 for a discussion of this uncertainty.",Hurley (2002) AM of accretor,TRUE,1,"Nanjing prescription: λ from polynomial fits to stellar structure (Xu & Li 2010a,b; Dominik et al. 2012), same as COMPAS. Binding energy E_bind = G M_env M / (λ R). λ varies with stellar type and evolutionary state."
B21-logU-noRLOFatZAMS,https://arxiv.org/pdf/2010.16333,2021,POSYDON,POSY,hybrid,logU prior,no MT ZAMS,,,BA21,265,30,Hobbs 2005,1,αCE varies per model; pessimistic CE (HG donors fail); POSYDON hybrid,non-conservative (Eddington-limited onto BH); 10x thermal rate for stellar accretor,specific AM of accreting star (Hurley 2002 AM of accretor prescription),pessimistic,standard,"Nanjing (Dominik et al. 2012; Xu & Li 2010a,b)",F12 delayed,Fryer 2012 delayed http://adsabs.harvard.edu/abs/2012ApJ...749...91F,fit based on Marchant et al. (2019),"The stability of Roche-lobe overflow mass transfer is determined by the rate at which the Roche-lobe radius is changing as a result of mass-transfer d log(RL)/d log(m) to the response of the radius of a star as its mass is changing d log(R∗)/d log(m). We use the approximation of Eggleton (1983) for the Roche-lobe radius while we approximate the radial response of the star depending on its stellar type. We adopt the values assumed in Neijssel et al. (2019); Bavera et al. (2020). The stability of the mass transfer can then be determined by solving this equation with respect to the critical mass ratio, defined as qcrit = mdonor/maccretor. For MS stars we use d log(R∗)/d log(m) = 2.0 which correspond to qcrit ' 1.72 while for HG stars d log(R∗)/d log(m) = 6.5 which correspond to qcrit ' 3.83 (Ge et al. 2015). For stars on the GB and AGB we use fits from Hjellming & Webbink (1987). For stripped stars we adopt qcrit as in Claeys et al. (2014). Different choices of qcrit, especially for GB and AGB stars have an impact on the parameter space that leads to the formation of BBHs, hence on the merger rate, see Sec. 4.3 for a discussion of this uncertainty.",Hurley (2002) AM of accretor,TRUE,1,"Nanjing prescription: λ from polynomial fits to stellar structure (Xu & Li 2010a,b; Dominik et al. 2012), same as COMPAS. Binding energy E_bind = G M_env M / (λ R). λ varies with stellar type and evolutionary state."
B21-qcrit-Claeys,https://arxiv.org/pdf/2010.16333,2021,POSYDON,POSY,hybrid,$q_{\rm{c}}$ Claeys,,,,BA21,265,30,Hobbs 2005,1,αCE varies per model; pessimistic CE (HG donors fail); POSYDON hybrid,non-conservative (Eddington-limited onto BH); 10x thermal rate for stellar accretor,specific AM of accreting star (Hurley 2002 AM of accretor prescription),pessimistic,standard,"Nanjing (Dominik et al. 2012; Xu & Li 2010a,b)",F12 delayed,Fryer 2012 delayed http://adsabs.harvard.edu/abs/2012ApJ...749...91F,fit based on Marchant et al. (2019),"The stability of Roche-lobe overflow mass transfer is determined by the rate at which the Roche-lobe radius is changing as a result of mass-transfer d log(RL)/d log(m) to the response of the radius of a star as its mass is changing d log(R∗)/d log(m). We use the approximation of Eggleton (1983) for the Roche-lobe radius while we approximate the radial response of the star depending on its stellar type. We adopt the values assumed in Neijssel et al. (2019); Bavera et al. (2020). The stability of the mass transfer can then be determined by solving this equation with respect to the critical mass ratio, defined as qcrit = mdonor/maccretor. For MS stars we use d log(R∗)/d log(m) = 2.0 which correspond to qcrit ' 1.72 while for HG stars d log(R∗)/d log(m) = 6.5 which correspond to qcrit ' 3.83 (Ge et al. 2015). For stars on the GB and AGB we use fits from Hjellming & Webbink (1987). For stripped stars we adopt qcrit as in Claeys et al. (2014). Different choices of qcrit, especially for GB and AGB stars have an impact on the parameter space that leads to the formation of BBHs, hence on the merger rate, see Sec. 4.3 for a discussion of this uncertainty.",Hurley (2002) AM of accretor,TRUE,1,"Nanjing prescription: λ from polynomial fits to stellar structure (Xu & Li 2010a,b; Dominik et al. 2012), same as COMPAS. Binding energy E_bind = G M_env M / (λ R). λ varies with stellar type and evolutionary state."
B21-qcrit-Belczynski,https://arxiv.org/pdf/2010.16333,2021,POSYDON,POSY,hybrid,$q_{\rm{c}}$ Belcz,,,,BA21,265,30,Hobbs 2005,1,αCE varies per model; pessimistic CE (HG donors fail); POSYDON hybrid,non-conservative (Eddington-limited onto BH); 10x thermal rate for stellar accretor,specific AM of accreting star (Hurley 2002 AM of accretor prescription),pessimistic,standard,"Nanjing (Dominik et al. 2012; Xu & Li 2010a,b)",F12 delayed,Fryer 2012 delayed http://adsabs.harvard.edu/abs/2012ApJ...749...91F,fit based on Marchant et al. (2019),"The stability of Roche-lobe overflow mass transfer is determined by the rate at which the Roche-lobe radius is changing as a result of mass-transfer d log(RL)/d log(m) to the response of the radius of a star as its mass is changing d log(R∗)/d log(m). We use the approximation of Eggleton (1983) for the Roche-lobe radius while we approximate the radial response of the star depending on its stellar type. We adopt the values assumed in Neijssel et al. (2019); Bavera et al. (2020). The stability of the mass transfer can then be determined by solving this equation with respect to the critical mass ratio, defined as qcrit = mdonor/maccretor. For MS stars we use d log(R∗)/d log(m) = 2.0 which correspond to qcrit ' 1.72 while for HG stars d log(R∗)/d log(m) = 6.5 which correspond to qcrit ' 3.83 (Ge et al. 2015). For stars on the GB and AGB we use fits from Hjellming & Webbink (1987). For stripped stars we adopt qcrit as in Claeys et al. (2014). Different choices of qcrit, especially for GB and AGB stars have an impact on the parameter space that leads to the formation of BBHs, hence on the merger rate, see Sec. 4.3 for a discussion of this uncertainty.",Hurley (2002) AM of accretor,TRUE,1,"Nanjing prescription: λ from polynomial fits to stellar structure (Xu & Li 2010a,b; Dominik et al. 2012), same as COMPAS. Binding energy E_bind = G M_env M / (λ R). λ varies with stellar type and evolutionary state."
RG21-SN:N20,https://ui.adsabs.harvard.edu/abs/2021ApJ...912L..23R/abstract,2021,POSYDON,POSY,hybrid,N20 SN,ECSN low kick,,,RG21,265,20,Hobbs 2005,1,αCE=1.0; pessimistic CE (HG donors fail); POSYDON hybrid framework,thermal,specific AM of accreting star (Hurley 2002 AM of accretor prescription),pessimistic,standard,Nanjing,N20 (Müller et al. 2016),Müller et al. (2016) N20 engine,Farmer et al. (2019),zeta prescription,Hurley (2002) AM of accretor,TRUE,1,"Nanjing prescription: λ from polynomial fits to stellar structure (Xu & Li 2010a,b; Dominik et al. 2012), same as COMPAS. Binding energy E_bind = G M_env M / (λ R). λ varies with stellar type and evolutionary state."
RG21-SN:rapid,https://ui.adsabs.harvard.edu/abs/2021ApJ...912L..23R/abstract,2021,POSYDON,POSY,hybrid,rapid SN,ECSN low kick,,,RG21,265,20,Hobbs 2005,1,αCE=1.0; pessimistic CE (HG donors fail); POSYDON hybrid framework,thermal,specific AM of accreting star (Hurley 2002 AM of accretor prescription),pessimistic,standard,Nanjing,F12 rapid,Fryer 2012 rapid,Farmer et al. (2019),zeta prescription,Hurley (2002) AM of accretor,TRUE,1,"Nanjing prescription: λ from polynomial fits to stellar structure (Xu & Li 2010a,b; Dominik et al. 2012), same as COMPAS. Binding energy E_bind = G M_env M / (λ R). λ varies with stellar type and evolutionary state."
RG21-SN:delayed,https://ui.adsabs.harvard.edu/abs/2021ApJ...912L..23R/abstract,2021,POSYDON,POSY,hybrid,delayed SN,ECSN low kick,,,RG21,265,20,Hobbs 2005,1,αCE=1.0; pessimistic CE (HG donors fail); POSYDON hybrid framework,thermal,specific AM of accreting star (Hurley 2002 AM of accretor prescription),pessimistic,standard,Nanjing,F12 delayed,Fryer 2012 delayed,Farmer et al. (2019),zeta prescription,Hurley (2002) AM of accretor,TRUE,1,"Nanjing prescription: λ from polynomial fits to stellar structure (Xu & Li 2010a,b; Dominik et al. 2012), same as COMPAS. Binding energy E_bind = G M_env M / (λ R). λ varies with stellar type and evolutionary state."
RG21-ESCN:Full-SN:N20,https://ui.adsabs.harvard.edu/abs/2021ApJ...912L..23R/abstract,2021,POSYDON,POSY,hybrid,N20 SN,ECSN 265 kick,,,RG21,265,265,Hobbs 2005,1,αCE=1.0; pessimistic CE (HG donors fail); POSYDON hybrid framework,thermal,specific AM of accreting star (Hurley 2002 AM of accretor prescription),pessimistic,standard,Nanjing,N20 (Müller et al. 2016),Müller et al. (2016) N20 engine,Farmer et al. (2019),zeta prescription,Hurley (2002) AM of accretor,TRUE,1,"Nanjing prescription: λ from polynomial fits to stellar structure (Xu & Li 2010a,b; Dominik et al. 2012), same as COMPAS. Binding energy E_bind = G M_env M / (λ R). λ varies with stellar type and evolutionary state."
RG21-ESCN:Full-SN:rapid,https://ui.adsabs.harvard.edu/abs/2021ApJ...912L..23R/abstract,2021,POSYDON,POSY,hybrid,rapid SN,ECSN 265 kick,,,RG21,265,265,Hobbs 2005,1,αCE=1.0; pessimistic CE (HG donors fail); POSYDON hybrid framework,thermal,specific AM of accreting star (Hurley 2002 AM of accretor prescription),pessimistic,standard,Nanjing,F12 rapid,Fryer 2012 rapid,Farmer et al. (2019),zeta prescription,Hurley (2002) AM of accretor,TRUE,1,"Nanjing prescription: λ from polynomial fits to stellar structure (Xu & Li 2010a,b; Dominik et al. 2012), same as COMPAS. Binding energy E_bind = G M_env M / (λ R). λ varies with stellar type and evolutionary state."
RG21-ECSN:Full-SN:delayed,https://ui.adsabs.harvard.edu/abs/2021ApJ...912L..23R/abstract,2021,POSYDON,POSY,hybrid,delayed SN,ECSN 265 kick,,,RG21,265,265,Hobbs 2005,1,αCE=1.0; pessimistic CE (HG donors fail); POSYDON hybrid framework,thermal,specific AM of accreting star (Hurley 2002 AM of accretor prescription),pessimistic,standard,Nanjing,F12 delayed,Fryer 2012 delayed,Farmer et al. (2019),zeta prescription,Hurley (2002) AM of accretor,TRUE,1,"Nanjing prescription: λ from polynomial fits to stellar structure (Xu & Li 2010a,b; Dominik et al. 2012), same as COMPAS. Binding energy E_bind = G M_env M / (λ R). λ varies with stellar type and evolutionary state."
RG21-noBHkick-SN:N20,https://ui.adsabs.harvard.edu/abs/2021ApJ...912L..23R/abstract,2021,POSYDON,POSY,hybrid,N20 SN,no BH kick,,,RG21,0,20,Hobbs 2005,1,αCE=1.0; pessimistic CE (HG donors fail); POSYDON hybrid framework,thermal,specific AM of accreting star (Hurley 2002 AM of accretor prescription),pessimistic,standard,Nanjing,N20 (Müller et al. 2016),Müller et al. (2016) N20 engine,Farmer et al. (2019),zeta prescription,Hurley (2002) AM of accretor,TRUE,1,"Nanjing prescription: λ from polynomial fits to stellar structure (Xu & Li 2010a,b; Dominik et al. 2012), same as COMPAS. Binding energy E_bind = G M_env M / (λ R). λ varies with stellar type and evolutionary state."
RG21-noBHkick-SN:rapid,https://ui.adsabs.harvard.edu/abs/2021ApJ...912L..23R/abstract,2021,POSYDON,POSY,hybrid,rapid SN,no BH kick,,,RG21,0,20,Hobbs 2005,1,αCE=1.0; pessimistic CE (HG donors fail); POSYDON hybrid framework,thermal,specific AM of accreting star (Hurley 2002 AM of accretor prescription),pessimistic,standard,Nanjing,F12 rapid,Fryer 2012 rapid,Farmer et al. (2019),zeta prescription,Hurley (2002) AM of accretor,TRUE,1,"Nanjing prescription: λ from polynomial fits to stellar structure (Xu & Li 2010a,b; Dominik et al. 2012), same as COMPAS. Binding energy E_bind = G M_env M / (λ R). λ varies with stellar type and evolutionary state."
RG21-noBH-kick-SN:delayed,https://ui.adsabs.harvard.edu/abs/2021ApJ...912L..23R/abstract,2021,POSYDON,POSY,hybrid,delayed SN,no BH kick,,,RG21,0,20,Hobbs 2005,1,αCE=1.0; pessimistic CE (HG donors fail); POSYDON hybrid framework,thermal,specific AM of accreting star (Hurley 2002 AM of accretor prescription),pessimistic,standard,Nanjing,F12 delayed,Fryer 2012 delayed,Farmer et al. (2019),zeta prescription,Hurley (2002) AM of accretor,TRUE,1,"Nanjing prescription: λ from polynomial fits to stellar structure (Xu & Li 2010a,b; Dominik et al. 2012), same as COMPAS. Binding energy E_bind = G M_env M / (λ R). λ varies with stellar type and evolutionary state."
DT22-M1,https://ui.adsabs.harvard.edu/abs/2022arXiv220708837D/abstract,2024,SeBa,SeBa,SSE,$\beta = 0.3$,"$\xi_{ad,rad} = 4$",$\gamma = 2.5$,$T_{eff}$-K,DT22,0,75,"based on Verbunt, Igoshev & Cator (2017), The distribution of Verbunt, Igoshev & Cator (2017) is a combination of two Maxwellian functions with velocity dispersions of σ = 75 km s−1, and σ = 315 km s−1, and weights of 0.42 and 0.58, respectively",αCE×λ = 0.05 (combined; α not stated separately in paper),alpha*lambda = 0.05,0.3,2.5,pessimistic,standard,variable (SeBa internal structural; αCE×λ=0.05 effective),F12 delayed,Fryer 2012 delayed; SeBa remnant mass treatment (Hurley et al. 2002 base),Farmer et al. (2019),zeta prescription,isotropic re-emission; γ parameter varies per model (see gamma column),TRUE,1,Combined αCE×λ = 0.05 parameter used directly (Toonen & Nelemans 2013; Toonen et al. 2012). Binding energy not computed separately; effective λ absorbed into the combined efficiency parameter. E_bind = ΔE_orb / (αCE×λ).
DT22-M2,https://ui.adsabs.harvard.edu/abs/2022arXiv220708837D/abstract,2024,SeBa,SeBa,SSE,$\beta = 0.7$,"$\xi_{ad,rad} = 4$",$\gamma = 2.5$,$T_{eff}$-K,DT22,315,75,"based on Verbunt, Igoshev & Cator (2017), The distribution of Verbunt, Igoshev & Cator (2017) is a combination of two Maxwellian functions with velocity dispersions of σ = 75 km s−1, and σ = 315 km s−1, and weights of 0.42 and 0.58, respectively",αCE×λ = 0.05 (combined; α not stated separately in paper),alpha*lambda = 0.05,0.7,2.5,pessimistic,standard,variable (SeBa internal structural; αCE×λ=0.05 effective),F12 delayed,Fryer 2012 delayed; SeBa remnant mass treatment (Hurley et al. 2002 base),Farmer et al. (2019),zeta prescription,isotropic re-emission; γ parameter varies per model (see gamma column),TRUE,1,Combined αCE×λ = 0.05 parameter used directly (Toonen & Nelemans 2013; Toonen et al. 2012). Binding energy not computed separately; effective λ absorbed into the combined efficiency parameter. E_bind = ΔE_orb / (αCE×λ).
DT22-M3,https://ui.adsabs.harvard.edu/abs/2022arXiv220708837D/abstract,2024,SeBa,SeBa,SSE,$\beta = 0.3$,"$\xi_{ad,rad} = 4$",$\gamma = 2.5$,$T_{eff}$-IT,DT22,315,75,"based on Verbunt, Igoshev & Cator (2017), The distribution of Verbunt, Igoshev & Cator (2017) is a combination of two Maxwellian functions with velocity dispersions of σ = 75 km s−1, and σ = 315 km s−1, and weights of 0.42 and 0.58, respectively",αCE×λ = 0.05 (combined; α not stated separately in paper),alpha*lambda = 0.05,0.3,2.5,pessimistic,standard,variable (SeBa internal structural; αCE×λ=0.05 effective),F12 delayed,Fryer 2012 delayed; SeBa remnant mass treatment (Hurley et al. 2002 base),Farmer et al. (2019),zeta prescription,isotropic re-emission; γ parameter varies per model (see gamma column),TRUE,1,Combined αCE×λ = 0.05 parameter used directly (Toonen & Nelemans 2013; Toonen et al. 2012). Binding energy not computed separately; effective λ absorbed into the combined efficiency parameter. E_bind = ΔE_orb / (αCE×λ).
DT22-M4,https://ui.adsabs.harvard.edu/abs/2022arXiv220708837D/abstract,2024,SeBa,SeBa,SSE,$\beta = 0.7$,"$\xi_{ad,rad} = 4$",$\gamma = 2.5$,$T_{eff}$-IT,DT22,315,75,"based on Verbunt, Igoshev & Cator (2017), The distribution of Verbunt, Igoshev & Cator (2017) is a combination of two Maxwellian functions with velocity dispersions of σ = 75 km s−1, and σ = 315 km s−1, and weights of 0.42 and 0.58, respectively",αCE×λ = 0.05 (combined; α not stated separately in paper),alpha*lambda = 0.05,0.7,2.5,pessimistic,standard,variable (SeBa internal structural; αCE×λ=0.05 effective),F12 delayed,Fryer 2012 delayed; SeBa remnant mass treatment (Hurley et al. 2002 base),Farmer et al. (2019),zeta prescription,isotropic re-emission; γ parameter varies per model (see gamma column),TRUE,1,Combined αCE×λ = 0.05 parameter used directly (Toonen & Nelemans 2013; Toonen et al. 2012). Binding energy not computed separately; effective λ absorbed into the combined efficiency parameter. E_bind = ΔE_orb / (αCE×λ).
DT22-M5,https://ui.adsabs.harvard.edu/abs/2022arXiv220708837D/abstract,2024,SeBa,SeBa,SSE,$\beta = 0.3$,"$\xi_{ad,rad} = 7.5$",$\gamma = 2.5$,$T_{eff}$-K,DT22,315,75,"based on Verbunt, Igoshev & Cator (2017), The distribution of Verbunt, Igoshev & Cator (2017) is a combination of two Maxwellian functions with velocity dispersions of σ = 75 km s−1, and σ = 315 km s−1, and weights of 0.42 and 0.58, respectively",αCE×λ = 0.05 (combined; α not stated separately in paper),alpha*lambda = 0.05,0.3,2.5,pessimistic,standard,variable (SeBa internal structural; αCE×λ=0.05 effective),F12 delayed,Fryer 2012 delayed; SeBa remnant mass treatment (Hurley et al. 2002 base),Farmer et al. (2019),zeta prescription,isotropic re-emission; γ parameter varies per model (see gamma column),TRUE,1,Combined αCE×λ = 0.05 parameter used directly (Toonen & Nelemans 2013; Toonen et al. 2012). Binding energy not computed separately; effective λ absorbed into the combined efficiency parameter. E_bind = ΔE_orb / (αCE×λ).
DT22-M6,https://ui.adsabs.harvard.edu/abs/2022arXiv220708837D/abstract,2024,SeBa,SeBa,SSE,$\beta = 0.7$,"$\xi_{ad,rad} = 7.5$",$\gamma = 2.5$,$T_{eff}$-K,DT22,315,75,"based on Verbunt, Igoshev & Cator (2017), The distribution of Verbunt, Igoshev & Cator (2017) is a combination of two Maxwellian functions with velocity dispersions of σ = 75 km s−1, and σ = 315 km s−1, and weights of 0.42 and 0.58, respectively",αCE×λ = 0.05 (combined; α not stated separately in paper),alpha*lambda = 0.05,0.7,2.5,pessimistic,standard,variable (SeBa internal structural; αCE×λ=0.05 effective),F12 delayed,Fryer 2012 delayed; SeBa remnant mass treatment (Hurley et al. 2002 base),Farmer et al. (2019),zeta prescription,isotropic re-emission; γ parameter varies per model (see gamma column),TRUE,1,Combined αCE×λ = 0.05 parameter used directly (Toonen & Nelemans 2013; Toonen et al. 2012). Binding energy not computed separately; effective λ absorbed into the combined efficiency parameter. E_bind = ΔE_orb / (αCE×λ).
DT22-M7,https://ui.adsabs.harvard.edu/abs/2022arXiv220708837D/abstract,2024,SeBa,SeBa,SSE,$\beta = 0.3$,"$\xi_{ad,rad} = 7.5$",$\gamma = 2.5$,$T_{eff}$-IT,DT22,315,75,"based on Verbunt, Igoshev & Cator (2017), The distribution of Verbunt, Igoshev & Cator (2017) is a combination of two Maxwellian functions with velocity dispersions of σ = 75 km s−1, and σ = 315 km s−1, and weights of 0.42 and 0.58, respectively",αCE×λ = 0.05 (combined; α not stated separately in paper),alpha*lambda = 0.05,0.3,2.5,pessimistic,standard,variable (SeBa internal structural; αCE×λ=0.05 effective),F12 delayed,Fryer 2012 delayed; SeBa remnant mass treatment (Hurley et al. 2002 base),Farmer et al. (2019),zeta prescription,isotropic re-emission; γ parameter varies per model (see gamma column),TRUE,1,Combined αCE×λ = 0.05 parameter used directly (Toonen & Nelemans 2013; Toonen et al. 2012). Binding energy not computed separately; effective λ absorbed into the combined efficiency parameter. E_bind = ΔE_orb / (αCE×λ).
DT22-M8,https://ui.adsabs.harvard.edu/abs/2022arXiv220708837D/abstract,2024,SeBa,SeBa,SSE,$\beta = 0.7$,"$\xi_{ad,rad} = 7.5$",$\gamma = 2.5$,$T_{eff}$-IT,DT22,315,75,"based on Verbunt, Igoshev & Cator (2017), The distribution of Verbunt, Igoshev & Cator (2017) is a combination of two Maxwellian functions with velocity dispersions of σ = 75 km s−1, and σ = 315 km s−1, and weights of 0.42 and 0.58, respectively",αCE×λ = 0.05 (combined; α not stated separately in paper),alpha*lambda = 0.05,0.7,2.5,pessimistic,standard,variable (SeBa internal structural; αCE×λ=0.05 effective),F12 delayed,Fryer 2012 delayed; SeBa remnant mass treatment (Hurley et al. 2002 base),Farmer et al. (2019),zeta prescription,isotropic re-emission; γ parameter varies per model (see gamma column),TRUE,1,Combined αCE×λ = 0.05 parameter used directly (Toonen & Nelemans 2013; Toonen et al. 2012). Binding energy not computed separately; effective λ absorbed into the combined efficiency parameter. E_bind = ΔE_orb / (αCE×λ).
DT22-M9,https://ui.adsabs.harvard.edu/abs/2022arXiv220708837D/abstract,2024,SeBa,SeBa,SSE,$\beta = 0.3$,"$\xi_{ad,rad} = 4$",$\gamma = 1$,$T_{eff}$-K,DT22,315,75,"based on Verbunt, Igoshev & Cator (2017), The distribution of Verbunt, Igoshev & Cator (2017) is a combination of two Maxwellian functions with velocity dispersions of σ = 75 km s−1, and σ = 315 km s−1, and weights of 0.42 and 0.58, respectively",αCE×λ = 0.05 (combined; α not stated separately in paper),alpha*lambda = 0.05,0.3,1,pessimistic,standard,variable (SeBa internal structural; αCE×λ=0.05 effective),F12 delayed,Fryer 2012 delayed; SeBa remnant mass treatment (Hurley et al. 2002 base),Farmer et al. (2019),zeta prescription,isotropic re-emission; γ parameter varies per model (see gamma column),TRUE,1,Combined αCE×λ = 0.05 parameter used directly (Toonen & Nelemans 2013; Toonen et al. 2012). Binding energy not computed separately; effective λ absorbed into the combined efficiency parameter. E_bind = ΔE_orb / (αCE×λ).
DT22-M10,https://ui.adsabs.harvard.edu/abs/2022arXiv220708837D/abstract,2024,SeBa,SeBa,SSE,$\beta = 0.7$,"$\xi_{ad,rad} = 4$",$\gamma = 1$,$T_{eff}$-K,DT22,315,75,"based on Verbunt, Igoshev & Cator (2017), The distribution of Verbunt, Igoshev & Cator (2017) is a combination of two Maxwellian functions with velocity dispersions of σ = 75 km s−1, and σ = 315 km s−1, and weights of 0.42 and 0.58, respectively",αCE×λ = 0.05 (combined; α not stated separately in paper),alpha*lambda = 0.05,0.7,1,pessimistic,standard,variable (SeBa internal structural; αCE×λ=0.05 effective),F12 delayed,Fryer 2012 delayed; SeBa remnant mass treatment (Hurley et al. 2002 base),Farmer et al. (2019),zeta prescription,isotropic re-emission; γ parameter varies per model (see gamma column),TRUE,1,Combined αCE×λ = 0.05 parameter used directly (Toonen & Nelemans 2013; Toonen et al. 2012). Binding energy not computed separately; effective λ absorbed into the combined efficiency parameter. E_bind = ΔE_orb / (αCE×λ).
DT22-M11,https://ui.adsabs.harvard.edu/abs/2022arXiv220708837D/abstract,2024,SeBa,SeBa,SSE,$\beta = 0.3$,"$\xi_{ad,rad} = 4$",$\gamma = 1$,$T_{eff}$-IT,DT22,315,75,"based on Verbunt, Igoshev & Cator (2017), The distribution of Verbunt, Igoshev & Cator (2017) is a combination of two Maxwellian functions with velocity dispersions of σ = 75 km s−1, and σ = 315 km s−1, and weights of 0.42 and 0.58, respectively",αCE×λ = 0.05 (combined; α not stated separately in paper),alpha*lambda = 0.05,0.3,1,pessimistic,standard,variable (SeBa internal structural; αCE×λ=0.05 effective),F12 delayed,Fryer 2012 delayed; SeBa remnant mass treatment (Hurley et al. 2002 base),Farmer et al. (2019),zeta prescription,isotropic re-emission; γ parameter varies per model (see gamma column),TRUE,1,Combined αCE×λ = 0.05 parameter used directly (Toonen & Nelemans 2013; Toonen et al. 2012). Binding energy not computed separately; effective λ absorbed into the combined efficiency parameter. E_bind = ΔE_orb / (αCE×λ).
DT22-M12,https://ui.adsabs.harvard.edu/abs/2022arXiv220708837D/abstract,2024,SeBa,SeBa,SSE,$\beta = 0.7$,"$\xi_{ad,rad} = 4$",$\gamma = 1$,$T_{eff}$-IT,DT22,315,75,"based on Verbunt, Igoshev & Cator (2017), The distribution of Verbunt, Igoshev & Cator (2017) is a combination of two Maxwellian functions with velocity dispersions of σ = 75 km s−1, and σ = 315 km s−1, and weights of 0.42 and 0.58, respectively",αCE×λ = 0.05 (combined; α not stated separately in paper),alpha*lambda = 0.05,0.7,1,pessimistic,standard,variable (SeBa internal structural; αCE×λ=0.05 effective),F12 delayed,Fryer 2012 delayed; SeBa remnant mass treatment (Hurley et al. 2002 base),Farmer et al. (2019),zeta prescription,isotropic re-emission; γ parameter varies per model (see gamma column),TRUE,1,Combined αCE×λ = 0.05 parameter used directly (Toonen & Nelemans 2013; Toonen et al. 2012). Binding energy not computed separately; effective λ absorbed into the combined efficiency parameter. E_bind = ΔE_orb / (αCE×λ).
DT22-M13,https://ui.adsabs.harvard.edu/abs/2022arXiv220708837D/abstract,2024,SeBa,SeBa,SSE,$\beta = 0.3$,"$\xi_{ad,rad} = 7.5$",$\gamma = 1$,$T_{eff}$-K,DT22,315,75,"based on Verbunt, Igoshev & Cator (2017), The distribution of Verbunt, Igoshev & Cator (2017) is a combination of two Maxwellian functions with velocity dispersions of σ = 75 km s−1, and σ = 315 km s−1, and weights of 0.42 and 0.58, respectively",αCE×λ = 0.05 (combined; α not stated separately in paper),alpha*lambda = 0.05,0.3,1,pessimistic,standard,variable (SeBa internal structural; αCE×λ=0.05 effective),F12 delayed,Fryer 2012 delayed; SeBa remnant mass treatment (Hurley et al. 2002 base),Farmer et al. (2019),zeta prescription,isotropic re-emission; γ parameter varies per model (see gamma column),TRUE,1,Combined αCE×λ = 0.05 parameter used directly (Toonen & Nelemans 2013; Toonen et al. 2012). Binding energy not computed separately; effective λ absorbed into the combined efficiency parameter. E_bind = ΔE_orb / (αCE×λ).
DT22-M14,https://ui.adsabs.harvard.edu/abs/2022arXiv220708837D/abstract,2024,SeBa,SeBa,SSE,$\beta = 0.7$,"$\xi_{ad,rad} = 7.5$",$\gamma = 1$,$T_{eff}$-K,DT22,315,75,"based on Verbunt, Igoshev & Cator (2017), The distribution of Verbunt, Igoshev & Cator (2017) is a combination of two Maxwellian functions with velocity dispersions of σ = 75 km s−1, and σ = 315 km s−1, and weights of 0.42 and 0.58, respectively",αCE×λ = 0.05 (combined; α not stated separately in paper),alpha*lambda = 0.05,0.7,1,pessimistic,standard,variable (SeBa internal structural; αCE×λ=0.05 effective),F12 delayed,Fryer 2012 delayed; SeBa remnant mass treatment (Hurley et al. 2002 base),Farmer et al. (2019),zeta prescription,isotropic re-emission; γ parameter varies per model (see gamma column),TRUE,1,Combined αCE×λ = 0.05 parameter used directly (Toonen & Nelemans 2013; Toonen et al. 2012). Binding energy not computed separately; effective λ absorbed into the combined efficiency parameter. E_bind = ΔE_orb / (αCE×λ).
DT22-M15,https://ui.adsabs.harvard.edu/abs/2022arXiv220708837D/abstract,2024,SeBa,SeBa,SSE,$\beta = 0.3$,"$\xi_{ad,rad} = 7.5$",$\gamma = 1$,$T_{eff}$-IT,DT22,315,75,"based on Verbunt, Igoshev & Cator (2017), The distribution of Verbunt, Igoshev & Cator (2017) is a combination of two Maxwellian functions with velocity dispersions of σ = 75 km s−1, and σ = 315 km s−1, and weights of 0.42 and 0.58, respectively",αCE×λ = 0.05 (combined; α not stated separately in paper),alpha*lambda = 0.05,0.3,1,pessimistic,standard,variable (SeBa internal structural; αCE×λ=0.05 effective),F12 delayed,Fryer 2012 delayed; SeBa remnant mass treatment (Hurley et al. 2002 base),Farmer et al. (2019),zeta prescription,isotropic re-emission; γ parameter varies per model (see gamma column),TRUE,1,Combined αCE×λ = 0.05 parameter used directly (Toonen & Nelemans 2013; Toonen et al. 2012). Binding energy not computed separately; effective λ absorbed into the combined efficiency parameter. E_bind = ΔE_orb / (αCE×λ).
DT22-M16,https://ui.adsabs.harvard.edu/abs/2022arXiv220708837D/abstract,2024,SeBa,SeBa,SSE,$\beta = 0.7$,"$\xi_{ad,rad} = 7.5$",$\gamma = 1$,$T_{eff}$-IT,DT22,315,75,"based on Verbunt, Igoshev & Cator (2017), The distribution of Verbunt, Igoshev & Cator (2017) is a combination of two Maxwellian functions with velocity dispersions of σ = 75 km s−1, and σ = 315 km s−1, and weights of 0.42 and 0.58, respectively",αCE×λ = 0.05 (combined; α not stated separately in paper),alpha*lambda = 0.05,0.7,1,pessimistic,standard,variable (SeBa internal structural; αCE×λ=0.05 effective),F12 delayed,Fryer 2012 delayed; SeBa remnant mass treatment (Hurley et al. 2002 base),Farmer et al. (2019),zeta prescription,isotropic re-emission; γ parameter varies per model (see gamma column),TRUE,1,Combined αCE×λ = 0.05 parameter used directly (Toonen & Nelemans 2013; Toonen et al. 2012). Binding energy not computed separately; effective λ absorbed into the combined efficiency parameter. E_bind = ΔE_orb / (αCE×λ).
van Son (2022),https://ui.adsabs.harvard.edu/abs/2022ApJ...931...17V/abstract,2022,COMPAS,COMP,SSE,fiducial,,,,vSon22,265,30,Hobbs 2005,1,αCE=1.0; σ=265 inferred from Hobbs 2005 (not stated explicitly); Nanjing λ; pessimistic CE,"during stable MT onto a stellar companion, accretion limited to $10\times$ the thermal rate of the accretor",non-conservative MT mass is lost with the specific orbital AM of the accretor,pessimistic,standard,"``Nanjing'' prescription \citep{Dominik2012,XuLi2010a,XuLi2010b}",F12 delayed,Fryer 2012 delayed http://adsabs.harvard.edu/abs/2012ApJ...749...91F,"Farmer et al.~(2019); PPISN for He-core masses $>35\,\Msun$, PISN for $60$--$135\,\Msun$ \\",zeta prescription,non-conservative MT mass lost with specific orbital AM of accreting star (Soberman et al. 1997),TRUE,1,"Nanjing prescription: λ computed from polynomial fits to stellar structure as function of stellar type, mass, and radius (Xu & Li 2010a,b; Dominik et al. 2012). Includes internal energy (αth contribution). λ varies from ~0.01–10 depending on evolutionary state."
van Son (2023),https://ui.adsabs.harvard.edu/abs/2023ApJ...948..105V,2023,COMPAS,COMP,SSE,fiducial,,,,vSon23,265,30,Hobbs 2005,1,"αCE=1.0; ζ stability (ζ_ad=2 MS, ζ_ad=6.5 HG, Soberman 1997 post-He); Nanjing λ","during stable MT onto a stellar companion, accretion limited to $10\times$ the thermal rate of the accretor",non-conservative MT mass is lost with the specific orbital AM of the accretor,pessimistic,standard,"``Nanjing'' prescription \citep{Dominik2012,XuLi2010a,XuLi2010b}",F12 delayed,Fryer 2012 delayed http://adsabs.harvard.edu/abs/2012ApJ...749...91F,"Farmer et al.~(2019); PPISN for He-core masses $>35\,\Msun$, PISN for $60$--$135\,\Msun$ \\","zeta prescription: $\zeta_{\rm ad}=2$ for MS donors, $\zeta_{\rm ad}=6.5$ for HG donors, and Soberman et al.~(1997) post-He ignition",non-conservative MT mass lost with specific orbital AM of accreting star (Soberman et al. 1997),TRUE,1,"Nanjing prescription: λ computed from polynomial fits to stellar structure as function of stellar type, mass, and radius (Xu & Li 2010a,b; Dominik et al. 2012). Includes internal energy (αth contribution). λ varies from ~0.01–10 depending on evolutionary state."
Briel (2022),https://ui.adsabs.harvard.edu/abs/2022arXiv220613842B/abstract,2023,BPASS,BPASS,STARS,fiducial,,,,BRI22,265,265,Hobbs 2005,"N/A (BPASS uses detailed stellar structure, not α-λ formalism)","BPASS CE treated via detailed binary stellar evolution (STARS code), not parametric α-λ",Hurley 2002,N/A (BPASS AM loss handled internally by stellar structure code),N/A (BPASS),BPASS,BPASS,ET04,Eldrige & Tout (2004) https://ui.adsabs.harvard.edu/abs/2004MNRAS.353...87E/abstract,Farmer (2019) with additional assumptions (see Briel 2023) such as the upper limit based on the He core mass from Woosley et al. ( 2002 ).,BPASS,BPASS,Eddington limited only for NS not BH,N/A (BPASS STARS code; WR winds handled internally),"N/A: BPASS uses detailed binary stellar evolution (STARS code; Eggleton 1971; Eldridge & Tout 2004) rather than the α-λ energy formalism. CE outcome determined by stellar structure directly, not a parametric binding energy."
Briel (2022) - RAPID,https://ui.adsabs.harvard.edu/abs/2022arXiv220613842B/abstract,2023,BPASS,BPASS,STARS,rapid SN,,,,BRI22,265,265,Hobbs 2005,"N/A (BPASS uses detailed stellar structure, not α-λ formalism)","BPASS CE treated via detailed binary stellar evolution (STARS code), not parametric α-λ",Hurley 2002,N/A (BPASS AM loss handled internally by stellar structure code),N/A (BPASS),BPASS,BPASS,F12 delayed,Eldrige & Tout (2004) https://ui.adsabs.harvard.edu/abs/2004MNRAS.353...87E/abstract,Farmer (2019) with additional assumptions (see Briel 2023) such as the upper limit based on the He core mass from Woosley et al. ( 2002 ).,BPASS,BPASS,Eddington limited only for NS not BH,N/A (BPASS STARS code; WR winds handled internally),"N/A: BPASS uses detailed binary stellar evolution (STARS code; Eggleton 1971; Eldridge & Tout 2004) rather than the α-λ energy formalism. CE outcome determined by stellar structure directly, not a parametric binding energy."
Briel (2022) - DELAYED,https://ui.adsabs.harvard.edu/abs/2022arXiv220613842B/abstract,2023,BPASS,BPASS,STARS,delayed SN,,,,BRI22,265,265,Hobbs 2005,"N/A (BPASS uses detailed stellar structure, not α-λ formalism)","BPASS CE treated via detailed binary stellar evolution (STARS code), not parametric α-λ",Hurley 2002,N/A (BPASS AM loss handled internally by stellar structure code),N/A (BPASS),BPASS,BPASS,F12 rapid,Eldrige & Tout (2004) https://ui.adsabs.harvard.edu/abs/2004MNRAS.353...87E/abstract,Farmer (2019) with additional assumptions (see Briel 2023) such as the upper limit based on the He core mass from Woosley et al. ( 2002 ).,BPASS,BPASS,Eddington limited only for NS not BH,N/A (BPASS STARS code; WR winds handled internally),"N/A: BPASS uses detailed binary stellar evolution (STARS code; Eggleton 1971; Eldridge & Tout 2004) rather than the α-λ energy formalism. CE outcome determined by stellar structure directly, not a parametric binding energy."
Olejak21-M380 (fiducial),https://ui.adsabs.harvard.edu/abs/2021A%26A...651A.100O/abstract,2021,StarTrack,StarT,SSE,fiducial,,,,OL21,265,265,Hobbs 2005,1,αCE=1.0; standard energy formalism (Webbink 1984); StarTrack,0.5,specific AM of accretor (Belczynski et al. 2008 / StarTrack),pessimistic,standard,Nanjing-style (Dominik et al. 2012; StarTrack polynomial fits),F12 delayed,Fryer 2012 delayed http://adsabs.harvard.edu/abs/2012ApJ...749...91F,Farmer et al. (2019) / Belczynski et al. (2016) StarTrack PISN prescription,zeta prescription (StarTrack / Belczynski et al. 2008),"For non-degenerate accretors, we adopted a 50% nonconservative RLOF (Meurs & van den Heuvel 1989; Vinciguerra et al. 2020) with a fraction of the lost donor mass accreted onto the companion (fa = 0.5), and the rest of the mass (1 − fa), leaving the system together with part of the donor and orbital angular momentum (see Sect. 3.4 of Belczynski et al. 2008). We use 5% Bondi-Hoyle rate accretion onto the compact object during the CE phase (Ricker & Taam 2008; MacLeod & Ramirez-Ruiz 2015; MacLeod et al. 2017).","We applied procedures for accretion onto a compact object during stable RLOF and from stellar winds, based on the analytic approximations described in King et al. (2001) and Mondal et al. (2020).",1,"Nanjing-style prescription: λ from polynomial fits to stellar structure (Dominik et al. 2012; Xu & Li 2010a,b), same framework as COMPAS. Binding energy E_bind = G M_env M / (λ R). Internal energy partially included via αth parameter."
Olejak21-M480 (changedCEcriteria),https://ui.adsabs.harvard.edu/abs/2021A%26A...651A.100O/abstract,2021,StarTrack,StarT,SSE,$q_{\rm{c}} <8$,,,,OL21,265,265,Hobbs 2005,1,αCE=1.0; standard energy formalism (Webbink 1984); StarTrack,0.5,specific AM of accretor (Belczynski et al. 2008 / StarTrack),pessimistic,standard,Nanjing-style (Dominik et al. 2012; StarTrack polynomial fits),F12 delayed,Fryer 2012 delayed http://adsabs.harvard.edu/abs/2012ApJ...749...91F,Farmer et al. (2019) / Belczynski et al. (2016) StarTrack PISN prescription,new type of stability based on Pavlovskii et al. (2017),"For non-degenerate accretors, we adopted a 50% nonconservative RLOF (Meurs & van den Heuvel 1989; Vinciguerra et al. 2020) with a fraction of the lost donor mass accreted onto the companion (fa = 0.5), and the rest of the mass (1 − fa), leaving the system together with part of the donor and orbital angular momentum (see Sect. 3.4 of Belczynski et al. 2008). We use 5% Bondi-Hoyle rate accretion onto the compact object during the CE phase (Ricker & Taam 2008; MacLeod & Ramirez-Ruiz 2015; MacLeod et al. 2017).","We applied procedures for accretion onto a compact object during stable RLOF and from stellar winds, based on the analytic approximations described in King et al. (2001) and Mondal et al. (2020).",1,"Nanjing-style prescription: λ from polynomial fits to stellar structure (Dominik et al. 2012; Xu & Li 2010a,b), same framework as COMPAS. Binding energy E_bind = G M_env M / (λ R). Internal energy partially included via αth parameter."
Olejak21-M481 (changedCEcriteria+switch),https://ui.adsabs.harvard.edu/abs/2021A%26A...651A.100O/abstract,2021,StarTrack,StarT,SSE,$q_{\rm{c}} <8$,CE switch,,,OL21,265,265,Hobbs 2005,1,αCE=1.0; standard energy formalism (Webbink 1984); StarTrack,0.5,specific AM of accretor (Belczynski et al. 2008 / StarTrack),pessimistic,standard,Nanjing-style (Dominik et al. 2012; StarTrack polynomial fits),F12 delayed,Fryer 2012 delayed http://adsabs.harvard.edu/abs/2012ApJ...749...91F,Farmer et al. (2019) / Belczynski et al. (2016) StarTrack PISN prescription,new type of stability based on Pavlovskii et al. (2017),"For non-degenerate accretors, we adopted a 50% nonconservative RLOF (Meurs & van den Heuvel 1989; Vinciguerra et al. 2020) with a fraction of the lost donor mass accreted onto the companion (fa = 0.5), and the rest of the mass (1 − fa), leaving the system together with part of the donor and orbital angular momentum (see Sect. 3.4 of Belczynski et al. 2008). We use 5% Bondi-Hoyle rate accretion onto the compact object during the CE phase (Ricker & Taam 2008; MacLeod & Ramirez-Ruiz 2015; MacLeod et al. 2017).","We applied procedures for accretion onto a compact object during stable RLOF and from stellar winds, based on the analytic approximations described in King et al. (2001) and Mondal et al. (2020).",1,"Nanjing-style prescription: λ from polynomial fits to stellar structure (Dominik et al. 2012; Xu & Li 2010a,b), same framework as COMPAS. Binding energy E_bind = G M_env M / (λ R). Internal energy partially included via αth parameter."
Boesky_alphaCE_0_1_beta0_25,https://arxiv.org/pdf/2405.01623,2024,COMPAS,COMP,SSE,$\alpha = 0.1$,$\beta = 0.25$,delayed SN,$\sigma = 265$,BO24,265,30,Hobbs 2005,0.1,αCE varies per model; Nanjing λ; pessimistic CE (HG donors fail); COMPAS,0.25,specific AM of accreting star (Soberman et al. 1997),pessimistic,standard,Nanjing,F12 delayed,Fryer 2012 delayed http://adsabs.harvard.edu/abs/2012ApJ...749...91F,fit based on Marchant et al. (2019),zeta prescription,non-conservative MT mass lost with specific orbital AM of accreting star (Soberman et al. 1997),TRUE,1,"Nanjing prescription: λ computed from polynomial fits to stellar structure as function of stellar type, mass, and radius (Xu & Li 2010a,b; Dominik et al. 2012). Includes internal energy (αth contribution). λ varies from ~0.01–10 depending on evolutionary state."
Boesky_alphaCE_0_1_beta0_5,https://arxiv.org/pdf/2405.01623,2024,COMPAS,COMP,SSE,$\alpha = 0.1$,$\beta = 0.5$,delayed SN,$\sigma = 265$,BO24,265,30,Hobbs 2005,0.1,αCE varies per model; Nanjing λ; pessimistic CE (HG donors fail); COMPAS,0.5,specific AM of accreting star (Soberman et al. 1997),pessimistic,standard,Nanjing,F12 delayed,Fryer 2012 delayed http://adsabs.harvard.edu/abs/2012ApJ...749...91F,fit based on Marchant et al. (2019),zeta prescription,non-conservative MT mass lost with specific orbital AM of accreting star (Soberman et al. 1997),TRUE,1,"Nanjing prescription: λ computed from polynomial fits to stellar structure as function of stellar type, mass, and radius (Xu & Li 2010a,b; Dominik et al. 2012). Includes internal energy (αth contribution). λ varies from ~0.01–10 depending on evolutionary state."
Boesky_alphaCE_0_1_beta0_75,https://arxiv.org/pdf/2405.01623,2024,COMPAS,COMP,SSE,$\alpha = 0.1$,$\beta = 0.75$,delayed SN,$\sigma = 265$,BO24,265,30,Hobbs 2005,0.1,αCE varies per model; Nanjing λ; pessimistic CE (HG donors fail); COMPAS,0.75,specific AM of accreting star (Soberman et al. 1997),pessimistic,standard,Nanjing,F12 delayed,Fryer 2012 delayed http://adsabs.harvard.edu/abs/2012ApJ...749...91F,fit based on Marchant et al. (2019),zeta prescription,non-conservative MT mass lost with specific orbital AM of accreting star (Soberman et al. 1997),TRUE,1,"Nanjing prescription: λ computed from polynomial fits to stellar structure as function of stellar type, mass, and radius (Xu & Li 2010a,b; Dominik et al. 2012). Includes internal energy (αth contribution). λ varies from ~0.01–10 depending on evolutionary state."
Boesky_alphaCE_0_5_beta0_25,https://arxiv.org/pdf/2405.01623,2024,COMPAS,COMP,SSE,$\alpha = 0.5$,$\beta = 0.25$,delayed SN,$\sigma = 265$,BO24,265,30,Hobbs 2005,0.5,αCE varies per model; Nanjing λ; pessimistic CE (HG donors fail); COMPAS,0.25,specific AM of accreting star (Soberman et al. 1997),pessimistic,standard,Nanjing,F12 delayed,Fryer 2012 delayed http://adsabs.harvard.edu/abs/2012ApJ...749...91F,fit based on Marchant et al. (2019),zeta prescription,non-conservative MT mass lost with specific orbital AM of accreting star (Soberman et al. 1997),TRUE,1,"Nanjing prescription: λ computed from polynomial fits to stellar structure as function of stellar type, mass, and radius (Xu & Li 2010a,b; Dominik et al. 2012). Includes internal energy (αth contribution). λ varies from ~0.01–10 depending on evolutionary state."
Boesky_alphaCE_0_5_beta0_5,https://arxiv.org/pdf/2405.01623,2024,COMPAS,COMP,SSE,$\alpha = 0.5$,$\beta = 0.5$,delayed SN,$\sigma = 265$,BO24,265,30,Hobbs 2005,0.5,αCE varies per model; Nanjing λ; pessimistic CE (HG donors fail); COMPAS,0.5,specific AM of accreting star (Soberman et al. 1997),pessimistic,standard,Nanjing,F12 delayed,Fryer 2012 delayed http://adsabs.harvard.edu/abs/2012ApJ...749...91F,fit based on Marchant et al. (2019),zeta prescription,non-conservative MT mass lost with specific orbital AM of accreting star (Soberman et al. 1997),TRUE,1,"Nanjing prescription: λ computed from polynomial fits to stellar structure as function of stellar type, mass, and radius (Xu & Li 2010a,b; Dominik et al. 2012). Includes internal energy (αth contribution). λ varies from ~0.01–10 depending on evolutionary state."
Boesky_alphaCE_0_5_beta0_75,https://arxiv.org/pdf/2405.01623,2024,COMPAS,COMP,SSE,$\alpha = 0.5$,$\beta = 0.75$,delayed SN,$\sigma = 265$,BO24,265,30,Hobbs 2005,0.5,αCE varies per model; Nanjing λ; pessimistic CE (HG donors fail); COMPAS,0.75,specific AM of accreting star (Soberman et al. 1997),pessimistic,standard,Nanjing,F12 delayed,Fryer 2012 delayed http://adsabs.harvard.edu/abs/2012ApJ...749...91F,fit based on Marchant et al. (2019),zeta prescription,non-conservative MT mass lost with specific orbital AM of accreting star (Soberman et al. 1997),TRUE,1,"Nanjing prescription: λ computed from polynomial fits to stellar structure as function of stellar type, mass, and radius (Xu & Li 2010a,b; Dominik et al. 2012). Includes internal energy (αth contribution). λ varies from ~0.01–10 depending on evolutionary state."
Boesky_alphaCE_2_beta0_25,https://arxiv.org/pdf/2405.01623,2024,COMPAS,COMP,SSE,$\alpha = 2$,$\beta = 0.25$,delayed SN,$\sigma = 265$,BO24,265,30,Hobbs 2005,2,αCE varies per model; Nanjing λ; pessimistic CE (HG donors fail); COMPAS,0.25,specific AM of accreting star (Soberman et al. 1997),pessimistic,standard,Nanjing,F12 delayed,Fryer 2012 delayed http://adsabs.harvard.edu/abs/2012ApJ...749...91F,fit based on Marchant et al. (2019),zeta prescription,non-conservative MT mass lost with specific orbital AM of accreting star (Soberman et al. 1997),TRUE,1,"Nanjing prescription: λ computed from polynomial fits to stellar structure as function of stellar type, mass, and radius (Xu & Li 2010a,b; Dominik et al. 2012). Includes internal energy (αth contribution). λ varies from ~0.01–10 depending on evolutionary state."
Boesky_alphaCE_2_beta0_5,https://arxiv.org/pdf/2405.01623,2024,COMPAS,COMP,SSE,$\alpha = 2$,$\beta = 0.5$,delayed SN,$\sigma = 265$,BO24,265,30,Hobbs 2005,2,αCE varies per model; Nanjing λ; pessimistic CE (HG donors fail); COMPAS,0.5,specific AM of accreting star (Soberman et al. 1997),pessimistic,standard,Nanjing,F12 delayed,Fryer 2012 delayed http://adsabs.harvard.edu/abs/2012ApJ...749...91F,fit based on Marchant et al. (2019),zeta prescription,non-conservative MT mass lost with specific orbital AM of accreting star (Soberman et al. 1997),TRUE,1,"Nanjing prescription: λ computed from polynomial fits to stellar structure as function of stellar type, mass, and radius (Xu & Li 2010a,b; Dominik et al. 2012). Includes internal energy (αth contribution). λ varies from ~0.01–10 depending on evolutionary state."
Boesky_alphaCE_2_beta0_75,https://arxiv.org/pdf/2405.01623,2024,COMPAS,COMP,SSE,$\alpha = 2$,$\beta = 0.75$,delayed SN,$\sigma = 265$,BO24,265,30,Hobbs 2005,2,αCE varies per model; Nanjing λ; pessimistic CE (HG donors fail); COMPAS,0.75,specific AM of accreting star (Soberman et al. 1997),pessimistic,standard,Nanjing,F12 delayed,Fryer 2012 delayed http://adsabs.harvard.edu/abs/2012ApJ...749...91F,fit based on Marchant et al. (2019),zeta prescription,non-conservative MT mass lost with specific orbital AM of accreting star (Soberman et al. 1997),TRUE,1,"Nanjing prescription: λ computed from polynomial fits to stellar structure as function of stellar type, mass, and radius (Xu & Li 2010a,b; Dominik et al. 2012). Includes internal energy (αth contribution). λ varies from ~0.01–10 depending on evolutionary state."
Boesky_alphaCE_10_beta0_25,https://arxiv.org/pdf/2405.01623,2024,COMPAS,COMP,SSE,$\alpha = 10$,$\beta = 0.25$,delayed SN,$\sigma = 265$,BO24,265,30,Hobbs 2005,10,αCE varies per model; Nanjing λ; pessimistic CE (HG donors fail); COMPAS,0.25,specific AM of accreting star (Soberman et al. 1997),pessimistic,standard,Nanjing,F12 delayed,Fryer 2012 delayed http://adsabs.harvard.edu/abs/2012ApJ...749...91F,fit based on Marchant et al. (2019),zeta prescription,non-conservative MT mass lost with specific orbital AM of accreting star (Soberman et al. 1997),TRUE,1,"Nanjing prescription: λ computed from polynomial fits to stellar structure as function of stellar type, mass, and radius (Xu & Li 2010a,b; Dominik et al. 2012). Includes internal energy (αth contribution). λ varies from ~0.01–10 depending on evolutionary state."
Boesky_alphaCE_10_beta0_5,https://arxiv.org/pdf/2405.01623,2024,COMPAS,COMP,SSE,$\alpha = 10$,$\beta = 0.5$,delayed SN,$\sigma = 265$,BO24,265,30,Hobbs 2005,10,αCE varies per model; Nanjing λ; pessimistic CE (HG donors fail); COMPAS,0.5,specific AM of accreting star (Soberman et al. 1997),pessimistic,standard,Nanjing,F12 delayed,Fryer 2012 delayed http://adsabs.harvard.edu/abs/2012ApJ...749...91F,fit based on Marchant et al. (2019),zeta prescription,non-conservative MT mass lost with specific orbital AM of accreting star (Soberman et al. 1997),TRUE,1,"Nanjing prescription: λ computed from polynomial fits to stellar structure as function of stellar type, mass, and radius (Xu & Li 2010a,b; Dominik et al. 2012). Includes internal energy (αth contribution). λ varies from ~0.01–10 depending on evolutionary state."
Boesky_alphaCE_10_beta0_75,https://arxiv.org/pdf/2405.01623,2024,COMPAS,COMP,SSE,$\alpha = 10$,$\beta = 0.75$,delayed SN,$\sigma = 265$,BO24,265,30,Hobbs 2005,10,αCE varies per model; Nanjing λ; pessimistic CE (HG donors fail); COMPAS,0.75,specific AM of accreting star (Soberman et al. 1997),pessimistic,standard,Nanjing,F12 delayed,Fryer 2012 delayed http://adsabs.harvard.edu/abs/2012ApJ...749...91F,fit based on Marchant et al. (2019),zeta prescription,non-conservative MT mass lost with specific orbital AM of accreting star (Soberman et al. 1997),TRUE,1,"Nanjing prescription: λ computed from polynomial fits to stellar structure as function of stellar type, mass, and radius (Xu & Li 2010a,b; Dominik et al. 2012). Includes internal energy (αth contribution). λ varies from ~0.01–10 depending on evolutionary state."
Boesky_sigma_30_RMP_D,https://arxiv.org/pdf/2405.01623,2024,COMPAS,COMP,SSE,$\sigma = 30$,delayed SN,$\alpha = 0.5$,,BO24,30,30,Hobbs 2005,0.5,αCE varies per model; Nanjing λ; pessimistic CE (HG donors fail); COMPAS,thermal,specific AM of accreting star (Soberman et al. 1997),pessimistic,standard,Nanjing,F12 delayed,Fryer 2012 delayed http://adsabs.harvard.edu/abs/2012ApJ...749...91F,fit based on Marchant et al. (2019),zeta prescription,non-conservative MT mass lost with specific orbital AM of accreting star (Soberman et al. 1997),TRUE,1,"Nanjing prescription: λ computed from polynomial fits to stellar structure as function of stellar type, mass, and radius (Xu & Li 2010a,b; Dominik et al. 2012). Includes internal energy (αth contribution). λ varies from ~0.01–10 depending on evolutionary state."
Boesky_sigma_30_RMP_M,https://arxiv.org/pdf/2405.01623,2024,COMPAS,COMP,SSE,$\sigma = 30$,MM SN,$\alpha = 0.5$,,BO24,30,30,Hobbs 2005,0.5,αCE varies per model; Nanjing λ; pessimistic CE (HG donors fail); COMPAS,thermal,specific AM of accreting star (Soberman et al. 1997),pessimistic,standard,Nanjing,MM SN,Mandel & Müller (2016) / Mandel & Müller (2022) stochastic SN model,fit based on Marchant et al. (2019),zeta prescription,non-conservative MT mass lost with specific orbital AM of accreting star (Soberman et al. 1997),TRUE,1,"Nanjing prescription: λ computed from polynomial fits to stellar structure as function of stellar type, mass, and radius (Xu & Li 2010a,b; Dominik et al. 2012). Includes internal energy (αth contribution). λ varies from ~0.01–10 depending on evolutionary state."
Boesky_sigma_30_RMP_R,https://arxiv.org/pdf/2405.01623,2024,COMPAS,COMP,SSE,$\sigma = 30$,rapid SN,$\alpha = 0.5$,,BO24,30,30,Hobbs 2005,0.5,αCE varies per model; Nanjing λ; pessimistic CE (HG donors fail); COMPAS,thermal,specific AM of accreting star (Soberman et al. 1997),pessimistic,standard,Nanjing,F12 rapid,Fryer 2012 rapid http://adsabs.harvard.edu/abs/2012ApJ...749...91F,fit based on Marchant et al. (2019),zeta prescription,non-conservative MT mass lost with specific orbital AM of accreting star (Soberman et al. 1997),TRUE,1,"Nanjing prescription: λ computed from polynomial fits to stellar structure as function of stellar type, mass, and radius (Xu & Li 2010a,b; Dominik et al. 2012). Includes internal energy (αth contribution). λ varies from ~0.01–10 depending on evolutionary state."
Boesky_sigma_265_RMP_D,https://arxiv.org/pdf/2405.01623,2024,COMPAS,COMP,SSE,$\sigma = 265$,delayed SN,$\alpha = 0.5$,,BO24,265,30,Hobbs 2005,0.5,αCE varies per model; Nanjing λ; pessimistic CE (HG donors fail); COMPAS,thermal,specific AM of accreting star (Soberman et al. 1997),pessimistic,standard,Nanjing,F12 delayed,Fryer 2012 delayed http://adsabs.harvard.edu/abs/2012ApJ...749...91F,fit based on Marchant et al. (2019),zeta prescription,non-conservative MT mass lost with specific orbital AM of accreting star (Soberman et al. 1997),TRUE,1,"Nanjing prescription: λ computed from polynomial fits to stellar structure as function of stellar type, mass, and radius (Xu & Li 2010a,b; Dominik et al. 2012). Includes internal energy (αth contribution). λ varies from ~0.01–10 depending on evolutionary state."
Boesky_sigma_265_RMP_M,https://arxiv.org/pdf/2405.01623,2024,COMPAS,COMP,SSE,$\sigma = 265$,MM SN,$\alpha = 0.5$,,BO24,265,30,Hobbs 2005,0.5,αCE varies per model; Nanjing λ; pessimistic CE (HG donors fail); COMPAS,thermal,specific AM of accreting star (Soberman et al. 1997),pessimistic,standard,Nanjing,MM SN,Mandel and Muller 2022,fit based on Marchant et al. (2019),zeta prescription,non-conservative MT mass lost with specific orbital AM of accreting star (Soberman et al. 1997),TRUE,1,"Nanjing prescription: λ computed from polynomial fits to stellar structure as function of stellar type, mass, and radius (Xu & Li 2010a,b; Dominik et al. 2012). Includes internal energy (αth contribution). λ varies from ~0.01–10 depending on evolutionary state."
Boesky_sigma_265_RMP_R,https://arxiv.org/pdf/2405.01623,2024,COMPAS,COMP,SSE,$\sigma = 265$,rapid SN,$\alpha = 0.5$,,BO24,265,30,Hobbs 2005,0.5,αCE varies per model; Nanjing λ; pessimistic CE (HG donors fail); COMPAS,thermal,specific AM of accreting star (Soberman et al. 1997),pessimistic,standard,Nanjing,F12 rapid,Fryer 2012 rapid http://adsabs.harvard.edu/abs/2012ApJ...749...91F,fit based on Marchant et al. (2019),zeta prescription,non-conservative MT mass lost with specific orbital AM of accreting star (Soberman et al. 1997),TRUE,1,"Nanjing prescription: λ computed from polynomial fits to stellar structure as function of stellar type, mass, and radius (Xu & Li 2010a,b; Dominik et al. 2012). Includes internal energy (αth contribution). λ varies from ~0.01–10 depending on evolutionary state."
Boesky_sigma_750_RMP_D,https://arxiv.org/pdf/2405.01623,2024,COMPAS,COMP,SSE,$\sigma = 750$,delayed SN,$\alpha = 0.5$,,BO24,750,30,Hobbs 2005,0.5,αCE varies per model; Nanjing λ; pessimistic CE (HG donors fail); COMPAS,thermal,specific AM of accreting star (Soberman et al. 1997),pessimistic,standard,Nanjing,F12 delayed,Fryer 2012 delayed http://adsabs.harvard.edu/abs/2012ApJ...749...91F,fit based on Marchant et al. (2019),zeta prescription,non-conservative MT mass lost with specific orbital AM of accreting star (Soberman et al. 1997),TRUE,1,"Nanjing prescription: λ computed from polynomial fits to stellar structure as function of stellar type, mass, and radius (Xu & Li 2010a,b; Dominik et al. 2012). Includes internal energy (αth contribution). λ varies from ~0.01–10 depending on evolutionary state."
Boesky_sigma_750_RMP_M,https://arxiv.org/pdf/2405.01623,2024,COMPAS,COMP,SSE,$\sigma = 750$,MM SN,$\alpha = 0.5$,,BO24,750,30,Hobbs 2005,0.5,αCE varies per model; Nanjing λ; pessimistic CE (HG donors fail); COMPAS,thermal,specific AM of accreting star (Soberman et al. 1997),pessimistic,standard,Nanjing,MM SN,Mandel and Muller 2022,fit based on Marchant et al. (2019),zeta prescription,non-conservative MT mass lost with specific orbital AM of accreting star (Soberman et al. 1997),TRUE,1,"Nanjing prescription: λ computed from polynomial fits to stellar structure as function of stellar type, mass, and radius (Xu & Li 2010a,b; Dominik et al. 2012). Includes internal energy (αth contribution). λ varies from ~0.01–10 depending on evolutionary state."
Boesky_sigma_750_RMP_R,https://arxiv.org/pdf/2405.01623,2024,COMPAS,COMP,SSE,$\sigma = 750$,rapid SN,$\alpha = 0.5$,,BO24,750,30,Hobbs 2005,0.5,αCE varies per model; Nanjing λ; pessimistic CE (HG donors fail); COMPAS,thermal,specific AM of accreting star (Soberman et al. 1997),pessimistic,standard,Nanjing,F12 rapid,Fryer 2012 rapid http://adsabs.harvard.edu/abs/2012ApJ...749...91F,fit based on Marchant et al. (2019),zeta prescription,non-conservative MT mass lost with specific orbital AM of accreting star (Soberman et al. 1997),TRUE,1,"Nanjing prescription: λ computed from polynomial fits to stellar structure as function of stellar type, mass, and radius (Xu & Li 2010a,b; Dominik et al. 2012). Includes internal energy (αth contribution). λ varies from ~0.01–10 depending on evolutionary state."
Pellouin25,https://ui.adsabs.harvard.edu/abs/2025A%26A...693A.283P/abstract,2025,COSMIC,COSM,SSE,fiducial,,,,PE25,265,20,Hobbs 2005 (CCSN σ=265); σ=20 km/s for ECSN/USSN/AIC (Giacobbo & Mapelli 2020),1,Fragos et al. (2019); no external energy terms,-1,-2,pessimistic,standard,variable (Claeys et al. 2014),F12 rapid,Fryer 2012 rapid + Giacobbo & Mapelli (2020) updates; creates NS-BH mass gap,pisn=-2 (default BSE treatment),"qcrit (qcflag=5, Neijssel et al. 2019)","xi=0.5, gamma=-2; Bondi-Hoyle accretion",TRUE (acc2=1.5),0.5,"Variable λ from Claeys et al. (2014): λ depends on stellar type and evolutionary state, based on fits from de Kool (1990) and Hurley et al. (2002). No recombination energy included (αth=0). E_bind = G M_env M / (λ R)."
R25-A-Fiducial,https://arxiv.org/abs/2410.17315,2025,StarTrack,STarT,SSE,fiducial,,,,RO25,265,265,Hobbs 2005,1,αCE=1.0; standard Webbink 1984 energy formalism; pessimistic CE (HG donors fail); StarTrack,0.5,specific AM of accretor (Belczynski et al. 2008 / StarTrack),pessimistic,standard,Nanjing,F12 delayed,Fryer 2012 delayed http://adsabs.harvard.edu/abs/2012ApJ...749...91F,Farmer et al. (2019),Belczynski et al. (2008) / StarTrack zeta prescription,specific AM of accretor (Belczynski et al. 2008),TRUE,1,"Nanjing-style prescription: λ from polynomial fits to stellar structure (Dominik et al. 2012; Xu & Li 2010a,b), same framework as COMPAS. Binding energy E_bind = G M_env M / (λ R). Internal energy partially included via αth parameter."
R25-B-RMAX,https://arxiv.org/abs/2410.17315,2025,StarTrack,StarT,SSE,Rmax,,,,RO25,265,265,Hobbs 2005,1,αCE=1.0; standard Webbink 1984 energy formalism; pessimistic CE (HG donors fail); StarTrack,0.5,specific AM of accretor (Belczynski et al. 2008 / StarTrack),pessimistic,standard,Nanjing,F12 delayed,Fryer 2012 delayed http://adsabs.harvard.edu/abs/2012ApJ...749...91F,Farmer et al. (2019),Belczynski et al. (2008) / StarTrack zeta prescription,specific AM of accretor (Belczynski et al. 2008),TRUE,1,"Nanjing-style prescription: λ from polynomial fits to stellar structure (Dominik et al. 2012; Xu & Li 2010a,b), same framework as COMPAS. Binding energy E_bind = G M_env M / (λ R). Internal energy partially included via αth parameter."
R25-C-Conv_ML1.5,https://arxiv.org/abs/2410.17315,2025,StarTrack,StarT,SSE,$T_{eff}$-K,,,,RO25,265,265,Hobbs 2005,1,αCE=1.0; standard Webbink 1984 energy formalism; pessimistic CE (HG donors fail); StarTrack,0.5,specific AM of accretor (Belczynski et al. 2008 / StarTrack),pessimistic,standard,Nanjing,F12 delayed,Fryer 2012 delayed http://adsabs.harvard.edu/abs/2012ApJ...749...91F,Farmer et al. (2019),Belczynski et al. (2008) / StarTrack zeta prescription,specific AM of accretor (Belczynski et al. 2008),TRUE,1,"Nanjing-style prescription: λ from polynomial fits to stellar structure (Dominik et al. 2012; Xu & Li 2010a,b), same framework as COMPAS. Binding energy E_bind = G M_env M / (λ R). Internal energy partially included via αth parameter."
R25-D-Conv_ML1.5_RMAX,https://arxiv.org/abs/2410.17315,2025,StarTrack,StarT,SSE,$T_{eff}$-K,Rmax,,,RO25,265,265,Hobbs 2005,1,αCE=1.0; standard Webbink 1984 energy formalism; pessimistic CE (HG donors fail); StarTrack,0.5,specific AM of accretor (Belczynski et al. 2008 / StarTrack),pessimistic,standard,Nanjing,F12 delayed,Fryer 2012 delayed http://adsabs.harvard.edu/abs/2012ApJ...749...91F,Farmer et al. (2019),Belczynski et al. (2008) / StarTrack zeta prescription,specific AM of accretor (Belczynski et al. 2008),TRUE,1,"Nanjing-style prescription: λ from polynomial fits to stellar structure (Dominik et al. 2012; Xu & Li 2010a,b), same framework as COMPAS. Binding energy E_bind = G M_env M / (λ R). Internal energy partially included via αth parameter."
R25-E-Conv_ML1.82_MLTpp,https://arxiv.org/abs/2410.17315,2025,StarTrack,STarT,SSE,$T_{eff}$-MESA,,,,RO25,265,265,Hobbs 2005,1,αCE=1.0; standard Webbink 1984 energy formalism; pessimistic CE (HG donors fail); StarTrack,0.5,specific AM of accretor (Belczynski et al. 2008 / StarTrack),pessimistic,standard,Nanjing,F12 delayed,Fryer 2012 delayed http://adsabs.harvard.edu/abs/2012ApJ...749...91F,Farmer et al. (2019),Belczynski et al. (2008) / StarTrack zeta prescription,specific AM of accretor (Belczynski et al. 2008),TRUE,1,"Nanjing-style prescription: λ from polynomial fits to stellar structure (Dominik et al. 2012; Xu & Li 2010a,b), same framework as COMPAS. Binding energy E_bind = G M_env M / (λ R). Internal energy partially included via αth parameter."
R25-E-Conv_ML1.82_MLTpp_RMAX,https://arxiv.org/abs/2410.17315,2025,StarTrack,StarT,SSE,$T_{eff}$-MESA,Rmax,,,RO25,265,265,Hobbs 2005,1,αCE=1.0; standard Webbink 1984 energy formalism; pessimistic CE (HG donors fail); StarTrack,0.5,specific AM of accretor (Belczynski et al. 2008 / StarTrack),pessimistic,standard,Nanjing,F12 delayed,Fryer 2012 delayed http://adsabs.harvard.edu/abs/2012ApJ...749...91F,Farmer et al. (2019),Belczynski et al. (2008) / StarTrack zeta prescription,specific AM of accretor (Belczynski et al. 2008),TRUE,1,"Nanjing-style prescription: λ from polynomial fits to stellar structure (Dominik et al. 2012; Xu & Li 2010a,b), same framework as COMPAS. Binding energy E_bind = G M_env M / (λ R). Internal energy partially included via αth parameter."
R23-A-Fiducial,https://arxiv.org/pdf/2211.15800,2023,StarTrack,StarT,SSE,fiducial,,,,RO23,265,265,Hobbs 2005,1,αCE=1.0; standard Webbink 1984 energy formalism; pessimistic CE (HG donors fail); StarTrack,0.5,specific AM of accretor (Belczynski et al. 2008 / StarTrack),pessimistic,standard,Nanjing,F12 delayed,Fryer 2012 delayed http://adsabs.harvard.edu/abs/2012ApJ...749...91F,Farmer et al. (2019),Belczynski et al. (2008) / StarTrack zeta prescription,specific AM of accretor (Belczynski et al. 2008),TRUE,1,"Nanjing-style prescription: λ from polynomial fits to stellar structure (Dominik et al. 2012; Xu & Li 2010a,b), same framework as COMPAS. Binding energy E_bind = G M_env M / (λ R). Internal energy partially included via αth parameter."
R23-B-RMAX2,https://arxiv.org/pdf/2211.15800,2023,StarTrack,StarT,SSE,Rmax METISSE BOOST,,,,RO23,265,265,Hobbs 2005,1,αCE=1.0; standard Webbink 1984 energy formalism; pessimistic CE (HG donors fail); StarTrack,0.5,specific AM of accretor (Belczynski et al. 2008 / StarTrack),pessimistic,standard,Nanjing,F12 delayed,Fryer 2012 delayed http://adsabs.harvard.edu/abs/2012ApJ...749...91F,Farmer et al. (2019),Belczynski et al. (2008) / StarTrack zeta prescription,specific AM of accretor (Belczynski et al. 2008),TRUE,1,"Nanjing-style prescription: λ from polynomial fits to stellar structure (Dominik et al. 2012; Xu & Li 2010a,b), same framework as COMPAS. Binding energy E_bind = G M_env M / (λ R). Internal energy partially included via αth parameter."
R23-C-RMAX3,https://arxiv.org/pdf/2211.15800,2023,StarTrack,StarT,SSE,Rmax METISSE MESA,,,,RO23,265,265,Hobbs 2005,1,αCE=1.0; standard Webbink 1984 energy formalism; pessimistic CE (HG donors fail); StarTrack,0.5,specific AM of accretor (Belczynski et al. 2008 / StarTrack),pessimistic,standard,Nanjing,F12 delayed,Fryer 2012 delayed http://adsabs.harvard.edu/abs/2012ApJ...749...91F,Farmer et al. (2019),Belczynski et al. (2008) / StarTrack zeta prescription,specific AM of accretor (Belczynski et al. 2008),TRUE,1,"Nanjing-style prescription: λ from polynomial fits to stellar structure (Dominik et al. 2012; Xu & Li 2010a,b), same framework as COMPAS. Binding energy E_bind = G M_env M / (λ R). Internal energy partially included via αth parameter."
R23-D-RMAX4,https://arxiv.org/pdf/2211.15800,2023,StarTrack,STarT,SSE,Rmax MESA MLT+++,,,,RO23,265,265,Hobbs 2005,1,αCE=1.0; standard Webbink 1984 energy formalism; pessimistic CE (HG donors fail); StarTrack,0.5,specific AM of accretor (Belczynski et al. 2008 / StarTrack),pessimistic,standard,Nanjing,F12 delayed,Fryer 2012 delayed http://adsabs.harvard.edu/abs/2012ApJ...749...91F,Farmer et al. (2019),Belczynski et al. (2008) / StarTrack zeta prescription,specific AM of accretor (Belczynski et al. 2008),TRUE,1,"Nanjing-style prescription: λ from polynomial fits to stellar structure (Dominik et al. 2012; Xu & Li 2010a,b), same framework as COMPAS. Binding energy E_bind = G M_env M / (λ R). Internal energy partially included via αth parameter."
R23-E-RMAX4B,https://arxiv.org/pdf/2211.15800,2023,StarTrack,StarT,SSE,Rmax MESA no MLT++,,,,RO23,265,265,Hobbs 2005,1,αCE=1.0; standard Webbink 1984 energy formalism; pessimistic CE (HG donors fail); StarTrack,0.5,specific AM of accretor (Belczynski et al. 2008 / StarTrack),pessimistic,standard,Nanjing,F12 delayed,Fryer 2012 delayed http://adsabs.harvard.edu/abs/2012ApJ...749...91F,Farmer et al. (2019),Belczynski et al. (2008) / StarTrack zeta prescription,specific AM of accretor (Belczynski et al. 2008),TRUE,1,"Nanjing-style prescription: λ from polynomial fits to stellar structure (Dominik et al. 2012; Xu & Li 2010a,b), same framework as COMPAS. Binding energy E_bind = G M_env M / (λ R). Internal energy partially included via αth parameter."
Xing24_fiducial,https://arxiv.org/pdf/2410.20415,2024,POSYDON,POSY,MESA,fiducial,,,,Xing24,265,30,Hobbs 2005,1,αCE varies per model; pessimistic CE; POSYDON v2 MESA grids; Fragos et al. 2023,non-conservative (Eddington-limited onto BH),specific AM of accreting star (Hurley 2002 prescription in POSYDON),pessimistic,standard,Nanjing,delayed,Fryer 2012 delayed http://adsabs.harvard.edu/abs/2012ApJ...749...91F,Farmer et al. (2019),POSYDON detailed MT stability (MESA grids),Hurley (2002) AM of accretor,TRUE,1,"Nanjing prescription: λ from polynomial fits to stellar structure (Xu & Li 2010a,b; Dominik et al. 2012), same as COMPAS. Binding energy E_bind = G M_env M / (λ R). λ varies with stellar type and evolutionary state."
Xing24_alpha_2,https://arxiv.org/pdf/2410.20415,2024,POSYDON,POSY,MESA,$\alpha = 2$,,,,Xing24,265,30,Hobbs 2005,2,αCE varies per model; pessimistic CE; POSYDON v2 MESA grids; Fragos et al. 2023,non-conservative (Eddington-limited onto BH),specific AM of accreting star (Hurley 2002 prescription in POSYDON),pessimistic,standard,Nanjing,delayed,Fryer 2012 delayed http://adsabs.harvard.edu/abs/2012ApJ...749...91F,Farmer et al. (2019),POSYDON detailed MT stability (MESA grids),Hurley (2002) AM of accretor,TRUE,1,"Nanjing prescription: λ from polynomial fits to stellar structure (Xu & Li 2010a,b; Dominik et al. 2012), same as COMPAS. Binding energy E_bind = G M_env M / (λ R). λ varies with stellar type and evolutionary state."
Xing24_sigma_150,https://arxiv.org/pdf/2410.20415,2024,POSYDON,POSY,MESA,$\sigma = 150$,,,,Xing24,150,30,Hobbs 2005,1,αCE varies per model; pessimistic CE; POSYDON v2 MESA grids; Fragos et al. 2023,non-conservative (Eddington-limited onto BH),specific AM of accreting star (Hurley 2002 prescription in POSYDON),pessimistic,standard,Nanjing,delayed,Fryer 2012 delayed http://adsabs.harvard.edu/abs/2012ApJ...749...91F,Farmer et al. (2019),POSYDON detailed MT stability (MESA grids),Hurley (2002) AM of accretor,TRUE,1,"Nanjing prescription: λ from polynomial fits to stellar structure (Xu & Li 2010a,b; Dominik et al. 2012), same as COMPAS. Binding energy E_bind = G M_env M / (λ R). λ varies with stellar type and evolutionary state."
Xing24_sigma_61_6,https://arxiv.org/pdf/2410.20415,2024,POSYDON,POSY,MESA,$\sigma = 62$,,,,Xing24,61.6,30,Hobbs 2005,1,αCE varies per model; pessimistic CE; POSYDON v2 MESA grids; Fragos et al. 2023,non-conservative (Eddington-limited onto BH),specific AM of accreting star (Hurley 2002 prescription in POSYDON),pessimistic,standard,Nanjing,delayed,Fryer 2012 delayed http://adsabs.harvard.edu/abs/2012ApJ...749...91F,Farmer et al. (2019),POSYDON detailed MT stability (MESA grids),Hurley (2002) AM of accretor,TRUE,1,"Nanjing prescription: λ from polynomial fits to stellar structure (Xu & Li 2010a,b; Dominik et al. 2012), same as COMPAS. Binding energy E_bind = G M_env M / (λ R). λ varies with stellar type and evolutionary state."
Hendriks23,https://arxiv.org/pdf/2309.09339,2023,binary c,binaryc,SSE,fiducial,,,,Hen23,265,30,Hobbs 2005,1,αCE=1.0; standard CE energy formalism; binary_c (Izzard et al. 2004) defaults,non-conservative (Eddington-limited onto BH),specific AM of accretor (binary_c / Hurley et al. 2002 default),pessimistic,standard,variable (de Kool 1990 / Claeys et al. 2014),delayed,Fryer 2012 delayed http://adsabs.harvard.edu/abs/2012ApJ...749...91F,Farmer et al. (2019),$q_{\rm{c}}$,specific AM of accretor,TRUE,1,Variable λ from Claeys et al. (2014) / de Kool (1990): λ depends on stellar type and evolutionary state (Hurley et al. 2002 BSE framework). Binding energy E_bind = G M_env M / (λ R). λ typically ~0.5 for giant donors.
Li25-a,https://arxiv.org/abs/2510.08231v1,2025,MOBSE,MOBSE,SSE,fiducial,,,,Li25,265,30,Hobbs 2005,1,αCE varies; pessimistic CE (HG donors fail); MOBSE/BSE framework (Giacobbo & Mapelli 2018),non-conservative (Eddington-limited onto BH; 10x thermal rate for stellar accretor),-1,pessimistic,standard,"Nanjing (Dominik et al. 2012; Xu & Li 2010a,b)",F12 delayed,Fryer 2012 delayed http://adsabs.harvard.edu/abs/2012ApJ...749...91F,Farmer et al. (2019),$q_{\rm{c}}$,non-conservative MT mass lost with specific orbital AM of accreting star (Hurley et al. 2002),TRUE,1,Variable λ from Claeys et al. (2014) / de Kool (1990): λ depends on stellar type and evolutionary state (Hurley et al. 2002 BSE framework). Binding energy E_bind = G M_env M / (λ R). λ typically ~0.5 for giant donors.
Li25-b,https://arxiv.org/abs/2510.08231v1,2025,MOBSE,MOBSE,SSE,$\gamma = -2$,,,,Li25,265,30,Hobbs 2005,1,αCE varies; pessimistic CE (HG donors fail); MOBSE/BSE framework (Giacobbo & Mapelli 2018),non-conservative (Eddington-limited onto BH; 10x thermal rate for stellar accretor),-2,pessimistic,standard,"Nanjing (Dominik et al. 2012; Xu & Li 2010a,b)",F12 delayed,Fryer 2012 delayed http://adsabs.harvard.edu/abs/2012ApJ...749...91F,Farmer et al. (2019),$q_{\rm{c}}$,non-conservative MT mass lost with specific orbital AM of accreting star (Hurley et al. 2002),TRUE,1,Variable λ from Claeys et al. (2014) / de Kool (1990): λ depends on stellar type and evolutionary state (Hurley et al. 2002 BSE framework). Binding energy E_bind = G M_env M / (λ R). λ typically ~0.5 for giant donors.
Li25-c,https://arxiv.org/abs/2510.08231v1,2025,MOBSE,MOBSE,SSE,$\alpha = 0.5$,,,,Li25,265,30,Hobbs 2005,0.5,αCE varies; pessimistic CE (HG donors fail); MOBSE/BSE framework (Giacobbo & Mapelli 2018),non-conservative (Eddington-limited onto BH; 10x thermal rate for stellar accretor),-1,pessimistic,standard,"Nanjing (Dominik et al. 2012; Xu & Li 2010a,b)",F12 delayed,Fryer 2012 delayed http://adsabs.harvard.edu/abs/2012ApJ...749...91F,Farmer et al. (2019),$q_{\rm{c}}$,non-conservative MT mass lost with specific orbital AM of accreting star (Hurley et al. 2002),TRUE,1,Variable λ from Claeys et al. (2014) / de Kool (1990): λ depends on stellar type and evolutionary state (Hurley et al. 2002 BSE framework). Binding energy E_bind = G M_env M / (λ R). λ typically ~0.5 for giant donors.
Li25-d,https://arxiv.org/abs/2510.08231v1,2025,MOBSE,MOBSE,SSE,$\alpha = 2$,,,,Li25,265,30,Hobbs 2005,2,αCE varies; pessimistic CE (HG donors fail); MOBSE/BSE framework (Giacobbo & Mapelli 2018),non-conservative (Eddington-limited onto BH; 10x thermal rate for stellar accretor),-1,pessimistic,standard,"Nanjing (Dominik et al. 2012; Xu & Li 2010a,b)",F12 delayed,Fryer 2012 delayed http://adsabs.harvard.edu/abs/2012ApJ...749...91F,Farmer et al. (2019),$q_{\rm{c}}$,non-conservative MT mass lost with specific orbital AM of accreting star (Hurley et al. 2002),TRUE,1,Variable λ from Claeys et al. (2014) / de Kool (1990): λ depends on stellar type and evolutionary state (Hurley et al. 2002 BSE framework). Binding energy E_bind = G M_env M / (λ R). λ typically ~0.5 for giant donors.
Li25-e,https://arxiv.org/abs/2510.08231v1,2025,MOBSE,MOBSE,SSE,$f_{WR} = 0.5$,,,,Li25,265,30,Hobbs 2005,1,αCE varies; pessimistic CE (HG donors fail); MOBSE/BSE framework (Giacobbo & Mapelli 2018),non-conservative (Eddington-limited onto BH; 10x thermal rate for stellar accretor),-1,pessimistic,standard,"Nanjing (Dominik et al. 2012; Xu & Li 2010a,b)",F12 delayed,Fryer 2012 delayed http://adsabs.harvard.edu/abs/2012ApJ...749...91F,Farmer et al. (2019),$q_{\rm{c}}$,non-conservative MT mass lost with specific orbital AM of accreting star (Hurley et al. 2002),TRUE,0.5,Variable λ from Claeys et al. (2014) / de Kool (1990): λ depends on stellar type and evolutionary state (Hurley et al. 2002 BSE framework). Binding energy E_bind = G M_env M / (λ R). λ typically ~0.5 for giant donors.
Li25-f,https://arxiv.org/abs/2510.08231v1,2025,MOBSE,MOBSE,SSE,$f_{WR} = 2$,,,,Li25,265,30,Hobbs 2005,1,αCE varies; pessimistic CE (HG donors fail); MOBSE/BSE framework (Giacobbo & Mapelli 2018),non-conservative (Eddington-limited onto BH; 10x thermal rate for stellar accretor),-1,pessimistic,standard,"Nanjing (Dominik et al. 2012; Xu & Li 2010a,b)",F12 delayed,Fryer 2012 delayed http://adsabs.harvard.edu/abs/2012ApJ...749...91F,Farmer et al. (2019),$q_{\rm{c}}$,non-conservative MT mass lost with specific orbital AM of accreting star (Hurley et al. 2002),TRUE,2,Variable λ from Claeys et al. (2014) / de Kool (1990): λ depends on stellar type and evolutionary state (Hurley et al. 2002 BSE framework). Binding energy E_bind = G M_env M / (λ R). λ typically ~0.5 for giant donors.
Li25-g,https://arxiv.org/abs/2510.08231v1,2025,MOBSE,MOBSE,SSE,$\sigma = 45$,,,,Li25,45,30,Hobbs 2005,1,αCE varies; pessimistic CE (HG donors fail); MOBSE/BSE framework (Giacobbo & Mapelli 2018),non-conservative (Eddington-limited onto BH; 10x thermal rate for stellar accretor),-1,pessimistic,standard,"Nanjing (Dominik et al. 2012; Xu & Li 2010a,b)",F12 delayed,Fryer 2012 delayed http://adsabs.harvard.edu/abs/2012ApJ...749...91F,Farmer et al. (2019),$q_{\rm{c}}$,non-conservative MT mass lost with specific orbital AM of accreting star (Hurley et al. 2002),TRUE,1,Variable λ from Claeys et al. (2014) / de Kool (1990): λ depends on stellar type and evolutionary state (Hurley et al. 2002 BSE framework). Binding energy E_bind = G M_env M / (λ R). λ typically ~0.5 for giant donors.
Li25-h,https://arxiv.org/abs/2510.08231v1,2025,MOBSE,MOBSE,SSE,$\sigma = 750$,,,,Li25,750,30,Hobbs 2005,1,αCE varies; pessimistic CE (HG donors fail); MOBSE/BSE framework (Giacobbo & Mapelli 2018),non-conservative (Eddington-limited onto BH),-1,pessimistic,standard,Nanjing,F12 delayed,Fryer 2012 delayed http://adsabs.harvard.edu/abs/2012ApJ...749...91F,Farmer et al. (2019),$q_{\rm{c}}$,specific AM of accretor (Hurley et al. 2002),TRUE,1,Variable λ from Claeys et al. (2014) / de Kool (1990): λ depends on stellar type and evolutionary state (Hurley et al. 2002 BSE framework). Binding energy E_bind = G M_env M / (λ R). λ typically ~0.5 for giant donors.
Li25-i,https://arxiv.org/abs/2510.08231v1,2025,MOBSE,MOBSE,SSE,$q_{\rm{c}}$ Ge,,,,Li25,265,30,Hobbs 2005,1,αCE varies; pessimistic CE (HG donors fail); MOBSE/BSE framework (Giacobbo & Mapelli 2018),non-conservative (Eddington-limited onto BH),-1,pessimistic,standard,Nanjing,F12 delayed,Fryer 2012 delayed http://adsabs.harvard.edu/abs/2012ApJ...749...91F,Farmer et al. (2019),$q_{\rm{c}}$ Ge,specific AM of accretor (Hurley et al. 2002),TRUE,1,Variable λ from Claeys et al. (2014) / de Kool (1990): λ depends on stellar type and evolutionary state (Hurley et al. 2002 BSE framework). Binding energy E_bind = G M_env M / (λ R). λ typically ~0.5 for giant donors.
Sgalletta_alpha_1,https://www.aanda.org/articles/aa/pdf/2025/06/aa52757-24.pdf,2025,SEVN,SEVN,PARSEC,fiducial,,,,Sg25,265,7.48,GM20 prescription,1,αCE varies; pessimistic CE; SEVN+PARSEC; Giacobbo & Mapelli (2020) kick prescription,non-conservative (Eddington-limited onto BH),specific AM of accreting star (SEVN / Hurley et al. 2002 base),pessimistic,standard,variable (Claeys et al. 2014),F12 delayed,Fryer 2012 delayed http://adsabs.harvard.edu/abs/2012ApJ...749...91F,Farmer et al. (2019),qcrit prescription (Neijssel et al. 2019),specific AM of accretor,TRUE,1,"Variable λ from Claeys et al. (2014): λ depends on stellar type and evolutionary state, following BSE/Hurley et al. (2002) framework as implemented in SEVN (Spera et al. 2019; Mapelli et al. 2020). E_bind = G M_env M / (λ R)."
Sgalletta_alpha_0_5,https://www.aanda.org/articles/aa/pdf/2025/06/aa52757-24.pdf,2025,SEVN,SEVN,PARSEC,$\alpha = 0.5$,,,,Sg25,265,7.48,GM20 prescription,0.5,αCE varies; pessimistic CE; SEVN+PARSEC; Giacobbo & Mapelli (2020) kick prescription,non-conservative (Eddington-limited onto BH),specific AM of accreting star (SEVN / Hurley et al. 2002 base),pessimistic,standard,variable (Claeys et al. 2014),F12 delayed,Fryer 2012 delayed http://adsabs.harvard.edu/abs/2012ApJ...749...91F,Farmer et al. (2019),qcrit prescription (Neijssel et al. 2019),specific AM of accretor,TRUE,1,"Variable λ from Claeys et al. (2014): λ depends on stellar type and evolutionary state, following BSE/Hurley et al. (2002) framework as implemented in SEVN (Spera et al. 2019; Mapelli et al. 2020). E_bind = G M_env M / (λ R)."
Sgalletta_alpha_3,https://www.aanda.org/articles/aa/pdf/2025/06/aa52757-24.pdf,2025,SEVN,SEVN,PARSEC,$\alpha = 3$,,,,Sg25,265,7.48,GM20 prescription,3,αCE varies; pessimistic CE; SEVN+PARSEC; Giacobbo & Mapelli (2020) kick prescription,non-conservative (Eddington-limited onto BH),specific AM of accreting star (SEVN / Hurley et al. 2002 base),pessimistic,standard,variable (Claeys et al. 2014),F12 delayed,Fryer 2012 delayed http://adsabs.harvard.edu/abs/2012ApJ...749...91F,Farmer et al. (2019),qcrit prescription (Neijssel et al. 2019),specific AM of accretor,TRUE,1,"Variable λ from Claeys et al. (2014): λ depends on stellar type and evolutionary state, following BSE/Hurley et al. (2002) framework as implemented in SEVN (Spera et al. 2019; Mapelli et al. 2020). E_bind = G M_env M / (λ R)."
Sgalletta_alpha_5,https://www.aanda.org/articles/aa/pdf/2025/06/aa52757-24.pdf,2025,SEVN,SEVN,PARSEC,$\alpha = 5$,,,,Sg25,265,7.48,GM20 prescription,5,αCE varies; pessimistic CE; SEVN+PARSEC; Giacobbo & Mapelli (2020) kick prescription,non-conservative (Eddington-limited onto BH),specific AM of accreting star (SEVN / Hurley et al. 2002 base),pessimistic,standard,variable (Claeys et al. 2014),F12 delayed,Fryer 2012 delayed http://adsabs.harvard.edu/abs/2012ApJ...749...91F,Farmer et al. (2019),qcrit prescription (Neijssel et al. 2019),specific AM of accretor,TRUE,1,"Variable λ from Claeys et al. (2014): λ depends on stellar type and evolutionary state, following BSE/Hurley et al. (2002) framework as implemented in SEVN (Spera et al. 2019; Mapelli et al. 2020). E_bind = G M_env M / (λ R)."
ShaoLi_rapid,https://ui.adsabs.harvard.edu/abs/2021ApJ...920...81S/abstract,2021,BSE,BSE,SSE,rapid SN,,,,SL21,265,265,Hobbs 2005,1,αCE=1.0; standard CE energy formalism; BSE (Hurley et al. 2002) framework,0.5,specific AM of accretor (isotropic re-emission; Soberman et al. 1997),pessimistic,standard,variable (Claeys et al. 2014),F12 rapid,Fryer 2012 rapid,Farmer et al. (2019),zeta prescription (BSE / Hurley et al. 2002),isotropic re-emission (Soberman et al. 1997),TRUE,1,Variable λ from Claeys et al. (2014) / de Kool (1990): λ depends on stellar type and evolutionary state (Hurley et al. 2002 BSE framework). Binding energy E_bind = G M_env M / (λ R). λ typically ~0.5 for giant donors.
ShaoLi_delayed,https://ui.adsabs.harvard.edu/abs/2021ApJ...920...81S/abstract,2021,BSE,BSE,SSE,delayed SN,,,,SL21,265,265,Hobbs 2005,1,αCE=1.0; standard CE energy formalism; BSE (Hurley et al. 2002) framework,0.5,specific AM of accretor (isotropic re-emission; Soberman et al. 1997),pessimistic,standard,variable (Claeys et al. 2014),F12 delayed,Fryer 2012 delayed,Farmer et al. (2019),zeta prescription (BSE / Hurley et al. 2002),isotropic re-emission (Soberman et al. 1997),TRUE,1,Variable λ from Claeys et al. (2014) / de Kool (1990): λ depends on stellar type and evolutionary state (Hurley et al. 2002 BSE framework). Binding energy E_bind = G M_env M / (λ R). λ typically ~0.5 for giant donors.
ShaoLi_stochastic,https://ui.adsabs.harvard.edu/abs/2021ApJ...920...81S/abstract,2021,BSE,BSE,SSE,MM SN,,,,SL21,265,265,Hobbs 2005,1,αCE=1.0; standard CE energy formalism; BSE (Hurley et al. 2002) framework,0.5,specific AM of accretor (isotropic re-emission; Soberman et al. 1997),pessimistic,standard,variable (Claeys et al. 2014),"MM SN (stochastic, Mandel & Müller 2016)",Mandel & Müller (2016) stochastic,Farmer et al. (2019),zeta prescription (BSE / Hurley et al. 2002),isotropic re-emission (Soberman et al. 1997),TRUE,1,Variable λ from Claeys et al. (2014) / de Kool (1990): λ depends on stellar type and evolutionary state (Hurley et al. 2002 BSE framework). Binding energy E_bind = G M_env M / (λ R). λ typically ~0.5 for giant donors.
R25-A-Fiducial_Optimistic,not used,2025,StarTrack,StarT,SSE,fiducial,opt CE,,,RO25,265,265,Hobbs 2005,1,αCE=1.0; optimistic CE (HG donors survive); StarTrack Webbink 1984 energy formalism,0.5,specific AM of accretor (Belczynski et al. 2008 / StarTrack),optimistic,standard,Nanjing (Dominik et al. 2012),F12 delayed,Fryer 2012 delayed http://adsabs.harvard.edu/abs/2012ApJ...749...91F,Farmer et al. (2019),Belczynski et al. (2008) / StarTrack zeta prescription,specific AM of accretor (Belczynski et al. 2008),TRUE,1,"Nanjing-style prescription: λ from polynomial fits to stellar structure (Dominik et al. 2012; Xu & Li 2010a,b), same framework as COMPAS. Binding energy E_bind = G M_env M / (λ R). Internal energy partially included via αth parameter."
R25-B-RMAX_Optimistic,not used,2025,StarTrack,StarT,SSE,Rmax,opt CE,,,RO25,265,265,Hobbs 2005,1,αCE=1.0; optimistic CE (HG donors survive); StarTrack Webbink 1984 energy formalism,0.5,specific AM of accretor (Belczynski et al. 2008 / StarTrack),optimistic,standard,Nanjing (Dominik et al. 2012),F12 delayed,Fryer 2012 delayed http://adsabs.harvard.edu/abs/2012ApJ...749...91F,Farmer et al. (2019),Belczynski et al. (2008) / StarTrack zeta prescription,specific AM of accretor (Belczynski et al. 2008),TRUE,1,"Nanjing-style prescription: λ from polynomial fits to stellar structure (Dominik et al. 2012; Xu & Li 2010a,b), same framework as COMPAS. Binding energy E_bind = G M_env M / (λ R). Internal energy partially included via αth parameter."
R23-A-Fiducial_Optimistic,not used,2023,StarTrack,StarT,SSE,fiducial,opt CE,,,RO23,265,265,Hobbs 2005,1,αCE=1.0; optimistic CE (HG donors survive); StarTrack Webbink 1984 energy formalism,0.5,specific AM of accretor (Belczynski et al. 2008 / StarTrack),optimistic,standard,Nanjing (Dominik et al. 2012),F12 delayed,Fryer 2012 delayed http://adsabs.harvard.edu/abs/2012ApJ...749...91F,Farmer et al. (2019),Belczynski et al. (2008) / StarTrack zeta prescription,specific AM of accretor (Belczynski et al. 2008),TRUE,1,"Nanjing-style prescription: λ from polynomial fits to stellar structure (Dominik et al. 2012; Xu & Li 2010a,b), same framework as COMPAS. Binding energy E_bind = G M_env M / (λ R). Internal energy partially included via αth parameter."
R23-B-RMAX2_Optimistic,not used,2023,StarTrack,StarT,SSE,Rmax MET,opt CE,,,RO23,265,265,Hobbs 2005,1,αCE=1.0; optimistic CE (HG donors survive); StarTrack Webbink 1984 energy formalism,0.5,specific AM of accretor (Belczynski et al. 2008 / StarTrack),optimistic,standard,Nanjing (Dominik et al. 2012),F12 delayed,Fryer 2012 delayed http://adsabs.harvard.edu/abs/2012ApJ...749...91F,Farmer et al. (2019),Belczynski et al. (2008) / StarTrack zeta prescription,specific AM of accretor (Belczynski et al. 2008),TRUE,1,"Nanjing-style prescription: λ from polynomial fits to stellar structure (Dominik et al. 2012; Xu & Li 2010a,b), same framework as COMPAS. Binding energy E_bind = G M_env M / (λ R). Internal energy partially included via αth parameter."
R23-C-RMAX3_Optimistic,not used,2023,StarTrack,StarT,SSE,Rmax MET,opt CE,,,RO23,265,265,Hobbs 2005,1,αCE=1.0; optimistic CE (HG donors survive); StarTrack Webbink 1984 energy formalism,0.5,specific AM of accretor (Belczynski et al. 2008 / StarTrack),optimistic,standard,Nanjing (Dominik et al. 2012),F12 delayed,Fryer 2012 delayed http://adsabs.harvard.edu/abs/2012ApJ...749...91F,Farmer et al. (2019),Belczynski et al. (2008) / StarTrack zeta prescription,specific AM of accretor (Belczynski et al. 2008),TRUE,1,"Nanjing-style prescription: λ from polynomial fits to stellar structure (Dominik et al. 2012; Xu & Li 2010a,b), same framework as COMPAS. Binding energy E_bind = G M_env M / (λ R). Internal energy partially included via αth parameter."
R23-D-RMAX4_Optimistic,not used,2023,StarTrack,StarT,SSE,Rmax MLT+++,opt CE,,,RO23,265,265,Hobbs 2005,1,αCE=1.0; optimistic CE (HG donors survive); StarTrack Webbink 1984,0.5,specific AM of accretor (Belczynski et al. 2008 / StarTrack),optimistic,standard,Nanjing,F12 delayed,Fryer 2012 delayed http://adsabs.harvard.edu/abs/2012ApJ...749...91F,Farmer et al. (2019),Belczynski et al. (2008) / StarTrack zeta prescription,specific AM of accretor (Belczynski et al. 2008),TRUE,1,"Nanjing-style prescription: λ from polynomial fits to stellar structure (Dominik et al. 2012; Xu & Li 2010a,b), same framework as COMPAS. Binding energy E_bind = G M_env M / (λ R). Internal energy partially included via αth parameter."
R23-E-RMAX4B_Optimistic,not used,2023,StarTrack,STarT,SSE,Rmax MESA,opt CE,,,RO23,265,265,Hobbs 2005,1,αCE=1.0; optimistic CE (HG donors survive); StarTrack Webbink 1984,0.5,specific AM of accretor (Belczynski et al. 2008 / StarTrack),optimistic,standard,Nanjing,F12 delayed,Fryer 2012 delayed http://adsabs.harvard.edu/abs/2012ApJ...749...91F,Farmer et al. (2019),Belczynski et al. (2008) / StarTrack zeta prescription,specific AM of accretor (Belczynski et al. 2008),TRUE,1,"Nanjing-style prescription: λ from polynomial fits to stellar structure (Dominik et al. 2012; Xu & Li 2010a,b), same framework as COMPAS. Binding energy E_bind = G M_env M / (λ R). Internal energy partially included via αth parameter."